ISO-10303-21;
HEADER;
/* Generated by software containing ST-Developer
 * from STEP Tools, Inc. (www.steptools.com) 
 */

FILE_DESCRIPTION(
/* description */ (''),
/* implementation_level */ '2;1');

FILE_NAME(
/* name */ 'interface v1.step',
/* time_stamp */ '2026-04-22T14:14:07-04:00',
/* author */ (''),
/* organization */ (''),
/* preprocessor_version */ 'ST-DEVELOPER v20.1',
/* originating_system */ 'Autodesk Translation Framework v14.24.0.0',
/* authorisation */ '');

FILE_SCHEMA (('AUTOMOTIVE_DESIGN { 1 0 10303 214 3 1 1 }'));
ENDSEC;

DATA;
#10=MECHANICAL_DESIGN_GEOMETRIC_PRESENTATION_REPRESENTATION('',(#272,#273,
#274,#275,#276,#277,#278,#279),#7057);
#11=ITEM_DEFINED_TRANSFORMATION($,$,#4203,#4546);
#12=ITEM_DEFINED_TRANSFORMATION($,$,#4210,#4547);
#13=ITEM_DEFINED_TRANSFORMATION($,$,#4210,#4548);
#14=ITEM_DEFINED_TRANSFORMATION($,$,#4210,#4549);
#15=ITEM_DEFINED_TRANSFORMATION($,$,#4210,#4550);
#16=ITEM_DEFINED_TRANSFORMATION($,$,#4210,#4551);
#17=ITEM_DEFINED_TRANSFORMATION($,$,#4210,#4552);
#18=ITEM_DEFINED_TRANSFORMATION($,$,#4210,#4553);
#19=ITEM_DEFINED_TRANSFORMATION($,$,#4210,#4554);
#20=ITEM_DEFINED_TRANSFORMATION($,$,#4333,#4555);
#21=ITEM_DEFINED_TRANSFORMATION($,$,#4371,#4556);
#22=ITEM_DEFINED_TRANSFORMATION($,$,#4409,#4557);
#23=ITEM_DEFINED_TRANSFORMATION($,$,#4447,#4558);
#24=ITEM_DEFINED_TRANSFORMATION($,$,#4470,#4559);
#25=ITEM_DEFINED_TRANSFORMATION($,$,#4519,#4560);
#26=(
REPRESENTATION_RELATIONSHIP($,$,#7096,#7095)
REPRESENTATION_RELATIONSHIP_WITH_TRANSFORMATION(#11)
SHAPE_REPRESENTATION_RELATIONSHIP()
);
#27=(
REPRESENTATION_RELATIONSHIP($,$,#7097,#7095)
REPRESENTATION_RELATIONSHIP_WITH_TRANSFORMATION(#12)
SHAPE_REPRESENTATION_RELATIONSHIP()
);
#28=(
REPRESENTATION_RELATIONSHIP($,$,#7097,#7095)
REPRESENTATION_RELATIONSHIP_WITH_TRANSFORMATION(#13)
SHAPE_REPRESENTATION_RELATIONSHIP()
);
#29=(
REPRESENTATION_RELATIONSHIP($,$,#7097,#7095)
REPRESENTATION_RELATIONSHIP_WITH_TRANSFORMATION(#14)
SHAPE_REPRESENTATION_RELATIONSHIP()
);
#30=(
REPRESENTATION_RELATIONSHIP($,$,#7097,#7095)
REPRESENTATION_RELATIONSHIP_WITH_TRANSFORMATION(#15)
SHAPE_REPRESENTATION_RELATIONSHIP()
);
#31=(
REPRESENTATION_RELATIONSHIP($,$,#7097,#7095)
REPRESENTATION_RELATIONSHIP_WITH_TRANSFORMATION(#16)
SHAPE_REPRESENTATION_RELATIONSHIP()
);
#32=(
REPRESENTATION_RELATIONSHIP($,$,#7097,#7095)
REPRESENTATION_RELATIONSHIP_WITH_TRANSFORMATION(#17)
SHAPE_REPRESENTATION_RELATIONSHIP()
);
#33=(
REPRESENTATION_RELATIONSHIP($,$,#7097,#7095)
REPRESENTATION_RELATIONSHIP_WITH_TRANSFORMATION(#18)
SHAPE_REPRESENTATION_RELATIONSHIP()
);
#34=(
REPRESENTATION_RELATIONSHIP($,$,#7097,#7095)
REPRESENTATION_RELATIONSHIP_WITH_TRANSFORMATION(#19)
SHAPE_REPRESENTATION_RELATIONSHIP()
);
#35=(
REPRESENTATION_RELATIONSHIP($,$,#7098,#7095)
REPRESENTATION_RELATIONSHIP_WITH_TRANSFORMATION(#20)
SHAPE_REPRESENTATION_RELATIONSHIP()
);
#36=(
REPRESENTATION_RELATIONSHIP($,$,#7099,#7095)
REPRESENTATION_RELATIONSHIP_WITH_TRANSFORMATION(#21)
SHAPE_REPRESENTATION_RELATIONSHIP()
);
#37=(
REPRESENTATION_RELATIONSHIP($,$,#7100,#7095)
REPRESENTATION_RELATIONSHIP_WITH_TRANSFORMATION(#22)
SHAPE_REPRESENTATION_RELATIONSHIP()
);
#38=(
REPRESENTATION_RELATIONSHIP($,$,#7101,#7095)
REPRESENTATION_RELATIONSHIP_WITH_TRANSFORMATION(#23)
SHAPE_REPRESENTATION_RELATIONSHIP()
);
#39=(
REPRESENTATION_RELATIONSHIP($,$,#7102,#7095)
REPRESENTATION_RELATIONSHIP_WITH_TRANSFORMATION(#24)
SHAPE_REPRESENTATION_RELATIONSHIP()
);
#40=(
REPRESENTATION_RELATIONSHIP($,$,#7103,#7095)
REPRESENTATION_RELATIONSHIP_WITH_TRANSFORMATION(#25)
SHAPE_REPRESENTATION_RELATIONSHIP()
);
#41=CONTEXT_DEPENDENT_SHAPE_REPRESENTATION(#26,#7080);
#42=CONTEXT_DEPENDENT_SHAPE_REPRESENTATION(#27,#7081);
#43=CONTEXT_DEPENDENT_SHAPE_REPRESENTATION(#28,#7082);
#44=CONTEXT_DEPENDENT_SHAPE_REPRESENTATION(#29,#7083);
#45=CONTEXT_DEPENDENT_SHAPE_REPRESENTATION(#30,#7084);
#46=CONTEXT_DEPENDENT_SHAPE_REPRESENTATION(#31,#7085);
#47=CONTEXT_DEPENDENT_SHAPE_REPRESENTATION(#32,#7086);
#48=CONTEXT_DEPENDENT_SHAPE_REPRESENTATION(#33,#7087);
#49=CONTEXT_DEPENDENT_SHAPE_REPRESENTATION(#34,#7088);
#50=CONTEXT_DEPENDENT_SHAPE_REPRESENTATION(#35,#7089);
#51=CONTEXT_DEPENDENT_SHAPE_REPRESENTATION(#36,#7090);
#52=CONTEXT_DEPENDENT_SHAPE_REPRESENTATION(#37,#7091);
#53=CONTEXT_DEPENDENT_SHAPE_REPRESENTATION(#38,#7092);
#54=CONTEXT_DEPENDENT_SHAPE_REPRESENTATION(#39,#7093);
#55=CONTEXT_DEPENDENT_SHAPE_REPRESENTATION(#40,#7094);
#56=NEXT_ASSEMBLY_USAGE_OCCURRENCE('Component1:1','Component1:1',
'Component1:1',#7105,#7106,'Component1:1');
#57=NEXT_ASSEMBLY_USAGE_OCCURRENCE('potentiometer v1:1',
'potentiometer v1:1','potentiometer v1:1',#7105,#7107,
'potentiometer v1:1');
#58=NEXT_ASSEMBLY_USAGE_OCCURRENCE('potentiometer v1:2',
'potentiometer v1:2','potentiometer v1:2',#7105,#7107,
'potentiometer v1:2');
#59=NEXT_ASSEMBLY_USAGE_OCCURRENCE('potentiometer v1:3',
'potentiometer v1:3','potentiometer v1:3',#7105,#7107,
'potentiometer v1:3');
#60=NEXT_ASSEMBLY_USAGE_OCCURRENCE('potentiometer v1:4',
'potentiometer v1:4','potentiometer v1:4',#7105,#7107,
'potentiometer v1:4');
#61=NEXT_ASSEMBLY_USAGE_OCCURRENCE('potentiometer v1:5',
'potentiometer v1:5','potentiometer v1:5',#7105,#7107,
'potentiometer v1:5');
#62=NEXT_ASSEMBLY_USAGE_OCCURRENCE('potentiometer v1:6',
'potentiometer v1:6','potentiometer v1:6',#7105,#7107,
'potentiometer v1:6');
#63=NEXT_ASSEMBLY_USAGE_OCCURRENCE('potentiometer v1:7',
'potentiometer v1:7','potentiometer v1:7',#7105,#7107,
'potentiometer v1:7');
#64=NEXT_ASSEMBLY_USAGE_OCCURRENCE('potentiometer v1:8',
'potentiometer v1:8','potentiometer v1:8',#7105,#7107,
'potentiometer v1:8');
#65=NEXT_ASSEMBLY_USAGE_OCCURRENCE('joystick v1:1','joystick v1:1',
'joystick v1:1',#7105,#7108,'joystick v1:1');
#66=NEXT_ASSEMBLY_USAGE_OCCURRENCE('on_off_switch v1:1',
'on_off_switch v1:1','on_off_switch v1:1',#7105,#7109,
'on_off_switch v1:1');
#67=NEXT_ASSEMBLY_USAGE_OCCURRENCE('analog switch v1:1',
'analog switch v1:1','analog switch v1:1',#7105,#7110,
'analog switch v1:1');
#68=NEXT_ASSEMBLY_USAGE_OCCURRENCE('guitar jack v1:1',
'guitar jack v1:1','guitar jack v1:1',#7105,#7111,'guitar jack v1:1');
#69=NEXT_ASSEMBLY_USAGE_OCCURRENCE('power port v1:1','power port v1:1',
'power port v1:1',#7105,#7112,'power port v1:1');
#70=NEXT_ASSEMBLY_USAGE_OCCURRENCE('ULCD screen v2:1',
'ULCD screen v2:1','ULCD screen v2:1',#7105,#7113,'ULCD screen v2:1');
#71=B_SPLINE_CURVE_WITH_KNOTS('',3,(#6227,#6228,#6229,#6230,#6231,#6232,
#6233,#6234,#6235,#6236,#6237,#6238,#6239,#6240),.UNSPECIFIED.,.F.,.F.,
(4,2,2,2,2,2,4),(0.,0.536311834590579,1.06269102149051,1.57565673086458,
1.88453431680993,2.07134906437396,2.11431198544637),.UNSPECIFIED.);
#72=B_SPLINE_CURVE_WITH_KNOTS('',3,(#6241,#6242,#6243,#6244,#6245,#6246,
#6247,#6248,#6249,#6250,#6251,#6252,#6253,#6254),.UNSPECIFIED.,.F.,.F.,
(4,2,2,2,2,2,4),(2.11431198544637,2.24191199315573,2.46593616123507,2.91746751484705,
3.36329474855182,3.8206271776322,4.22737293908049),.UNSPECIFIED.);
#73=B_SPLINE_CURVE_WITH_KNOTS('',3,(#6508,#6509,#6510,#6511,#6512,#6513,
#6514,#6515,#6516,#6517,#6518,#6519,#6520,#6521,#6522,#6523),
 .UNSPECIFIED.,.F.,.F.,(4,2,2,2,2,2,2,4),(-0.581232531295523,-0.473975371988996,
-0.236987685994499,-0.118493842997249,-0.059246921498624,-0.0296234607493124,
-0.0148117303746558,0.),.UNSPECIFIED.);
#74=B_SPLINE_CURVE_WITH_KNOTS('',3,(#6526,#6527,#6528,#6529,#6530,#6531,
#6532,#6533,#6534,#6535,#6536,#6537,#6538,#6539,#6540,#6541),
 .UNSPECIFIED.,.F.,.F.,(4,2,2,2,2,2,2,4),(0.,0.0148117303746562,0.0296234607493123,
0.0592469214986247,0.118493842997249,0.236987685994499,0.473975371988997,
0.581232531295524),.UNSPECIFIED.);
#75=B_SPLINE_CURVE_WITH_KNOTS('',3,(#6545,#6546,#6547,#6548,#6549,#6550,
#6551,#6552,#6553,#6554,#6555,#6556,#6557,#6558,#6559,#6560),
 .UNSPECIFIED.,.F.,.F.,(4,2,2,2,2,2,2,4),(2.92191078685438,2.93672251722904,
2.9515342476037,2.98115770835301,3.04040462985163,3.15889847284888,3.39588615884338,
3.50314331814991),.UNSPECIFIED.);
#76=B_SPLINE_CURVE_WITH_KNOTS('',3,(#6562,#6563,#6564,#6565,#6566,#6567,
#6568,#6569,#6570,#6571,#6572,#6573,#6574,#6575,#6576,#6577),
 .UNSPECIFIED.,.F.,.F.,(4,2,2,2,2,2,2,4),(2.34067825555886,2.44793541486539,
2.68492310085989,2.80341694385714,2.86266386535576,2.89228732610507,2.90709905647973,
2.92191078685438),.UNSPECIFIED.);
#77=B_SPLINE_CURVE_WITH_KNOTS('',3,(#6580,#6581,#6582,#6583,#6584,#6585,
#6586,#6587,#6588,#6589,#6590,#6591,#6592,#6593),.UNSPECIFIED.,.F.,.F.,
(4,2,2,2,2,2,4),(2.76401040562784,3.04390941792498,3.34817970281075,3.65244998769651,
3.95672027258228,4.26099055746805,4.54088956976519),.UNSPECIFIED.);
#78=B_SPLINE_CURVE_WITH_KNOTS('',3,(#6595,#6596,#6597,#6598,#6599,#6600,
#6601,#6602),.UNSPECIFIED.,.F.,.F.,(4,2,2,4),(1.21748332923217,1.52175361411794,
1.8260238990037,2.10592291130085),.UNSPECIFIED.);
#79=B_SPLINE_CURVE_WITH_KNOTS('',3,(#6603,#6604,#6605,#6606,#6607,#6608,
#6609,#6610),.UNSPECIFIED.,.F.,.F.,(4,2,2,4),(0.329043747163493,0.608942759460639,
0.913213044346405,1.21748332923217),.UNSPECIFIED.);
#80=(
BOUNDED_SURFACE()
B_SPLINE_SURFACE(2,2,((#6171,#6172,#6173,#6174,#6175,#6176,#6177,#6178,
#6179),(#6180,#6181,#6182,#6183,#6184,#6185,#6186,#6187,#6188),(#6189,#6190,
#6191,#6192,#6193,#6194,#6195,#6196,#6197)),.UNSPECIFIED.,.F.,.T.,.F.)
B_SPLINE_SURFACE_WITH_KNOTS((3,3),(3,2,2,2,3),(0.485444830855933,1.28356924320176),
(-3.14159265358979,-1.5707963267949,0.,1.5707963267949,3.14159265358979),
 .UNSPECIFIED.)
GEOMETRIC_REPRESENTATION_ITEM()
RATIONAL_B_SPLINE_SURFACE(((1.,0.707106781186548,1.,0.707106781186548,1.,
0.707106781186548,1.,0.707106781186548,1.),(0.921425783050065,0.651546419554826,
0.921425783050065,0.651546419554826,0.921425783050065,0.651546419554826,
0.921425783050065,0.651546419554826,0.921425783050065),(1.,0.707106781186548,
1.,0.707106781186548,1.,0.707106781186548,1.,0.707106781186548,1.)))
REPRESENTATION_ITEM('')
SURFACE()
);
#81=(
BOUNDED_SURFACE()
B_SPLINE_SURFACE(2,2,((#6205,#6206,#6207,#6208,#6209,#6210,#6211),(#6212,
#6213,#6214,#6215,#6216,#6217,#6218),(#6219,#6220,#6221,#6222,#6223,#6224,
#6225)),.UNSPECIFIED.,.F.,.F.,.F.)
B_SPLINE_SURFACE_WITH_KNOTS((3,3),(3,2,2,3),(0.411456237842266,0.451313397466779),
(-1.58005571008585,-0.526685236695284,0.526685236695283,1.58005571008585),
 .UNSPECIFIED.)
GEOMETRIC_REPRESENTATION_ITEM()
RATIONAL_B_SPLINE_SURFACE(((1.,0.864478050705586,1.,0.864478050705586,1.,
0.864478050705586,1.),(0.999801432425195,0.864306393395585,0.999801432425195,
0.864306393395585,0.999801432425195,0.864306393395585,0.999801432425195),
(1.,0.864478050705586,1.,0.864478050705586,1.,0.864478050705586,1.)))
REPRESENTATION_ITEM('')
SURFACE()
);
#82=FACE_BOUND('',#616,.T.);
#83=FACE_BOUND('',#623,.T.);
#84=FACE_BOUND('',#628,.T.);
#85=FACE_BOUND('',#638,.T.);
#86=FACE_BOUND('',#639,.T.);
#87=FACE_BOUND('',#640,.T.);
#88=FACE_BOUND('',#641,.T.);
#89=FACE_BOUND('',#642,.T.);
#90=FACE_BOUND('',#644,.T.);
#91=FACE_BOUND('',#645,.T.);
#92=FACE_BOUND('',#646,.T.);
#93=FACE_BOUND('',#647,.T.);
#94=FACE_BOUND('',#678,.T.);
#95=FACE_BOUND('',#682,.T.);
#96=FACE_BOUND('',#687,.T.);
#97=FACE_BOUND('',#694,.T.);
#98=FACE_BOUND('',#714,.T.);
#99=FACE_BOUND('',#715,.T.);
#100=FACE_BOUND('',#716,.T.);
#101=FACE_BOUND('',#722,.T.);
#102=FACE_BOUND('',#731,.T.);
#103=FACE_BOUND('',#733,.T.);
#104=FACE_BOUND('',#742,.T.);
#105=FACE_BOUND('',#758,.T.);
#106=FACE_BOUND('',#759,.T.);
#107=FACE_BOUND('',#761,.T.);
#108=FACE_BOUND('',#774,.T.);
#109=FACE_BOUND('',#775,.T.);
#110=FACE_BOUND('',#776,.T.);
#111=FACE_BOUND('',#777,.T.);
#112=FACE_BOUND('',#779,.T.);
#113=FACE_BOUND('',#780,.T.);
#114=FACE_BOUND('',#786,.T.);
#115=FACE_BOUND('',#787,.T.);
#116=CYLINDRICAL_SURFACE('',#4320,3.35);
#117=CYLINDRICAL_SURFACE('',#4328,8.24);
#118=CYLINDRICAL_SURFACE('',#4342,4.00000005960464);
#119=CYLINDRICAL_SURFACE('',#4346,6.50000005960464);
#120=CYLINDRICAL_SURFACE('',#4349,13.5);
#121=CYLINDRICAL_SURFACE('',#4353,1.6);
#122=CYLINDRICAL_SURFACE('',#4356,1.6);
#123=CYLINDRICAL_SURFACE('',#4359,1.6);
#124=CYLINDRICAL_SURFACE('',#4362,1.6);
#125=CYLINDRICAL_SURFACE('',#4376,22.0240377459948);
#126=CYLINDRICAL_SURFACE('',#4379,10.3268411091746);
#127=CYLINDRICAL_SURFACE('',#4410,8.92479261892229);
#128=CYLINDRICAL_SURFACE('',#4411,8.92479261892229);
#129=CYLINDRICAL_SURFACE('',#4412,22.0833336624007);
#130=CYLINDRICAL_SURFACE('',#4417,8.);
#131=CYLINDRICAL_SURFACE('',#4442,8.);
#132=CYLINDRICAL_SURFACE('',#4443,11.275);
#133=CYLINDRICAL_SURFACE('',#4444,10.175);
#134=CYLINDRICAL_SURFACE('',#4450,5.38816402126627);
#135=CYLINDRICAL_SURFACE('',#4454,5.35);
#136=CYLINDRICAL_SURFACE('',#4459,3.99999991059304);
#137=CYLINDRICAL_SURFACE('',#4465,7.5);
#138=CYLINDRICAL_SURFACE('',#4472,5.);
#139=CYLINDRICAL_SURFACE('',#4477,5.);
#140=CYLINDRICAL_SURFACE('',#4491,1.8);
#141=CYLINDRICAL_SURFACE('',#4494,1.8);
#142=CYLINDRICAL_SURFACE('',#4496,5.);
#143=CYLINDRICAL_SURFACE('',#4499,5.);
#144=CYLINDRICAL_SURFACE('',#4502,5.00000000000001);
#145=CYLINDRICAL_SURFACE('',#4506,5.);
#146=CYLINDRICAL_SURFACE('',#4510,5.);
#147=CYLINDRICAL_SURFACE('',#4514,4.99999999999999);
#148=CYLINDRICAL_SURFACE('',#4520,0.999999999999996);
#149=CYLINDRICAL_SURFACE('',#4523,1.);
#150=CYLINDRICAL_SURFACE('',#4526,0.999999999999996);
#151=CYLINDRICAL_SURFACE('',#4529,1.);
#152=CIRCLE('',#4214,3.35);
#153=CIRCLE('',#4218,3.35);
#154=CIRCLE('',#4222,3.35);
#155=CIRCLE('',#4226,3.35);
#156=CIRCLE('',#4230,3.35);
#157=CIRCLE('',#4234,3.35);
#158=CIRCLE('',#4238,3.35);
#159=CIRCLE('',#4242,3.35);
#160=CIRCLE('',#4246,3.35);
#161=CIRCLE('',#4250,3.35);
#162=CIRCLE('',#4254,3.35);
#163=CIRCLE('',#4258,3.35);
#164=CIRCLE('',#4262,3.35);
#165=CIRCLE('',#4263,3.35);
#166=CIRCLE('',#4267,3.35);
#167=CIRCLE('',#4271,3.35);
#168=CIRCLE('',#4275,3.35);
#169=CIRCLE('',#4279,3.35);
#170=CIRCLE('',#4283,3.35);
#171=CIRCLE('',#4287,3.35);
#172=CIRCLE('',#4291,3.35);
#173=CIRCLE('',#4295,3.35);
#174=CIRCLE('',#4299,3.35);
#175=CIRCLE('',#4303,3.35);
#176=CIRCLE('',#4307,3.35);
#177=CIRCLE('',#4311,3.35);
#178=CIRCLE('',#4315,3.35);
#179=CIRCLE('',#4319,3.35);
#180=CIRCLE('',#4321,3.35);
#181=CIRCLE('',#4327,8.24);
#182=CIRCLE('',#4329,8.24);
#183=CIRCLE('',#4330,8.24);
#184=CIRCLE('',#4335,13.5);
#185=CIRCLE('',#4336,13.5);
#186=CIRCLE('',#4337,13.5);
#187=CIRCLE('',#4338,4.00000005960464);
#188=CIRCLE('',#4339,15.0020832624641);
#189=CIRCLE('',#4340,13.0188546427075);
#190=CIRCLE('',#4341,4.00000005960464);
#191=CIRCLE('',#4343,4.00000005960464);
#192=CIRCLE('',#4345,6.50000005960464);
#193=CIRCLE('',#4347,6.50000005960464);
#194=CIRCLE('',#4350,13.5);
#195=CIRCLE('',#4351,13.5);
#196=CIRCLE('',#4354,1.6);
#197=CIRCLE('',#4355,1.6);
#198=CIRCLE('',#4357,1.6);
#199=CIRCLE('',#4358,1.6);
#200=CIRCLE('',#4360,1.6);
#201=CIRCLE('',#4361,1.6);
#202=CIRCLE('',#4363,1.6);
#203=CIRCLE('',#4364,1.6);
#204=CIRCLE('',#4377,22.0240377459948);
#205=CIRCLE('',#4378,22.0240377459948);
#206=CIRCLE('',#4380,10.3268411091746);
#207=CIRCLE('',#4381,10.3268411091746);
#208=CIRCLE('',#4414,11.275);
#209=CIRCLE('',#4415,8.);
#210=CIRCLE('',#4416,8.);
#211=CIRCLE('',#4422,10.175);
#212=CIRCLE('',#4424,11.275);
#213=CIRCLE('',#4425,10.175);
#214=CIRCLE('',#4426,10.175);
#215=CIRCLE('',#4445,10.175);
#216=CIRCLE('',#4449,3.99999991059304);
#217=CIRCLE('',#4451,5.38816402126627);
#218=CIRCLE('',#4452,5.38816402126627);
#219=CIRCLE('',#4455,5.35);
#220=CIRCLE('',#4456,5.35);
#221=CIRCLE('',#4458,3.99999991059304);
#222=CIRCLE('',#4466,7.5);
#223=CIRCLE('',#4467,7.5);
#224=CIRCLE('',#4473,5.);
#225=CIRCLE('',#4474,5.);
#226=CIRCLE('',#4478,5.);
#227=CIRCLE('',#4479,5.);
#228=CIRCLE('',#4482,5.);
#229=CIRCLE('',#4483,5.00000000000001);
#230=CIRCLE('',#4484,5.);
#231=CIRCLE('',#4485,4.99999999999999);
#232=CIRCLE('',#4487,5.);
#233=CIRCLE('',#4488,4.99999999999999);
#234=CIRCLE('',#4489,5.);
#235=CIRCLE('',#4490,1.8);
#236=CIRCLE('',#4492,1.8);
#237=CIRCLE('',#4493,1.8);
#238=CIRCLE('',#4495,1.8);
#239=CIRCLE('',#4497,5.);
#240=CIRCLE('',#4500,5.);
#241=CIRCLE('',#4503,5.00000000000001);
#242=CIRCLE('',#4504,5.00000000000001);
#243=CIRCLE('',#4507,5.);
#244=CIRCLE('',#4508,5.);
#245=CIRCLE('',#4511,5.);
#246=CIRCLE('',#4512,5.);
#247=CIRCLE('',#4515,4.99999999999999);
#248=CIRCLE('',#4521,0.999999999999996);
#249=CIRCLE('',#4522,0.999999999999996);
#250=CIRCLE('',#4524,1.);
#251=CIRCLE('',#4525,1.);
#252=CIRCLE('',#4527,0.999999999999996);
#253=CIRCLE('',#4528,0.999999999999996);
#254=CIRCLE('',#4530,1.);
#255=CIRCLE('',#4531,1.);
#256=SHAPE_REPRESENTATION_RELATIONSHIP('SRR','None',#7096,#264);
#257=SHAPE_REPRESENTATION_RELATIONSHIP('SRR','None',#7097,#265);
#258=SHAPE_REPRESENTATION_RELATIONSHIP('SRR','None',#7098,#266);
#259=SHAPE_REPRESENTATION_RELATIONSHIP('SRR','None',#7099,#267);
#260=SHAPE_REPRESENTATION_RELATIONSHIP('SRR','None',#7100,#268);
#261=SHAPE_REPRESENTATION_RELATIONSHIP('SRR','None',#7101,#269);
#262=SHAPE_REPRESENTATION_RELATIONSHIP('SRR','None',#7102,#270);
#263=SHAPE_REPRESENTATION_RELATIONSHIP('SRR','None',#7103,#271);
#264=ADVANCED_BREP_SHAPE_REPRESENTATION('',(#280),#7049);
#265=ADVANCED_BREP_SHAPE_REPRESENTATION('',(#281),#7050);
#266=ADVANCED_BREP_SHAPE_REPRESENTATION('',(#282),#7051);
#267=ADVANCED_BREP_SHAPE_REPRESENTATION('',(#283),#7052);
#268=ADVANCED_BREP_SHAPE_REPRESENTATION('',(#284),#7053);
#269=ADVANCED_BREP_SHAPE_REPRESENTATION('',(#285),#7054);
#270=ADVANCED_BREP_SHAPE_REPRESENTATION('',(#286),#7055);
#271=ADVANCED_BREP_SHAPE_REPRESENTATION('',(#287),#7056);
#272=STYLED_ITEM('',(#7144),#280);
#273=STYLED_ITEM('',(#7144),#281);
#274=STYLED_ITEM('',(#7144),#282);
#275=STYLED_ITEM('',(#7144),#283);
#276=STYLED_ITEM('',(#7144),#284);
#277=STYLED_ITEM('',(#7144),#285);
#278=STYLED_ITEM('',(#7144),#286);
#279=STYLED_ITEM('',(#7144),#287);
#280=MANIFOLD_SOLID_BREP('Body1',#4105);
#281=MANIFOLD_SOLID_BREP('Body1',#4106);
#282=MANIFOLD_SOLID_BREP('Body1',#4107);
#283=MANIFOLD_SOLID_BREP('Body1',#4108);
#284=MANIFOLD_SOLID_BREP('Body1',#4109);
#285=MANIFOLD_SOLID_BREP('Body1',#4110);
#286=MANIFOLD_SOLID_BREP('Body1',#4111);
#287=MANIFOLD_SOLID_BREP('Body1',#4112);
#288=FACE_OUTER_BOUND('',#521,.T.);
#289=FACE_OUTER_BOUND('',#522,.T.);
#290=FACE_OUTER_BOUND('',#523,.T.);
#291=FACE_OUTER_BOUND('',#524,.T.);
#292=FACE_OUTER_BOUND('',#525,.T.);
#293=FACE_OUTER_BOUND('',#526,.T.);
#294=FACE_OUTER_BOUND('',#527,.T.);
#295=FACE_OUTER_BOUND('',#528,.T.);
#296=FACE_OUTER_BOUND('',#529,.T.);
#297=FACE_OUTER_BOUND('',#530,.T.);
#298=FACE_OUTER_BOUND('',#531,.T.);
#299=FACE_OUTER_BOUND('',#532,.T.);
#300=FACE_OUTER_BOUND('',#533,.T.);
#301=FACE_OUTER_BOUND('',#534,.T.);
#302=FACE_OUTER_BOUND('',#535,.T.);
#303=FACE_OUTER_BOUND('',#536,.T.);
#304=FACE_OUTER_BOUND('',#537,.T.);
#305=FACE_OUTER_BOUND('',#538,.T.);
#306=FACE_OUTER_BOUND('',#539,.T.);
#307=FACE_OUTER_BOUND('',#540,.T.);
#308=FACE_OUTER_BOUND('',#541,.T.);
#309=FACE_OUTER_BOUND('',#542,.T.);
#310=FACE_OUTER_BOUND('',#543,.T.);
#311=FACE_OUTER_BOUND('',#544,.T.);
#312=FACE_OUTER_BOUND('',#545,.T.);
#313=FACE_OUTER_BOUND('',#546,.T.);
#314=FACE_OUTER_BOUND('',#547,.T.);
#315=FACE_OUTER_BOUND('',#548,.T.);
#316=FACE_OUTER_BOUND('',#549,.T.);
#317=FACE_OUTER_BOUND('',#550,.T.);
#318=FACE_OUTER_BOUND('',#551,.T.);
#319=FACE_OUTER_BOUND('',#552,.T.);
#320=FACE_OUTER_BOUND('',#553,.T.);
#321=FACE_OUTER_BOUND('',#554,.T.);
#322=FACE_OUTER_BOUND('',#555,.T.);
#323=FACE_OUTER_BOUND('',#556,.T.);
#324=FACE_OUTER_BOUND('',#557,.T.);
#325=FACE_OUTER_BOUND('',#558,.T.);
#326=FACE_OUTER_BOUND('',#559,.T.);
#327=FACE_OUTER_BOUND('',#560,.T.);
#328=FACE_OUTER_BOUND('',#561,.T.);
#329=FACE_OUTER_BOUND('',#562,.T.);
#330=FACE_OUTER_BOUND('',#563,.T.);
#331=FACE_OUTER_BOUND('',#564,.T.);
#332=FACE_OUTER_BOUND('',#565,.T.);
#333=FACE_OUTER_BOUND('',#566,.T.);
#334=FACE_OUTER_BOUND('',#567,.T.);
#335=FACE_OUTER_BOUND('',#568,.T.);
#336=FACE_OUTER_BOUND('',#569,.T.);
#337=FACE_OUTER_BOUND('',#570,.T.);
#338=FACE_OUTER_BOUND('',#571,.T.);
#339=FACE_OUTER_BOUND('',#572,.T.);
#340=FACE_OUTER_BOUND('',#573,.T.);
#341=FACE_OUTER_BOUND('',#574,.T.);
#342=FACE_OUTER_BOUND('',#575,.T.);
#343=FACE_OUTER_BOUND('',#576,.T.);
#344=FACE_OUTER_BOUND('',#577,.T.);
#345=FACE_OUTER_BOUND('',#578,.T.);
#346=FACE_OUTER_BOUND('',#579,.T.);
#347=FACE_OUTER_BOUND('',#580,.T.);
#348=FACE_OUTER_BOUND('',#581,.T.);
#349=FACE_OUTER_BOUND('',#582,.T.);
#350=FACE_OUTER_BOUND('',#583,.T.);
#351=FACE_OUTER_BOUND('',#584,.T.);
#352=FACE_OUTER_BOUND('',#585,.T.);
#353=FACE_OUTER_BOUND('',#586,.T.);
#354=FACE_OUTER_BOUND('',#587,.T.);
#355=FACE_OUTER_BOUND('',#588,.T.);
#356=FACE_OUTER_BOUND('',#589,.T.);
#357=FACE_OUTER_BOUND('',#590,.T.);
#358=FACE_OUTER_BOUND('',#591,.T.);
#359=FACE_OUTER_BOUND('',#592,.T.);
#360=FACE_OUTER_BOUND('',#593,.T.);
#361=FACE_OUTER_BOUND('',#594,.T.);
#362=FACE_OUTER_BOUND('',#595,.T.);
#363=FACE_OUTER_BOUND('',#596,.T.);
#364=FACE_OUTER_BOUND('',#597,.T.);
#365=FACE_OUTER_BOUND('',#598,.T.);
#366=FACE_OUTER_BOUND('',#599,.T.);
#367=FACE_OUTER_BOUND('',#600,.T.);
#368=FACE_OUTER_BOUND('',#601,.T.);
#369=FACE_OUTER_BOUND('',#602,.T.);
#370=FACE_OUTER_BOUND('',#603,.T.);
#371=FACE_OUTER_BOUND('',#604,.T.);
#372=FACE_OUTER_BOUND('',#605,.T.);
#373=FACE_OUTER_BOUND('',#606,.T.);
#374=FACE_OUTER_BOUND('',#607,.T.);
#375=FACE_OUTER_BOUND('',#608,.T.);
#376=FACE_OUTER_BOUND('',#609,.T.);
#377=FACE_OUTER_BOUND('',#610,.T.);
#378=FACE_OUTER_BOUND('',#611,.T.);
#379=FACE_OUTER_BOUND('',#612,.T.);
#380=FACE_OUTER_BOUND('',#613,.T.);
#381=FACE_OUTER_BOUND('',#614,.T.);
#382=FACE_OUTER_BOUND('',#615,.T.);
#383=FACE_OUTER_BOUND('',#617,.T.);
#384=FACE_OUTER_BOUND('',#618,.T.);
#385=FACE_OUTER_BOUND('',#619,.T.);
#386=FACE_OUTER_BOUND('',#620,.T.);
#387=FACE_OUTER_BOUND('',#621,.T.);
#388=FACE_OUTER_BOUND('',#622,.T.);
#389=FACE_OUTER_BOUND('',#624,.T.);
#390=FACE_OUTER_BOUND('',#625,.T.);
#391=FACE_OUTER_BOUND('',#626,.T.);
#392=FACE_OUTER_BOUND('',#627,.T.);
#393=FACE_OUTER_BOUND('',#629,.T.);
#394=FACE_OUTER_BOUND('',#630,.T.);
#395=FACE_OUTER_BOUND('',#631,.T.);
#396=FACE_OUTER_BOUND('',#632,.T.);
#397=FACE_OUTER_BOUND('',#633,.T.);
#398=FACE_OUTER_BOUND('',#634,.T.);
#399=FACE_OUTER_BOUND('',#635,.T.);
#400=FACE_OUTER_BOUND('',#636,.T.);
#401=FACE_OUTER_BOUND('',#637,.T.);
#402=FACE_OUTER_BOUND('',#643,.T.);
#403=FACE_OUTER_BOUND('',#648,.T.);
#404=FACE_OUTER_BOUND('',#649,.T.);
#405=FACE_OUTER_BOUND('',#650,.T.);
#406=FACE_OUTER_BOUND('',#651,.T.);
#407=FACE_OUTER_BOUND('',#652,.T.);
#408=FACE_OUTER_BOUND('',#653,.T.);
#409=FACE_OUTER_BOUND('',#654,.T.);
#410=FACE_OUTER_BOUND('',#655,.T.);
#411=FACE_OUTER_BOUND('',#656,.T.);
#412=FACE_OUTER_BOUND('',#657,.T.);
#413=FACE_OUTER_BOUND('',#658,.T.);
#414=FACE_OUTER_BOUND('',#659,.T.);
#415=FACE_OUTER_BOUND('',#660,.T.);
#416=FACE_OUTER_BOUND('',#661,.T.);
#417=FACE_OUTER_BOUND('',#662,.T.);
#418=FACE_OUTER_BOUND('',#663,.T.);
#419=FACE_OUTER_BOUND('',#664,.T.);
#420=FACE_OUTER_BOUND('',#665,.T.);
#421=FACE_OUTER_BOUND('',#666,.T.);
#422=FACE_OUTER_BOUND('',#667,.T.);
#423=FACE_OUTER_BOUND('',#668,.T.);
#424=FACE_OUTER_BOUND('',#669,.T.);
#425=FACE_OUTER_BOUND('',#670,.T.);
#426=FACE_OUTER_BOUND('',#671,.T.);
#427=FACE_OUTER_BOUND('',#672,.T.);
#428=FACE_OUTER_BOUND('',#673,.T.);
#429=FACE_OUTER_BOUND('',#674,.T.);
#430=FACE_OUTER_BOUND('',#675,.T.);
#431=FACE_OUTER_BOUND('',#676,.T.);
#432=FACE_OUTER_BOUND('',#677,.T.);
#433=FACE_OUTER_BOUND('',#679,.T.);
#434=FACE_OUTER_BOUND('',#680,.T.);
#435=FACE_OUTER_BOUND('',#681,.T.);
#436=FACE_OUTER_BOUND('',#683,.T.);
#437=FACE_OUTER_BOUND('',#684,.T.);
#438=FACE_OUTER_BOUND('',#685,.T.);
#439=FACE_OUTER_BOUND('',#686,.T.);
#440=FACE_OUTER_BOUND('',#688,.T.);
#441=FACE_OUTER_BOUND('',#689,.T.);
#442=FACE_OUTER_BOUND('',#690,.T.);
#443=FACE_OUTER_BOUND('',#691,.T.);
#444=FACE_OUTER_BOUND('',#692,.T.);
#445=FACE_OUTER_BOUND('',#693,.T.);
#446=FACE_OUTER_BOUND('',#695,.T.);
#447=FACE_OUTER_BOUND('',#696,.T.);
#448=FACE_OUTER_BOUND('',#697,.T.);
#449=FACE_OUTER_BOUND('',#698,.T.);
#450=FACE_OUTER_BOUND('',#699,.T.);
#451=FACE_OUTER_BOUND('',#700,.T.);
#452=FACE_OUTER_BOUND('',#701,.T.);
#453=FACE_OUTER_BOUND('',#702,.T.);
#454=FACE_OUTER_BOUND('',#703,.T.);
#455=FACE_OUTER_BOUND('',#704,.T.);
#456=FACE_OUTER_BOUND('',#705,.T.);
#457=FACE_OUTER_BOUND('',#706,.T.);
#458=FACE_OUTER_BOUND('',#707,.T.);
#459=FACE_OUTER_BOUND('',#708,.T.);
#460=FACE_OUTER_BOUND('',#709,.T.);
#461=FACE_OUTER_BOUND('',#710,.T.);
#462=FACE_OUTER_BOUND('',#711,.T.);
#463=FACE_OUTER_BOUND('',#712,.T.);
#464=FACE_OUTER_BOUND('',#713,.T.);
#465=FACE_OUTER_BOUND('',#717,.T.);
#466=FACE_OUTER_BOUND('',#718,.T.);
#467=FACE_OUTER_BOUND('',#719,.T.);
#468=FACE_OUTER_BOUND('',#720,.T.);
#469=FACE_OUTER_BOUND('',#721,.T.);
#470=FACE_OUTER_BOUND('',#723,.T.);
#471=FACE_OUTER_BOUND('',#724,.T.);
#472=FACE_OUTER_BOUND('',#725,.T.);
#473=FACE_OUTER_BOUND('',#726,.T.);
#474=FACE_OUTER_BOUND('',#727,.T.);
#475=FACE_OUTER_BOUND('',#728,.T.);
#476=FACE_OUTER_BOUND('',#729,.T.);
#477=FACE_OUTER_BOUND('',#730,.T.);
#478=FACE_OUTER_BOUND('',#732,.T.);
#479=FACE_OUTER_BOUND('',#734,.T.);
#480=FACE_OUTER_BOUND('',#735,.T.);
#481=FACE_OUTER_BOUND('',#736,.T.);
#482=FACE_OUTER_BOUND('',#737,.T.);
#483=FACE_OUTER_BOUND('',#738,.T.);
#484=FACE_OUTER_BOUND('',#739,.T.);
#485=FACE_OUTER_BOUND('',#740,.T.);
#486=FACE_OUTER_BOUND('',#741,.T.);
#487=FACE_OUTER_BOUND('',#743,.T.);
#488=FACE_OUTER_BOUND('',#744,.T.);
#489=FACE_OUTER_BOUND('',#745,.T.);
#490=FACE_OUTER_BOUND('',#746,.T.);
#491=FACE_OUTER_BOUND('',#747,.T.);
#492=FACE_OUTER_BOUND('',#748,.T.);
#493=FACE_OUTER_BOUND('',#749,.T.);
#494=FACE_OUTER_BOUND('',#750,.T.);
#495=FACE_OUTER_BOUND('',#751,.T.);
#496=FACE_OUTER_BOUND('',#752,.T.);
#497=FACE_OUTER_BOUND('',#753,.T.);
#498=FACE_OUTER_BOUND('',#754,.T.);
#499=FACE_OUTER_BOUND('',#755,.T.);
#500=FACE_OUTER_BOUND('',#756,.T.);
#501=FACE_OUTER_BOUND('',#757,.T.);
#502=FACE_OUTER_BOUND('',#760,.T.);
#503=FACE_OUTER_BOUND('',#762,.T.);
#504=FACE_OUTER_BOUND('',#763,.T.);
#505=FACE_OUTER_BOUND('',#764,.T.);
#506=FACE_OUTER_BOUND('',#765,.T.);
#507=FACE_OUTER_BOUND('',#766,.T.);
#508=FACE_OUTER_BOUND('',#767,.T.);
#509=FACE_OUTER_BOUND('',#768,.T.);
#510=FACE_OUTER_BOUND('',#769,.T.);
#511=FACE_OUTER_BOUND('',#770,.T.);
#512=FACE_OUTER_BOUND('',#771,.T.);
#513=FACE_OUTER_BOUND('',#772,.T.);
#514=FACE_OUTER_BOUND('',#773,.T.);
#515=FACE_OUTER_BOUND('',#778,.T.);
#516=FACE_OUTER_BOUND('',#781,.T.);
#517=FACE_OUTER_BOUND('',#782,.T.);
#518=FACE_OUTER_BOUND('',#783,.T.);
#519=FACE_OUTER_BOUND('',#784,.T.);
#520=FACE_OUTER_BOUND('',#785,.T.);
#521=EDGE_LOOP('',(#2571,#2572,#2573,#2574));
#522=EDGE_LOOP('',(#2575,#2576,#2577,#2578));
#523=EDGE_LOOP('',(#2579,#2580,#2581,#2582));
#524=EDGE_LOOP('',(#2583,#2584,#2585,#2586));
#525=EDGE_LOOP('',(#2587,#2588,#2589,#2590));
#526=EDGE_LOOP('',(#2591,#2592,#2593,#2594));
#527=EDGE_LOOP('',(#2595,#2596,#2597,#2598));
#528=EDGE_LOOP('',(#2599,#2600,#2601,#2602));
#529=EDGE_LOOP('',(#2603,#2604,#2605));
#530=EDGE_LOOP('',(#2606,#2607,#2608,#2609));
#531=EDGE_LOOP('',(#2610,#2611,#2612,#2613));
#532=EDGE_LOOP('',(#2614,#2615,#2616));
#533=EDGE_LOOP('',(#2617,#2618,#2619,#2620));
#534=EDGE_LOOP('',(#2621,#2622,#2623,#2624));
#535=EDGE_LOOP('',(#2625,#2626,#2627));
#536=EDGE_LOOP('',(#2628,#2629,#2630,#2631));
#537=EDGE_LOOP('',(#2632,#2633,#2634,#2635));
#538=EDGE_LOOP('',(#2636,#2637,#2638));
#539=EDGE_LOOP('',(#2639,#2640,#2641,#2642));
#540=EDGE_LOOP('',(#2643,#2644,#2645,#2646));
#541=EDGE_LOOP('',(#2647,#2648,#2649));
#542=EDGE_LOOP('',(#2650,#2651,#2652,#2653));
#543=EDGE_LOOP('',(#2654,#2655,#2656,#2657));
#544=EDGE_LOOP('',(#2658,#2659,#2660));
#545=EDGE_LOOP('',(#2661,#2662,#2663,#2664));
#546=EDGE_LOOP('',(#2665,#2666,#2667,#2668));
#547=EDGE_LOOP('',(#2669,#2670,#2671));
#548=EDGE_LOOP('',(#2672,#2673,#2674,#2675));
#549=EDGE_LOOP('',(#2676,#2677,#2678,#2679));
#550=EDGE_LOOP('',(#2680,#2681,#2682));
#551=EDGE_LOOP('',(#2683,#2684,#2685,#2686));
#552=EDGE_LOOP('',(#2687,#2688,#2689,#2690));
#553=EDGE_LOOP('',(#2691,#2692,#2693));
#554=EDGE_LOOP('',(#2694,#2695,#2696,#2697));
#555=EDGE_LOOP('',(#2698,#2699,#2700,#2701));
#556=EDGE_LOOP('',(#2702,#2703,#2704));
#557=EDGE_LOOP('',(#2705,#2706,#2707,#2708));
#558=EDGE_LOOP('',(#2709,#2710,#2711,#2712));
#559=EDGE_LOOP('',(#2713,#2714,#2715));
#560=EDGE_LOOP('',(#2716,#2717,#2718,#2719));
#561=EDGE_LOOP('',(#2720,#2721,#2722,#2723));
#562=EDGE_LOOP('',(#2724,#2725,#2726));
#563=EDGE_LOOP('',(#2727,#2728,#2729,#2730));
#564=EDGE_LOOP('',(#2731,#2732,#2733,#2734));
#565=EDGE_LOOP('',(#2735,#2736,#2737,#2738));
#566=EDGE_LOOP('',(#2739,#2740,#2741,#2742));
#567=EDGE_LOOP('',(#2743,#2744,#2745,#2746));
#568=EDGE_LOOP('',(#2747,#2748,#2749));
#569=EDGE_LOOP('',(#2750,#2751,#2752,#2753));
#570=EDGE_LOOP('',(#2754,#2755,#2756,#2757));
#571=EDGE_LOOP('',(#2758,#2759,#2760));
#572=EDGE_LOOP('',(#2761,#2762,#2763,#2764));
#573=EDGE_LOOP('',(#2765,#2766,#2767,#2768));
#574=EDGE_LOOP('',(#2769,#2770,#2771));
#575=EDGE_LOOP('',(#2772,#2773,#2774,#2775));
#576=EDGE_LOOP('',(#2776,#2777,#2778,#2779));
#577=EDGE_LOOP('',(#2780,#2781,#2782));
#578=EDGE_LOOP('',(#2783,#2784,#2785,#2786));
#579=EDGE_LOOP('',(#2787,#2788,#2789,#2790));
#580=EDGE_LOOP('',(#2791,#2792,#2793));
#581=EDGE_LOOP('',(#2794,#2795,#2796,#2797));
#582=EDGE_LOOP('',(#2798,#2799,#2800,#2801));
#583=EDGE_LOOP('',(#2802,#2803,#2804));
#584=EDGE_LOOP('',(#2805,#2806,#2807,#2808));
#585=EDGE_LOOP('',(#2809,#2810,#2811,#2812));
#586=EDGE_LOOP('',(#2813,#2814,#2815));
#587=EDGE_LOOP('',(#2816,#2817,#2818,#2819));
#588=EDGE_LOOP('',(#2820,#2821,#2822,#2823));
#589=EDGE_LOOP('',(#2824,#2825,#2826));
#590=EDGE_LOOP('',(#2827,#2828,#2829,#2830));
#591=EDGE_LOOP('',(#2831,#2832,#2833,#2834));
#592=EDGE_LOOP('',(#2835,#2836,#2837));
#593=EDGE_LOOP('',(#2838,#2839,#2840,#2841));
#594=EDGE_LOOP('',(#2842,#2843,#2844,#2845));
#595=EDGE_LOOP('',(#2846,#2847,#2848));
#596=EDGE_LOOP('',(#2849,#2850,#2851,#2852));
#597=EDGE_LOOP('',(#2853,#2854,#2855,#2856));
#598=EDGE_LOOP('',(#2857,#2858,#2859));
#599=EDGE_LOOP('',(#2860,#2861,#2862,#2863));
#600=EDGE_LOOP('',(#2864,#2865,#2866,#2867));
#601=EDGE_LOOP('',(#2868,#2869,#2870));
#602=EDGE_LOOP('',(#2871,#2872,#2873,#2874));
#603=EDGE_LOOP('',(#2875,#2876,#2877,#2878));
#604=EDGE_LOOP('',(#2879,#2880,#2881));
#605=EDGE_LOOP('',(#2882,#2883,#2884,#2885));
#606=EDGE_LOOP('',(#2886,#2887,#2888,#2889));
#607=EDGE_LOOP('',(#2890,#2891,#2892));
#608=EDGE_LOOP('',(#2893,#2894,#2895,#2896,#2897,#2898,#2899,#2900,#2901,
#2902,#2903,#2904,#2905,#2906,#2907,#2908,#2909,#2910,#2911,#2912,#2913,
#2914,#2915,#2916,#2917,#2918,#2919,#2920,#2921,#2922,#2923));
#609=EDGE_LOOP('',(#2924,#2925,#2926,#2927,#2928,#2929,#2930,#2931,#2932,
#2933,#2934,#2935,#2936,#2937,#2938,#2939,#2940,#2941,#2942,#2943,#2944,
#2945,#2946,#2947,#2948,#2949,#2950,#2951,#2952,#2953,#2954,#2955,#2956,
#2957,#2958,#2959,#2960,#2961,#2962,#2963,#2964,#2965,#2966,#2967,#2968,
#2969,#2970,#2971,#2972,#2973,#2974,#2975,#2976,#2977));
#610=EDGE_LOOP('',(#2978,#2979,#2980,#2981));
#611=EDGE_LOOP('',(#2982,#2983,#2984,#2985));
#612=EDGE_LOOP('',(#2986,#2987,#2988,#2989));
#613=EDGE_LOOP('',(#2990,#2991,#2992,#2993));
#614=EDGE_LOOP('',(#2994,#2995,#2996,#2997,#2998,#2999,#3000));
#615=EDGE_LOOP('',(#3001,#3002,#3003,#3004));
#616=EDGE_LOOP('',(#3005));
#617=EDGE_LOOP('',(#3006));
#618=EDGE_LOOP('',(#3007,#3008,#3009));
#619=EDGE_LOOP('',(#3010,#3011,#3012,#3013,#3014));
#620=EDGE_LOOP('',(#3015,#3016,#3017));
#621=EDGE_LOOP('',(#3018,#3019,#3020,#3021,#3022));
#622=EDGE_LOOP('',(#3023));
#623=EDGE_LOOP('',(#3024));
#624=EDGE_LOOP('',(#3025,#3026,#3027,#3028));
#625=EDGE_LOOP('',(#3029));
#626=EDGE_LOOP('',(#3030,#3031,#3032,#3033,#3034,#3035,#3036,#3037,#3038,
#3039));
#627=EDGE_LOOP('',(#3040));
#628=EDGE_LOOP('',(#3041));
#629=EDGE_LOOP('',(#3042,#3043,#3044,#3045));
#630=EDGE_LOOP('',(#3046,#3047,#3048,#3049));
#631=EDGE_LOOP('',(#3050,#3051,#3052,#3053));
#632=EDGE_LOOP('',(#3054,#3055,#3056,#3057));
#633=EDGE_LOOP('',(#3058,#3059,#3060,#3061));
#634=EDGE_LOOP('',(#3062,#3063,#3064,#3065));
#635=EDGE_LOOP('',(#3066,#3067,#3068,#3069));
#636=EDGE_LOOP('',(#3070,#3071,#3072,#3073));
#637=EDGE_LOOP('',(#3074,#3075,#3076,#3077));
#638=EDGE_LOOP('',(#3078));
#639=EDGE_LOOP('',(#3079));
#640=EDGE_LOOP('',(#3080));
#641=EDGE_LOOP('',(#3081));
#642=EDGE_LOOP('',(#3082));
#643=EDGE_LOOP('',(#3083,#3084,#3085,#3086));
#644=EDGE_LOOP('',(#3087));
#645=EDGE_LOOP('',(#3088));
#646=EDGE_LOOP('',(#3089));
#647=EDGE_LOOP('',(#3090));
#648=EDGE_LOOP('',(#3091,#3092,#3093,#3094));
#649=EDGE_LOOP('',(#3095,#3096,#3097,#3098));
#650=EDGE_LOOP('',(#3099,#3100,#3101,#3102));
#651=EDGE_LOOP('',(#3103,#3104,#3105,#3106));
#652=EDGE_LOOP('',(#3107,#3108,#3109,#3110));
#653=EDGE_LOOP('',(#3111,#3112,#3113,#3114));
#654=EDGE_LOOP('',(#3115,#3116,#3117,#3118));
#655=EDGE_LOOP('',(#3119,#3120,#3121,#3122,#3123));
#656=EDGE_LOOP('',(#3124,#3125,#3126,#3127,#3128));
#657=EDGE_LOOP('',(#3129,#3130,#3131,#3132));
#658=EDGE_LOOP('',(#3133,#3134,#3135,#3136));
#659=EDGE_LOOP('',(#3137,#3138,#3139,#3140));
#660=EDGE_LOOP('',(#3141,#3142,#3143,#3144));
#661=EDGE_LOOP('',(#3145,#3146,#3147,#3148));
#662=EDGE_LOOP('',(#3149,#3150,#3151,#3152));
#663=EDGE_LOOP('',(#3153,#3154,#3155,#3156));
#664=EDGE_LOOP('',(#3157,#3158,#3159,#3160));
#665=EDGE_LOOP('',(#3161,#3162,#3163,#3164));
#666=EDGE_LOOP('',(#3165,#3166,#3167,#3168));
#667=EDGE_LOOP('',(#3169,#3170,#3171,#3172));
#668=EDGE_LOOP('',(#3173,#3174,#3175,#3176));
#669=EDGE_LOOP('',(#3177,#3178,#3179,#3180));
#670=EDGE_LOOP('',(#3181,#3182,#3183,#3184,#3185,#3186,#3187,#3188));
#671=EDGE_LOOP('',(#3189,#3190,#3191,#3192));
#672=EDGE_LOOP('',(#3193,#3194,#3195,#3196));
#673=EDGE_LOOP('',(#3197,#3198,#3199,#3200));
#674=EDGE_LOOP('',(#3201,#3202,#3203,#3204,#3205,#3206,#3207,#3208));
#675=EDGE_LOOP('',(#3209,#3210,#3211,#3212));
#676=EDGE_LOOP('',(#3213,#3214,#3215,#3216));
#677=EDGE_LOOP('',(#3217,#3218,#3219,#3220));
#678=EDGE_LOOP('',(#3221,#3222,#3223,#3224,#3225,#3226,#3227,#3228,#3229,
#3230,#3231,#3232));
#679=EDGE_LOOP('',(#3233,#3234,#3235,#3236,#3237,#3238,#3239,#3240,#3241,
#3242,#3243,#3244));
#680=EDGE_LOOP('',(#3245,#3246,#3247,#3248,#3249,#3250,#3251,#3252,#3253,
#3254,#3255,#3256));
#681=EDGE_LOOP('',(#3257,#3258,#3259,#3260));
#682=EDGE_LOOP('',(#3261,#3262,#3263,#3264));
#683=EDGE_LOOP('',(#3265,#3266,#3267));
#684=EDGE_LOOP('',(#3268,#3269,#3270));
#685=EDGE_LOOP('',(#3271,#3272,#3273,#3274,#3275));
#686=EDGE_LOOP('',(#3276));
#687=EDGE_LOOP('',(#3277,#3278));
#688=EDGE_LOOP('',(#3279,#3280,#3281,#3282,#3283));
#689=EDGE_LOOP('',(#3284,#3285,#3286,#3287));
#690=EDGE_LOOP('',(#3288,#3289,#3290,#3291));
#691=EDGE_LOOP('',(#3292,#3293,#3294,#3295));
#692=EDGE_LOOP('',(#3296,#3297,#3298,#3299));
#693=EDGE_LOOP('',(#3300));
#694=EDGE_LOOP('',(#3301,#3302,#3303,#3304,#3305));
#695=EDGE_LOOP('',(#3306,#3307,#3308,#3309));
#696=EDGE_LOOP('',(#3310,#3311,#3312,#3313));
#697=EDGE_LOOP('',(#3314,#3315,#3316,#3317));
#698=EDGE_LOOP('',(#3318,#3319,#3320,#3321));
#699=EDGE_LOOP('',(#3322,#3323,#3324,#3325));
#700=EDGE_LOOP('',(#3326,#3327,#3328,#3329));
#701=EDGE_LOOP('',(#3330,#3331,#3332,#3333));
#702=EDGE_LOOP('',(#3334,#3335,#3336,#3337));
#703=EDGE_LOOP('',(#3338,#3339,#3340,#3341));
#704=EDGE_LOOP('',(#3342,#3343,#3344,#3345));
#705=EDGE_LOOP('',(#3346,#3347,#3348,#3349));
#706=EDGE_LOOP('',(#3350,#3351,#3352,#3353));
#707=EDGE_LOOP('',(#3354,#3355,#3356,#3357));
#708=EDGE_LOOP('',(#3358,#3359,#3360,#3361));
#709=EDGE_LOOP('',(#3362,#3363,#3364,#3365));
#710=EDGE_LOOP('',(#3366,#3367,#3368,#3369));
#711=EDGE_LOOP('',(#3370,#3371,#3372,#3373));
#712=EDGE_LOOP('',(#3374,#3375,#3376,#3377,#3378,#3379,#3380,#3381));
#713=EDGE_LOOP('',(#3382));
#714=EDGE_LOOP('',(#3383,#3384,#3385,#3386));
#715=EDGE_LOOP('',(#3387,#3388,#3389,#3390));
#716=EDGE_LOOP('',(#3391,#3392,#3393,#3394));
#717=EDGE_LOOP('',(#3395));
#718=EDGE_LOOP('',(#3396,#3397,#3398,#3399));
#719=EDGE_LOOP('',(#3400));
#720=EDGE_LOOP('',(#3401,#3402,#3403,#3404));
#721=EDGE_LOOP('',(#3405));
#722=EDGE_LOOP('',(#3406));
#723=EDGE_LOOP('',(#3407,#3408,#3409,#3410));
#724=EDGE_LOOP('',(#3411,#3412,#3413,#3414));
#725=EDGE_LOOP('',(#3415,#3416,#3417,#3418));
#726=EDGE_LOOP('',(#3419,#3420,#3421,#3422));
#727=EDGE_LOOP('',(#3423,#3424,#3425,#3426));
#728=EDGE_LOOP('',(#3427,#3428,#3429,#3430));
#729=EDGE_LOOP('',(#3431,#3432,#3433,#3434));
#730=EDGE_LOOP('',(#3435,#3436,#3437,#3438,#3439,#3440));
#731=EDGE_LOOP('',(#3441));
#732=EDGE_LOOP('',(#3442,#3443,#3444,#3445,#3446,#3447));
#733=EDGE_LOOP('',(#3448));
#734=EDGE_LOOP('',(#3449,#3450,#3451,#3452));
#735=EDGE_LOOP('',(#3453,#3454,#3455,#3456));
#736=EDGE_LOOP('',(#3457,#3458,#3459,#3460));
#737=EDGE_LOOP('',(#3461,#3462,#3463,#3464));
#738=EDGE_LOOP('',(#3465,#3466,#3467,#3468));
#739=EDGE_LOOP('',(#3469,#3470,#3471,#3472));
#740=EDGE_LOOP('',(#3473,#3474,#3475,#3476,#3477,#3478,#3479,#3480,#3481,
#3482,#3483,#3484));
#741=EDGE_LOOP('',(#3485,#3486,#3487,#3488,#3489,#3490,#3491,#3492));
#742=EDGE_LOOP('',(#3493));
#743=EDGE_LOOP('',(#3494,#3495,#3496,#3497));
#744=EDGE_LOOP('',(#3498,#3499,#3500,#3501));
#745=EDGE_LOOP('',(#3502,#3503,#3504,#3505));
#746=EDGE_LOOP('',(#3506,#3507,#3508,#3509));
#747=EDGE_LOOP('',(#3510,#3511,#3512,#3513,#3514,#3515));
#748=EDGE_LOOP('',(#3516,#3517,#3518,#3519));
#749=EDGE_LOOP('',(#3520,#3521,#3522,#3523,#3524,#3525));
#750=EDGE_LOOP('',(#3526,#3527,#3528,#3529));
#751=EDGE_LOOP('',(#3530,#3531,#3532,#3533));
#752=EDGE_LOOP('',(#3534,#3535,#3536,#3537));
#753=EDGE_LOOP('',(#3538,#3539,#3540,#3541,#3542,#3543));
#754=EDGE_LOOP('',(#3544,#3545,#3546,#3547));
#755=EDGE_LOOP('',(#3548,#3549,#3550,#3551,#3552,#3553));
#756=EDGE_LOOP('',(#3554,#3555,#3556,#3557));
#757=EDGE_LOOP('',(#3558,#3559,#3560,#3561,#3562,#3563,#3564,#3565,#3566,
#3567,#3568,#3569));
#758=EDGE_LOOP('',(#3570));
#759=EDGE_LOOP('',(#3571));
#760=EDGE_LOOP('',(#3572,#3573,#3574,#3575,#3576,#3577,#3578,#3579));
#761=EDGE_LOOP('',(#3580));
#762=EDGE_LOOP('',(#3581,#3582,#3583,#3584));
#763=EDGE_LOOP('',(#3585,#3586,#3587,#3588));
#764=EDGE_LOOP('',(#3589,#3590,#3591,#3592));
#765=EDGE_LOOP('',(#3593,#3594,#3595,#3596));
#766=EDGE_LOOP('',(#3597,#3598,#3599,#3600));
#767=EDGE_LOOP('',(#3601,#3602,#3603,#3604));
#768=EDGE_LOOP('',(#3605,#3606,#3607,#3608));
#769=EDGE_LOOP('',(#3609,#3610,#3611,#3612));
#770=EDGE_LOOP('',(#3613,#3614,#3615,#3616));
#771=EDGE_LOOP('',(#3617,#3618,#3619,#3620));
#772=EDGE_LOOP('',(#3621,#3622,#3623,#3624));
#773=EDGE_LOOP('',(#3625,#3626,#3627,#3628,#3629,#3630,#3631,#3632));
#774=EDGE_LOOP('',(#3633));
#775=EDGE_LOOP('',(#3634));
#776=EDGE_LOOP('',(#3635));
#777=EDGE_LOOP('',(#3636));
#778=EDGE_LOOP('',(#3637,#3638,#3639,#3640));
#779=EDGE_LOOP('',(#3641));
#780=EDGE_LOOP('',(#3642));
#781=EDGE_LOOP('',(#3643,#3644,#3645,#3646,#3647,#3648,#3649,#3650));
#782=EDGE_LOOP('',(#3651,#3652,#3653,#3654));
#783=EDGE_LOOP('',(#3655,#3656,#3657,#3658,#3659,#3660,#3661,#3662));
#784=EDGE_LOOP('',(#3663,#3664,#3665,#3666,#3667,#3668,#3669,#3670));
#785=EDGE_LOOP('',(#3671,#3672,#3673,#3674));
#786=EDGE_LOOP('',(#3675));
#787=EDGE_LOOP('',(#3676));
#788=LINE('',#5724,#1228);
#789=LINE('',#5726,#1229);
#790=LINE('',#5728,#1230);
#791=LINE('',#5729,#1231);
#792=LINE('',#5732,#1232);
#793=LINE('',#5734,#1233);
#794=LINE('',#5735,#1234);
#795=LINE('',#5738,#1235);
#796=LINE('',#5740,#1236);
#797=LINE('',#5741,#1237);
#798=LINE('',#5743,#1238);
#799=LINE('',#5744,#1239);
#800=LINE('',#5751,#1240);
#801=LINE('',#5753,#1241);
#802=LINE('',#5755,#1242);
#803=LINE('',#5756,#1243);
#804=LINE('',#5759,#1244);
#805=LINE('',#5761,#1245);
#806=LINE('',#5762,#1246);
#807=LINE('',#5768,#1247);
#808=LINE('',#5770,#1248);
#809=LINE('',#5772,#1249);
#810=LINE('',#5773,#1250);
#811=LINE('',#5775,#1251);
#812=LINE('',#5776,#1252);
#813=LINE('',#5782,#1253);
#814=LINE('',#5784,#1254);
#815=LINE('',#5786,#1255);
#816=LINE('',#5787,#1256);
#817=LINE('',#5789,#1257);
#818=LINE('',#5790,#1258);
#819=LINE('',#5796,#1259);
#820=LINE('',#5798,#1260);
#821=LINE('',#5800,#1261);
#822=LINE('',#5801,#1262);
#823=LINE('',#5803,#1263);
#824=LINE('',#5804,#1264);
#825=LINE('',#5810,#1265);
#826=LINE('',#5812,#1266);
#827=LINE('',#5814,#1267);
#828=LINE('',#5815,#1268);
#829=LINE('',#5817,#1269);
#830=LINE('',#5818,#1270);
#831=LINE('',#5824,#1271);
#832=LINE('',#5826,#1272);
#833=LINE('',#5828,#1273);
#834=LINE('',#5829,#1274);
#835=LINE('',#5831,#1275);
#836=LINE('',#5832,#1276);
#837=LINE('',#5838,#1277);
#838=LINE('',#5840,#1278);
#839=LINE('',#5842,#1279);
#840=LINE('',#5843,#1280);
#841=LINE('',#5845,#1281);
#842=LINE('',#5846,#1282);
#843=LINE('',#5852,#1283);
#844=LINE('',#5854,#1284);
#845=LINE('',#5856,#1285);
#846=LINE('',#5857,#1286);
#847=LINE('',#5859,#1287);
#848=LINE('',#5860,#1288);
#849=LINE('',#5866,#1289);
#850=LINE('',#5868,#1290);
#851=LINE('',#5870,#1291);
#852=LINE('',#5871,#1292);
#853=LINE('',#5873,#1293);
#854=LINE('',#5874,#1294);
#855=LINE('',#5880,#1295);
#856=LINE('',#5882,#1296);
#857=LINE('',#5884,#1297);
#858=LINE('',#5885,#1298);
#859=LINE('',#5887,#1299);
#860=LINE('',#5888,#1300);
#861=LINE('',#5894,#1301);
#862=LINE('',#5896,#1302);
#863=LINE('',#5898,#1303);
#864=LINE('',#5899,#1304);
#865=LINE('',#5901,#1305);
#866=LINE('',#5902,#1306);
#867=LINE('',#5907,#1307);
#868=LINE('',#5909,#1308);
#869=LINE('',#5910,#1309);
#870=LINE('',#5913,#1310);
#871=LINE('',#5915,#1311);
#872=LINE('',#5916,#1312);
#873=LINE('',#5922,#1313);
#874=LINE('',#5924,#1314);
#875=LINE('',#5926,#1315);
#876=LINE('',#5927,#1316);
#877=LINE('',#5929,#1317);
#878=LINE('',#5930,#1318);
#879=LINE('',#5938,#1319);
#880=LINE('',#5940,#1320);
#881=LINE('',#5942,#1321);
#882=LINE('',#5943,#1322);
#883=LINE('',#5945,#1323);
#884=LINE('',#5946,#1324);
#885=LINE('',#5952,#1325);
#886=LINE('',#5954,#1326);
#887=LINE('',#5956,#1327);
#888=LINE('',#5957,#1328);
#889=LINE('',#5959,#1329);
#890=LINE('',#5960,#1330);
#891=LINE('',#5966,#1331);
#892=LINE('',#5968,#1332);
#893=LINE('',#5970,#1333);
#894=LINE('',#5971,#1334);
#895=LINE('',#5973,#1335);
#896=LINE('',#5974,#1336);
#897=LINE('',#5980,#1337);
#898=LINE('',#5982,#1338);
#899=LINE('',#5984,#1339);
#900=LINE('',#5985,#1340);
#901=LINE('',#5987,#1341);
#902=LINE('',#5988,#1342);
#903=LINE('',#5994,#1343);
#904=LINE('',#5996,#1344);
#905=LINE('',#5998,#1345);
#906=LINE('',#5999,#1346);
#907=LINE('',#6001,#1347);
#908=LINE('',#6002,#1348);
#909=LINE('',#6008,#1349);
#910=LINE('',#6010,#1350);
#911=LINE('',#6012,#1351);
#912=LINE('',#6013,#1352);
#913=LINE('',#6015,#1353);
#914=LINE('',#6016,#1354);
#915=LINE('',#6022,#1355);
#916=LINE('',#6024,#1356);
#917=LINE('',#6026,#1357);
#918=LINE('',#6027,#1358);
#919=LINE('',#6029,#1359);
#920=LINE('',#6030,#1360);
#921=LINE('',#6036,#1361);
#922=LINE('',#6038,#1362);
#923=LINE('',#6040,#1363);
#924=LINE('',#6041,#1364);
#925=LINE('',#6043,#1365);
#926=LINE('',#6044,#1366);
#927=LINE('',#6050,#1367);
#928=LINE('',#6052,#1368);
#929=LINE('',#6054,#1369);
#930=LINE('',#6055,#1370);
#931=LINE('',#6057,#1371);
#932=LINE('',#6058,#1372);
#933=LINE('',#6064,#1373);
#934=LINE('',#6066,#1374);
#935=LINE('',#6068,#1375);
#936=LINE('',#6069,#1376);
#937=LINE('',#6071,#1377);
#938=LINE('',#6072,#1378);
#939=LINE('',#6078,#1379);
#940=LINE('',#6080,#1380);
#941=LINE('',#6082,#1381);
#942=LINE('',#6083,#1382);
#943=LINE('',#6085,#1383);
#944=LINE('',#6086,#1384);
#945=LINE('',#6092,#1385);
#946=LINE('',#6094,#1386);
#947=LINE('',#6096,#1387);
#948=LINE('',#6097,#1388);
#949=LINE('',#6099,#1389);
#950=LINE('',#6100,#1390);
#951=LINE('',#6106,#1391);
#952=LINE('',#6108,#1392);
#953=LINE('',#6110,#1393);
#954=LINE('',#6111,#1394);
#955=LINE('',#6113,#1395);
#956=LINE('',#6114,#1396);
#957=LINE('',#6119,#1397);
#958=LINE('',#6121,#1398);
#959=LINE('',#6122,#1399);
#960=LINE('',#6124,#1400);
#961=LINE('',#6125,#1401);
#962=LINE('',#6130,#1402);
#963=LINE('',#6136,#1403);
#964=LINE('',#6138,#1404);
#965=LINE('',#6140,#1405);
#966=LINE('',#6141,#1406);
#967=LINE('',#6144,#1407);
#968=LINE('',#6146,#1408);
#969=LINE('',#6147,#1409);
#970=LINE('',#6150,#1410);
#971=LINE('',#6152,#1411);
#972=LINE('',#6153,#1412);
#973=LINE('',#6159,#1413);
#974=LINE('',#6258,#1414);
#975=LINE('',#6265,#1415);
#976=LINE('',#6270,#1416);
#977=LINE('',#6272,#1417);
#978=LINE('',#6279,#1418);
#979=LINE('',#6285,#1419);
#980=LINE('',#6291,#1420);
#981=LINE('',#6297,#1421);
#982=LINE('',#6302,#1422);
#983=LINE('',#6304,#1423);
#984=LINE('',#6306,#1424);
#985=LINE('',#6307,#1425);
#986=LINE('',#6310,#1426);
#987=LINE('',#6312,#1427);
#988=LINE('',#6313,#1428);
#989=LINE('',#6316,#1429);
#990=LINE('',#6318,#1430);
#991=LINE('',#6319,#1431);
#992=LINE('',#6321,#1432);
#993=LINE('',#6322,#1433);
#994=LINE('',#6329,#1434);
#995=LINE('',#6331,#1435);
#996=LINE('',#6333,#1436);
#997=LINE('',#6334,#1437);
#998=LINE('',#6338,#1438);
#999=LINE('',#6340,#1439);
#1000=LINE('',#6342,#1440);
#1001=LINE('',#6343,#1441);
#1002=LINE('',#6347,#1442);
#1003=LINE('',#6349,#1443);
#1004=LINE('',#6351,#1444);
#1005=LINE('',#6352,#1445);
#1006=LINE('',#6356,#1446);
#1007=LINE('',#6358,#1447);
#1008=LINE('',#6360,#1448);
#1009=LINE('',#6361,#1449);
#1010=LINE('',#6367,#1450);
#1011=LINE('',#6370,#1451);
#1012=LINE('',#6376,#1452);
#1013=LINE('',#6379,#1453);
#1014=LINE('',#6381,#1454);
#1015=LINE('',#6382,#1455);
#1016=LINE('',#6385,#1456);
#1017=LINE('',#6386,#1457);
#1018=LINE('',#6389,#1458);
#1019=LINE('',#6390,#1459);
#1020=LINE('',#6392,#1460);
#1021=LINE('',#6396,#1461);
#1022=LINE('',#6398,#1462);
#1023=LINE('',#6400,#1463);
#1024=LINE('',#6401,#1464);
#1025=LINE('',#6405,#1465);
#1026=LINE('',#6407,#1466);
#1027=LINE('',#6409,#1467);
#1028=LINE('',#6410,#1468);
#1029=LINE('',#6412,#1469);
#1030=LINE('',#6413,#1470);
#1031=LINE('',#6416,#1471);
#1032=LINE('',#6418,#1472);
#1033=LINE('',#6419,#1473);
#1034=LINE('',#6423,#1474);
#1035=LINE('',#6425,#1475);
#1036=LINE('',#6427,#1476);
#1037=LINE('',#6428,#1477);
#1038=LINE('',#6432,#1478);
#1039=LINE('',#6434,#1479);
#1040=LINE('',#6436,#1480);
#1041=LINE('',#6437,#1481);
#1042=LINE('',#6439,#1482);
#1043=LINE('',#6440,#1483);
#1044=LINE('',#6443,#1484);
#1045=LINE('',#6445,#1485);
#1046=LINE('',#6446,#1486);
#1047=LINE('',#6448,#1487);
#1048=LINE('',#6449,#1488);
#1049=LINE('',#6452,#1489);
#1050=LINE('',#6454,#1490);
#1051=LINE('',#6455,#1491);
#1052=LINE('',#6458,#1492);
#1053=LINE('',#6460,#1493);
#1054=LINE('',#6461,#1494);
#1055=LINE('',#6463,#1495);
#1056=LINE('',#6466,#1496);
#1057=LINE('',#6467,#1497);
#1058=LINE('',#6469,#1498);
#1059=LINE('',#6470,#1499);
#1060=LINE('',#6473,#1500);
#1061=LINE('',#6475,#1501);
#1062=LINE('',#6476,#1502);
#1063=LINE('',#6479,#1503);
#1064=LINE('',#6481,#1504);
#1065=LINE('',#6482,#1505);
#1066=LINE('',#6484,#1506);
#1067=LINE('',#6487,#1507);
#1068=LINE('',#6488,#1508);
#1069=LINE('',#6490,#1509);
#1070=LINE('',#6491,#1510);
#1071=LINE('',#6493,#1511);
#1072=LINE('',#6494,#1512);
#1073=LINE('',#6496,#1513);
#1074=LINE('',#6497,#1514);
#1075=LINE('',#6499,#1515);
#1076=LINE('',#6500,#1516);
#1077=LINE('',#6525,#1517);
#1078=LINE('',#6578,#1518);
#1079=LINE('',#6620,#1519);
#1080=LINE('',#6622,#1520);
#1081=LINE('',#6624,#1521);
#1082=LINE('',#6625,#1522);
#1083=LINE('',#6629,#1523);
#1084=LINE('',#6631,#1524);
#1085=LINE('',#6633,#1525);
#1086=LINE('',#6634,#1526);
#1087=LINE('',#6636,#1527);
#1088=LINE('',#6637,#1528);
#1089=LINE('',#6649,#1529);
#1090=LINE('',#6651,#1530);
#1091=LINE('',#6653,#1531);
#1092=LINE('',#6654,#1532);
#1093=LINE('',#6657,#1533);
#1094=LINE('',#6659,#1534);
#1095=LINE('',#6660,#1535);
#1096=LINE('',#6663,#1536);
#1097=LINE('',#6665,#1537);
#1098=LINE('',#6666,#1538);
#1099=LINE('',#6668,#1539);
#1100=LINE('',#6669,#1540);
#1101=LINE('',#6674,#1541);
#1102=LINE('',#6676,#1542);
#1103=LINE('',#6678,#1543);
#1104=LINE('',#6679,#1544);
#1105=LINE('',#6682,#1545);
#1106=LINE('',#6684,#1546);
#1107=LINE('',#6685,#1547);
#1108=LINE('',#6688,#1548);
#1109=LINE('',#6690,#1549);
#1110=LINE('',#6691,#1550);
#1111=LINE('',#6693,#1551);
#1112=LINE('',#6694,#1552);
#1113=LINE('',#6699,#1553);
#1114=LINE('',#6701,#1554);
#1115=LINE('',#6703,#1555);
#1116=LINE('',#6704,#1556);
#1117=LINE('',#6707,#1557);
#1118=LINE('',#6709,#1558);
#1119=LINE('',#6710,#1559);
#1120=LINE('',#6713,#1560);
#1121=LINE('',#6715,#1561);
#1122=LINE('',#6716,#1562);
#1123=LINE('',#6718,#1563);
#1124=LINE('',#6719,#1564);
#1125=LINE('',#6723,#1565);
#1126=LINE('',#6727,#1566);
#1127=LINE('',#6737,#1567);
#1128=LINE('',#6744,#1568);
#1129=LINE('',#6750,#1569);
#1130=LINE('',#6754,#1570);
#1131=LINE('',#6756,#1571);
#1132=LINE('',#6758,#1572);
#1133=LINE('',#6759,#1573);
#1134=LINE('',#6762,#1574);
#1135=LINE('',#6764,#1575);
#1136=LINE('',#6765,#1576);
#1137=LINE('',#6768,#1577);
#1138=LINE('',#6770,#1578);
#1139=LINE('',#6771,#1579);
#1140=LINE('',#6774,#1580);
#1141=LINE('',#6776,#1581);
#1142=LINE('',#6777,#1582);
#1143=LINE('',#6780,#1583);
#1144=LINE('',#6782,#1584);
#1145=LINE('',#6783,#1585);
#1146=LINE('',#6793,#1586);
#1147=LINE('',#6795,#1587);
#1148=LINE('',#6797,#1588);
#1149=LINE('',#6798,#1589);
#1150=LINE('',#6804,#1590);
#1151=LINE('',#6807,#1591);
#1152=LINE('',#6809,#1592);
#1153=LINE('',#6810,#1593);
#1154=LINE('',#6814,#1594);
#1155=LINE('',#6816,#1595);
#1156=LINE('',#6818,#1596);
#1157=LINE('',#6819,#1597);
#1158=LINE('',#6825,#1598);
#1159=LINE('',#6828,#1599);
#1160=LINE('',#6830,#1600);
#1161=LINE('',#6831,#1601);
#1162=LINE('',#6836,#1602);
#1163=LINE('',#6841,#1603);
#1164=LINE('',#6849,#1604);
#1165=LINE('',#6852,#1605);
#1166=LINE('',#6859,#1606);
#1167=LINE('',#6864,#1607);
#1168=LINE('',#6867,#1608);
#1169=LINE('',#6870,#1609);
#1170=LINE('',#6873,#1610);
#1171=LINE('',#6874,#1611);
#1172=LINE('',#6878,#1612);
#1173=LINE('',#6881,#1613);
#1174=LINE('',#6882,#1614);
#1175=LINE('',#6887,#1615);
#1176=LINE('',#6891,#1616);
#1177=LINE('',#6893,#1617);
#1178=LINE('',#6894,#1618);
#1179=LINE('',#6900,#1619);
#1180=LINE('',#6903,#1620);
#1181=LINE('',#6905,#1621);
#1182=LINE('',#6906,#1622);
#1183=LINE('',#6910,#1623);
#1184=LINE('',#6914,#1624);
#1185=LINE('',#6915,#1625);
#1186=LINE('',#6919,#1626);
#1187=LINE('',#6921,#1627);
#1188=LINE('',#6929,#1628);
#1189=LINE('',#6935,#1629);
#1190=LINE('',#6941,#1630);
#1191=LINE('',#6947,#1631);
#1192=LINE('',#6952,#1632);
#1193=LINE('',#6954,#1633);
#1194=LINE('',#6956,#1634);
#1195=LINE('',#6957,#1635);
#1196=LINE('',#6960,#1636);
#1197=LINE('',#6962,#1637);
#1198=LINE('',#6963,#1638);
#1199=LINE('',#6966,#1639);
#1200=LINE('',#6968,#1640);
#1201=LINE('',#6969,#1641);
#1202=LINE('',#6971,#1642);
#1203=LINE('',#6975,#1643);
#1204=LINE('',#6977,#1644);
#1205=LINE('',#6979,#1645);
#1206=LINE('',#6980,#1646);
#1207=LINE('',#6984,#1647);
#1208=LINE('',#6986,#1648);
#1209=LINE('',#6988,#1649);
#1210=LINE('',#6989,#1650);
#1211=LINE('',#6991,#1651);
#1212=LINE('',#6992,#1652);
#1213=LINE('',#6995,#1653);
#1214=LINE('',#6997,#1654);
#1215=LINE('',#6999,#1655);
#1216=LINE('',#7001,#1656);
#1217=LINE('',#7002,#1657);
#1218=LINE('',#7005,#1658);
#1219=LINE('',#7007,#1659);
#1220=LINE('',#7008,#1660);
#1221=LINE('',#7011,#1661);
#1222=LINE('',#7012,#1662);
#1223=LINE('',#7013,#1663);
#1224=LINE('',#7016,#1664);
#1225=LINE('',#7017,#1665);
#1226=LINE('',#7019,#1666);
#1227=LINE('',#7020,#1667);
#1228=VECTOR('',#4567,10.);
#1229=VECTOR('',#4568,10.);
#1230=VECTOR('',#4569,10.);
#1231=VECTOR('',#4570,10.);
#1232=VECTOR('',#4573,10.);
#1233=VECTOR('',#4574,10.);
#1234=VECTOR('',#4575,10.);
#1235=VECTOR('',#4578,10.);
#1236=VECTOR('',#4579,10.);
#1237=VECTOR('',#4580,10.);
#1238=VECTOR('',#4583,10.);
#1239=VECTOR('',#4584,10.);
#1240=VECTOR('',#4593,10.);
#1241=VECTOR('',#4594,10.);
#1242=VECTOR('',#4595,10.);
#1243=VECTOR('',#4596,10.);
#1244=VECTOR('',#4599,10.);
#1245=VECTOR('',#4600,10.);
#1246=VECTOR('',#4601,10.);
#1247=VECTOR('',#4608,10.);
#1248=VECTOR('',#4609,10.);
#1249=VECTOR('',#4610,10.);
#1250=VECTOR('',#4611,10.);
#1251=VECTOR('',#4614,10.);
#1252=VECTOR('',#4615,10.);
#1253=VECTOR('',#4622,10.);
#1254=VECTOR('',#4623,10.);
#1255=VECTOR('',#4624,10.);
#1256=VECTOR('',#4625,10.);
#1257=VECTOR('',#4628,10.);
#1258=VECTOR('',#4629,10.);
#1259=VECTOR('',#4636,10.);
#1260=VECTOR('',#4637,10.);
#1261=VECTOR('',#4638,10.);
#1262=VECTOR('',#4639,10.);
#1263=VECTOR('',#4642,10.);
#1264=VECTOR('',#4643,10.);
#1265=VECTOR('',#4650,10.);
#1266=VECTOR('',#4651,10.);
#1267=VECTOR('',#4652,10.);
#1268=VECTOR('',#4653,10.);
#1269=VECTOR('',#4656,10.);
#1270=VECTOR('',#4657,10.);
#1271=VECTOR('',#4664,10.);
#1272=VECTOR('',#4665,10.);
#1273=VECTOR('',#4666,10.);
#1274=VECTOR('',#4667,10.);
#1275=VECTOR('',#4670,10.);
#1276=VECTOR('',#4671,10.);
#1277=VECTOR('',#4678,10.);
#1278=VECTOR('',#4679,10.);
#1279=VECTOR('',#4680,10.);
#1280=VECTOR('',#4681,10.);
#1281=VECTOR('',#4684,10.);
#1282=VECTOR('',#4685,10.);
#1283=VECTOR('',#4692,10.);
#1284=VECTOR('',#4693,10.);
#1285=VECTOR('',#4694,10.);
#1286=VECTOR('',#4695,10.);
#1287=VECTOR('',#4698,10.);
#1288=VECTOR('',#4699,10.);
#1289=VECTOR('',#4706,10.);
#1290=VECTOR('',#4707,10.);
#1291=VECTOR('',#4708,10.);
#1292=VECTOR('',#4709,10.);
#1293=VECTOR('',#4712,10.);
#1294=VECTOR('',#4713,10.);
#1295=VECTOR('',#4720,10.);
#1296=VECTOR('',#4721,10.);
#1297=VECTOR('',#4722,10.);
#1298=VECTOR('',#4723,10.);
#1299=VECTOR('',#4726,10.);
#1300=VECTOR('',#4727,10.);
#1301=VECTOR('',#4734,10.);
#1302=VECTOR('',#4735,10.);
#1303=VECTOR('',#4736,10.);
#1304=VECTOR('',#4737,10.);
#1305=VECTOR('',#4740,10.);
#1306=VECTOR('',#4741,10.);
#1307=VECTOR('',#4748,10.);
#1308=VECTOR('',#4749,10.);
#1309=VECTOR('',#4750,10.);
#1310=VECTOR('',#4753,10.);
#1311=VECTOR('',#4754,10.);
#1312=VECTOR('',#4755,10.);
#1313=VECTOR('',#4762,10.);
#1314=VECTOR('',#4763,10.);
#1315=VECTOR('',#4764,10.);
#1316=VECTOR('',#4765,10.);
#1317=VECTOR('',#4768,10.);
#1318=VECTOR('',#4769,10.);
#1319=VECTOR('',#4778,10.);
#1320=VECTOR('',#4779,10.);
#1321=VECTOR('',#4780,10.);
#1322=VECTOR('',#4781,10.);
#1323=VECTOR('',#4784,10.);
#1324=VECTOR('',#4785,10.);
#1325=VECTOR('',#4792,10.);
#1326=VECTOR('',#4793,10.);
#1327=VECTOR('',#4794,10.);
#1328=VECTOR('',#4795,10.);
#1329=VECTOR('',#4798,10.);
#1330=VECTOR('',#4799,10.);
#1331=VECTOR('',#4806,10.);
#1332=VECTOR('',#4807,10.);
#1333=VECTOR('',#4808,10.);
#1334=VECTOR('',#4809,10.);
#1335=VECTOR('',#4812,10.);
#1336=VECTOR('',#4813,10.);
#1337=VECTOR('',#4820,10.);
#1338=VECTOR('',#4821,10.);
#1339=VECTOR('',#4822,10.);
#1340=VECTOR('',#4823,10.);
#1341=VECTOR('',#4826,10.);
#1342=VECTOR('',#4827,10.);
#1343=VECTOR('',#4834,10.);
#1344=VECTOR('',#4835,10.);
#1345=VECTOR('',#4836,10.);
#1346=VECTOR('',#4837,10.);
#1347=VECTOR('',#4840,10.);
#1348=VECTOR('',#4841,10.);
#1349=VECTOR('',#4848,10.);
#1350=VECTOR('',#4849,10.);
#1351=VECTOR('',#4850,10.);
#1352=VECTOR('',#4851,10.);
#1353=VECTOR('',#4854,10.);
#1354=VECTOR('',#4855,10.);
#1355=VECTOR('',#4862,10.);
#1356=VECTOR('',#4863,10.);
#1357=VECTOR('',#4864,10.);
#1358=VECTOR('',#4865,10.);
#1359=VECTOR('',#4868,10.);
#1360=VECTOR('',#4869,10.);
#1361=VECTOR('',#4876,10.);
#1362=VECTOR('',#4877,10.);
#1363=VECTOR('',#4878,10.);
#1364=VECTOR('',#4879,10.);
#1365=VECTOR('',#4882,10.);
#1366=VECTOR('',#4883,10.);
#1367=VECTOR('',#4890,10.);
#1368=VECTOR('',#4891,10.);
#1369=VECTOR('',#4892,10.);
#1370=VECTOR('',#4893,10.);
#1371=VECTOR('',#4896,10.);
#1372=VECTOR('',#4897,10.);
#1373=VECTOR('',#4904,10.);
#1374=VECTOR('',#4905,10.);
#1375=VECTOR('',#4906,10.);
#1376=VECTOR('',#4907,10.);
#1377=VECTOR('',#4910,10.);
#1378=VECTOR('',#4911,10.);
#1379=VECTOR('',#4918,10.);
#1380=VECTOR('',#4919,10.);
#1381=VECTOR('',#4920,10.);
#1382=VECTOR('',#4921,10.);
#1383=VECTOR('',#4924,10.);
#1384=VECTOR('',#4925,10.);
#1385=VECTOR('',#4932,10.);
#1386=VECTOR('',#4933,10.);
#1387=VECTOR('',#4934,10.);
#1388=VECTOR('',#4935,10.);
#1389=VECTOR('',#4938,10.);
#1390=VECTOR('',#4939,10.);
#1391=VECTOR('',#4946,10.);
#1392=VECTOR('',#4947,10.);
#1393=VECTOR('',#4948,10.);
#1394=VECTOR('',#4949,10.);
#1395=VECTOR('',#4952,10.);
#1396=VECTOR('',#4953,10.);
#1397=VECTOR('',#4960,10.);
#1398=VECTOR('',#4961,10.);
#1399=VECTOR('',#4962,10.);
#1400=VECTOR('',#4965,10.);
#1401=VECTOR('',#4966,10.);
#1402=VECTOR('',#4973,3.35);
#1403=VECTOR('',#4980,10.);
#1404=VECTOR('',#4981,10.);
#1405=VECTOR('',#4982,10.);
#1406=VECTOR('',#4983,10.);
#1407=VECTOR('',#4986,10.);
#1408=VECTOR('',#4987,10.);
#1409=VECTOR('',#4988,10.);
#1410=VECTOR('',#4991,10.);
#1411=VECTOR('',#4992,10.);
#1412=VECTOR('',#4993,10.);
#1413=VECTOR('',#5002,8.24);
#1414=VECTOR('',#5031,4.00000005960464);
#1415=VECTOR('',#5040,6.50000005960464);
#1416=VECTOR('',#5047,13.5);
#1417=VECTOR('',#5048,13.5);
#1418=VECTOR('',#5057,1.6);
#1419=VECTOR('',#5064,1.6);
#1420=VECTOR('',#5071,1.6);
#1421=VECTOR('',#5078,1.6);
#1422=VECTOR('',#5083,10.);
#1423=VECTOR('',#5084,10.);
#1424=VECTOR('',#5085,10.);
#1425=VECTOR('',#5086,10.);
#1426=VECTOR('',#5089,10.);
#1427=VECTOR('',#5090,10.);
#1428=VECTOR('',#5091,10.);
#1429=VECTOR('',#5094,10.);
#1430=VECTOR('',#5095,10.);
#1431=VECTOR('',#5096,10.);
#1432=VECTOR('',#5099,10.);
#1433=VECTOR('',#5100,10.);
#1434=VECTOR('',#5109,10.);
#1435=VECTOR('',#5110,10.);
#1436=VECTOR('',#5111,10.);
#1437=VECTOR('',#5112,10.);
#1438=VECTOR('',#5115,10.);
#1439=VECTOR('',#5116,10.);
#1440=VECTOR('',#5117,10.);
#1441=VECTOR('',#5118,10.);
#1442=VECTOR('',#5121,10.);
#1443=VECTOR('',#5122,10.);
#1444=VECTOR('',#5123,10.);
#1445=VECTOR('',#5124,10.);
#1446=VECTOR('',#5127,10.);
#1447=VECTOR('',#5128,10.);
#1448=VECTOR('',#5129,10.);
#1449=VECTOR('',#5130,10.);
#1450=VECTOR('',#5135,10.);
#1451=VECTOR('',#5138,10.);
#1452=VECTOR('',#5145,10.);
#1453=VECTOR('',#5148,10.);
#1454=VECTOR('',#5149,10.);
#1455=VECTOR('',#5150,10.);
#1456=VECTOR('',#5153,10.);
#1457=VECTOR('',#5154,10.);
#1458=VECTOR('',#5157,10.);
#1459=VECTOR('',#5158,10.);
#1460=VECTOR('',#5161,10.);
#1461=VECTOR('',#5164,10.);
#1462=VECTOR('',#5165,10.);
#1463=VECTOR('',#5166,10.);
#1464=VECTOR('',#5167,10.);
#1465=VECTOR('',#5170,10.);
#1466=VECTOR('',#5171,10.);
#1467=VECTOR('',#5172,10.);
#1468=VECTOR('',#5173,10.);
#1469=VECTOR('',#5176,10.);
#1470=VECTOR('',#5177,10.);
#1471=VECTOR('',#5180,10.);
#1472=VECTOR('',#5181,10.);
#1473=VECTOR('',#5182,10.);
#1474=VECTOR('',#5185,10.);
#1475=VECTOR('',#5186,10.);
#1476=VECTOR('',#5187,10.);
#1477=VECTOR('',#5188,10.);
#1478=VECTOR('',#5191,10.);
#1479=VECTOR('',#5192,10.);
#1480=VECTOR('',#5193,10.);
#1481=VECTOR('',#5194,10.);
#1482=VECTOR('',#5197,10.);
#1483=VECTOR('',#5198,10.);
#1484=VECTOR('',#5201,10.);
#1485=VECTOR('',#5202,10.);
#1486=VECTOR('',#5203,10.);
#1487=VECTOR('',#5206,10.);
#1488=VECTOR('',#5207,10.);
#1489=VECTOR('',#5210,10.);
#1490=VECTOR('',#5211,10.);
#1491=VECTOR('',#5212,10.);
#1492=VECTOR('',#5215,10.);
#1493=VECTOR('',#5216,10.);
#1494=VECTOR('',#5217,10.);
#1495=VECTOR('',#5220,10.);
#1496=VECTOR('',#5223,10.);
#1497=VECTOR('',#5224,10.);
#1498=VECTOR('',#5225,10.);
#1499=VECTOR('',#5226,10.);
#1500=VECTOR('',#5229,10.);
#1501=VECTOR('',#5230,10.);
#1502=VECTOR('',#5231,10.);
#1503=VECTOR('',#5234,10.);
#1504=VECTOR('',#5235,10.);
#1505=VECTOR('',#5236,10.);
#1506=VECTOR('',#5239,10.);
#1507=VECTOR('',#5242,10.);
#1508=VECTOR('',#5243,10.);
#1509=VECTOR('',#5244,10.);
#1510=VECTOR('',#5245,10.);
#1511=VECTOR('',#5248,10.);
#1512=VECTOR('',#5249,10.);
#1513=VECTOR('',#5252,10.);
#1514=VECTOR('',#5253,10.);
#1515=VECTOR('',#5256,10.);
#1516=VECTOR('',#5257,10.);
#1517=VECTOR('',#5268,10.);
#1518=VECTOR('',#5271,10.);
#1519=VECTOR('',#5286,10.);
#1520=VECTOR('',#5287,10.);
#1521=VECTOR('',#5288,10.);
#1522=VECTOR('',#5289,10.);
#1523=VECTOR('',#5292,10.);
#1524=VECTOR('',#5293,10.);
#1525=VECTOR('',#5294,10.);
#1526=VECTOR('',#5295,10.);
#1527=VECTOR('',#5298,10.);
#1528=VECTOR('',#5299,10.);
#1529=VECTOR('',#5314,10.);
#1530=VECTOR('',#5315,10.);
#1531=VECTOR('',#5316,10.);
#1532=VECTOR('',#5317,10.);
#1533=VECTOR('',#5320,10.);
#1534=VECTOR('',#5321,10.);
#1535=VECTOR('',#5322,10.);
#1536=VECTOR('',#5325,10.);
#1537=VECTOR('',#5326,10.);
#1538=VECTOR('',#5327,10.);
#1539=VECTOR('',#5330,10.);
#1540=VECTOR('',#5331,10.);
#1541=VECTOR('',#5336,10.);
#1542=VECTOR('',#5337,10.);
#1543=VECTOR('',#5338,10.);
#1544=VECTOR('',#5339,10.);
#1545=VECTOR('',#5342,10.);
#1546=VECTOR('',#5343,10.);
#1547=VECTOR('',#5344,10.);
#1548=VECTOR('',#5347,10.);
#1549=VECTOR('',#5348,10.);
#1550=VECTOR('',#5349,10.);
#1551=VECTOR('',#5352,10.);
#1552=VECTOR('',#5353,10.);
#1553=VECTOR('',#5358,10.);
#1554=VECTOR('',#5359,10.);
#1555=VECTOR('',#5360,10.);
#1556=VECTOR('',#5361,10.);
#1557=VECTOR('',#5364,10.);
#1558=VECTOR('',#5365,10.);
#1559=VECTOR('',#5366,10.);
#1560=VECTOR('',#5369,10.);
#1561=VECTOR('',#5370,10.);
#1562=VECTOR('',#5371,10.);
#1563=VECTOR('',#5374,10.);
#1564=VECTOR('',#5375,10.);
#1565=VECTOR('',#5382,11.275);
#1566=VECTOR('',#5387,10.175);
#1567=VECTOR('',#5400,5.38816402126627);
#1568=VECTOR('',#5409,5.35);
#1569=VECTOR('',#5418,3.99999991059304);
#1570=VECTOR('',#5421,10.);
#1571=VECTOR('',#5422,10.);
#1572=VECTOR('',#5423,10.);
#1573=VECTOR('',#5424,10.);
#1574=VECTOR('',#5427,10.);
#1575=VECTOR('',#5428,10.);
#1576=VECTOR('',#5429,10.);
#1577=VECTOR('',#5432,10.);
#1578=VECTOR('',#5433,10.);
#1579=VECTOR('',#5434,10.);
#1580=VECTOR('',#5437,10.);
#1581=VECTOR('',#5438,10.);
#1582=VECTOR('',#5439,10.);
#1583=VECTOR('',#5442,10.);
#1584=VECTOR('',#5443,10.);
#1585=VECTOR('',#5444,10.);
#1586=VECTOR('',#5459,10.);
#1587=VECTOR('',#5460,10.);
#1588=VECTOR('',#5461,10.);
#1589=VECTOR('',#5462,10.);
#1590=VECTOR('',#5469,10.);
#1591=VECTOR('',#5472,10.);
#1592=VECTOR('',#5473,10.);
#1593=VECTOR('',#5474,10.);
#1594=VECTOR('',#5477,10.);
#1595=VECTOR('',#5478,10.);
#1596=VECTOR('',#5479,10.);
#1597=VECTOR('',#5480,10.);
#1598=VECTOR('',#5487,10.);
#1599=VECTOR('',#5490,10.);
#1600=VECTOR('',#5491,10.);
#1601=VECTOR('',#5492,10.);
#1602=VECTOR('',#5497,10.);
#1603=VECTOR('',#5502,10.);
#1604=VECTOR('',#5511,10.);
#1605=VECTOR('',#5514,10.);
#1606=VECTOR('',#5521,1.8);
#1607=VECTOR('',#5528,1.8);
#1608=VECTOR('',#5531,10.);
#1609=VECTOR('',#5534,10.);
#1610=VECTOR('',#5537,10.);
#1611=VECTOR('',#5538,10.);
#1612=VECTOR('',#5543,10.);
#1613=VECTOR('',#5546,10.);
#1614=VECTOR('',#5547,10.);
#1615=VECTOR('',#5552,10.);
#1616=VECTOR('',#5557,10.);
#1617=VECTOR('',#5558,10.);
#1618=VECTOR('',#5559,10.);
#1619=VECTOR('',#5566,10.);
#1620=VECTOR('',#5569,10.);
#1621=VECTOR('',#5570,10.);
#1622=VECTOR('',#5571,10.);
#1623=VECTOR('',#5576,10.);
#1624=VECTOR('',#5581,10.);
#1625=VECTOR('',#5582,10.);
#1626=VECTOR('',#5587,10.);
#1627=VECTOR('',#5590,10.);
#1628=VECTOR('',#5601,0.999999999999996);
#1629=VECTOR('',#5608,1.);
#1630=VECTOR('',#5615,0.999999999999996);
#1631=VECTOR('',#5622,1.);
#1632=VECTOR('',#5627,10.);
#1633=VECTOR('',#5628,10.);
#1634=VECTOR('',#5629,10.);
#1635=VECTOR('',#5630,10.);
#1636=VECTOR('',#5633,10.);
#1637=VECTOR('',#5634,10.);
#1638=VECTOR('',#5635,10.);
#1639=VECTOR('',#5638,10.);
#1640=VECTOR('',#5639,10.);
#1641=VECTOR('',#5640,10.);
#1642=VECTOR('',#5643,10.);
#1643=VECTOR('',#5646,10.);
#1644=VECTOR('',#5647,10.);
#1645=VECTOR('',#5648,10.);
#1646=VECTOR('',#5649,10.);
#1647=VECTOR('',#5652,10.);
#1648=VECTOR('',#5653,10.);
#1649=VECTOR('',#5654,10.);
#1650=VECTOR('',#5655,10.);
#1651=VECTOR('',#5658,10.);
#1652=VECTOR('',#5659,10.);
#1653=VECTOR('',#5662,10.);
#1654=VECTOR('',#5663,10.);
#1655=VECTOR('',#5664,10.);
#1656=VECTOR('',#5665,10.);
#1657=VECTOR('',#5666,10.);
#1658=VECTOR('',#5669,10.);
#1659=VECTOR('',#5670,10.);
#1660=VECTOR('',#5671,10.);
#1661=VECTOR('',#5674,10.);
#1662=VECTOR('',#5675,10.);
#1663=VECTOR('',#5676,10.);
#1664=VECTOR('',#5679,10.);
#1665=VECTOR('',#5680,10.);
#1666=VECTOR('',#5683,10.);
#1667=VECTOR('',#5684,10.);
#1668=VERTEX_POINT('',#5722);
#1669=VERTEX_POINT('',#5723);
#1670=VERTEX_POINT('',#5725);
#1671=VERTEX_POINT('',#5727);
#1672=VERTEX_POINT('',#5731);
#1673=VERTEX_POINT('',#5733);
#1674=VERTEX_POINT('',#5737);
#1675=VERTEX_POINT('',#5739);
#1676=VERTEX_POINT('',#5749);
#1677=VERTEX_POINT('',#5750);
#1678=VERTEX_POINT('',#5752);
#1679=VERTEX_POINT('',#5754);
#1680=VERTEX_POINT('',#5758);
#1681=VERTEX_POINT('',#5760);
#1682=VERTEX_POINT('',#5766);
#1683=VERTEX_POINT('',#5767);
#1684=VERTEX_POINT('',#5769);
#1685=VERTEX_POINT('',#5771);
#1686=VERTEX_POINT('',#5780);
#1687=VERTEX_POINT('',#5781);
#1688=VERTEX_POINT('',#5783);
#1689=VERTEX_POINT('',#5785);
#1690=VERTEX_POINT('',#5794);
#1691=VERTEX_POINT('',#5795);
#1692=VERTEX_POINT('',#5797);
#1693=VERTEX_POINT('',#5799);
#1694=VERTEX_POINT('',#5808);
#1695=VERTEX_POINT('',#5809);
#1696=VERTEX_POINT('',#5811);
#1697=VERTEX_POINT('',#5813);
#1698=VERTEX_POINT('',#5822);
#1699=VERTEX_POINT('',#5823);
#1700=VERTEX_POINT('',#5825);
#1701=VERTEX_POINT('',#5827);
#1702=VERTEX_POINT('',#5836);
#1703=VERTEX_POINT('',#5837);
#1704=VERTEX_POINT('',#5839);
#1705=VERTEX_POINT('',#5841);
#1706=VERTEX_POINT('',#5850);
#1707=VERTEX_POINT('',#5851);
#1708=VERTEX_POINT('',#5853);
#1709=VERTEX_POINT('',#5855);
#1710=VERTEX_POINT('',#5864);
#1711=VERTEX_POINT('',#5865);
#1712=VERTEX_POINT('',#5867);
#1713=VERTEX_POINT('',#5869);
#1714=VERTEX_POINT('',#5878);
#1715=VERTEX_POINT('',#5879);
#1716=VERTEX_POINT('',#5881);
#1717=VERTEX_POINT('',#5883);
#1718=VERTEX_POINT('',#5892);
#1719=VERTEX_POINT('',#5893);
#1720=VERTEX_POINT('',#5895);
#1721=VERTEX_POINT('',#5897);
#1722=VERTEX_POINT('',#5906);
#1723=VERTEX_POINT('',#5908);
#1724=VERTEX_POINT('',#5912);
#1725=VERTEX_POINT('',#5914);
#1726=VERTEX_POINT('',#5920);
#1727=VERTEX_POINT('',#5921);
#1728=VERTEX_POINT('',#5923);
#1729=VERTEX_POINT('',#5925);
#1730=VERTEX_POINT('',#5932);
#1731=VERTEX_POINT('',#5936);
#1732=VERTEX_POINT('',#5937);
#1733=VERTEX_POINT('',#5939);
#1734=VERTEX_POINT('',#5941);
#1735=VERTEX_POINT('',#5950);
#1736=VERTEX_POINT('',#5951);
#1737=VERTEX_POINT('',#5953);
#1738=VERTEX_POINT('',#5955);
#1739=VERTEX_POINT('',#5964);
#1740=VERTEX_POINT('',#5965);
#1741=VERTEX_POINT('',#5967);
#1742=VERTEX_POINT('',#5969);
#1743=VERTEX_POINT('',#5978);
#1744=VERTEX_POINT('',#5979);
#1745=VERTEX_POINT('',#5981);
#1746=VERTEX_POINT('',#5983);
#1747=VERTEX_POINT('',#5992);
#1748=VERTEX_POINT('',#5993);
#1749=VERTEX_POINT('',#5995);
#1750=VERTEX_POINT('',#5997);
#1751=VERTEX_POINT('',#6006);
#1752=VERTEX_POINT('',#6007);
#1753=VERTEX_POINT('',#6009);
#1754=VERTEX_POINT('',#6011);
#1755=VERTEX_POINT('',#6020);
#1756=VERTEX_POINT('',#6021);
#1757=VERTEX_POINT('',#6023);
#1758=VERTEX_POINT('',#6025);
#1759=VERTEX_POINT('',#6034);
#1760=VERTEX_POINT('',#6035);
#1761=VERTEX_POINT('',#6037);
#1762=VERTEX_POINT('',#6039);
#1763=VERTEX_POINT('',#6048);
#1764=VERTEX_POINT('',#6049);
#1765=VERTEX_POINT('',#6051);
#1766=VERTEX_POINT('',#6053);
#1767=VERTEX_POINT('',#6062);
#1768=VERTEX_POINT('',#6063);
#1769=VERTEX_POINT('',#6065);
#1770=VERTEX_POINT('',#6067);
#1771=VERTEX_POINT('',#6076);
#1772=VERTEX_POINT('',#6077);
#1773=VERTEX_POINT('',#6079);
#1774=VERTEX_POINT('',#6081);
#1775=VERTEX_POINT('',#6090);
#1776=VERTEX_POINT('',#6091);
#1777=VERTEX_POINT('',#6093);
#1778=VERTEX_POINT('',#6095);
#1779=VERTEX_POINT('',#6104);
#1780=VERTEX_POINT('',#6105);
#1781=VERTEX_POINT('',#6107);
#1782=VERTEX_POINT('',#6109);
#1783=VERTEX_POINT('',#6118);
#1784=VERTEX_POINT('',#6120);
#1785=VERTEX_POINT('',#6129);
#1786=VERTEX_POINT('',#6134);
#1787=VERTEX_POINT('',#6135);
#1788=VERTEX_POINT('',#6137);
#1789=VERTEX_POINT('',#6139);
#1790=VERTEX_POINT('',#6143);
#1791=VERTEX_POINT('',#6145);
#1792=VERTEX_POINT('',#6149);
#1793=VERTEX_POINT('',#6151);
#1794=VERTEX_POINT('',#6157);
#1795=VERTEX_POINT('',#6165);
#1796=VERTEX_POINT('',#6166);
#1797=VERTEX_POINT('',#6168);
#1798=VERTEX_POINT('',#6198);
#1799=VERTEX_POINT('',#6199);
#1800=VERTEX_POINT('',#6201);
#1801=VERTEX_POINT('',#6226);
#1802=VERTEX_POINT('',#6256);
#1803=VERTEX_POINT('',#6260);
#1804=VERTEX_POINT('',#6263);
#1805=VERTEX_POINT('',#6268);
#1806=VERTEX_POINT('',#6271);
#1807=VERTEX_POINT('',#6276);
#1808=VERTEX_POINT('',#6278);
#1809=VERTEX_POINT('',#6282);
#1810=VERTEX_POINT('',#6284);
#1811=VERTEX_POINT('',#6288);
#1812=VERTEX_POINT('',#6290);
#1813=VERTEX_POINT('',#6294);
#1814=VERTEX_POINT('',#6296);
#1815=VERTEX_POINT('',#6300);
#1816=VERTEX_POINT('',#6301);
#1817=VERTEX_POINT('',#6303);
#1818=VERTEX_POINT('',#6305);
#1819=VERTEX_POINT('',#6309);
#1820=VERTEX_POINT('',#6311);
#1821=VERTEX_POINT('',#6315);
#1822=VERTEX_POINT('',#6317);
#1823=VERTEX_POINT('',#6327);
#1824=VERTEX_POINT('',#6328);
#1825=VERTEX_POINT('',#6330);
#1826=VERTEX_POINT('',#6332);
#1827=VERTEX_POINT('',#6336);
#1828=VERTEX_POINT('',#6337);
#1829=VERTEX_POINT('',#6339);
#1830=VERTEX_POINT('',#6341);
#1831=VERTEX_POINT('',#6345);
#1832=VERTEX_POINT('',#6346);
#1833=VERTEX_POINT('',#6348);
#1834=VERTEX_POINT('',#6350);
#1835=VERTEX_POINT('',#6354);
#1836=VERTEX_POINT('',#6355);
#1837=VERTEX_POINT('',#6357);
#1838=VERTEX_POINT('',#6359);
#1839=VERTEX_POINT('',#6363);
#1840=VERTEX_POINT('',#6364);
#1841=VERTEX_POINT('',#6366);
#1842=VERTEX_POINT('',#6368);
#1843=VERTEX_POINT('',#6372);
#1844=VERTEX_POINT('',#6374);
#1845=VERTEX_POINT('',#6378);
#1846=VERTEX_POINT('',#6380);
#1847=VERTEX_POINT('',#6384);
#1848=VERTEX_POINT('',#6388);
#1849=VERTEX_POINT('',#6394);
#1850=VERTEX_POINT('',#6395);
#1851=VERTEX_POINT('',#6397);
#1852=VERTEX_POINT('',#6399);
#1853=VERTEX_POINT('',#6403);
#1854=VERTEX_POINT('',#6404);
#1855=VERTEX_POINT('',#6406);
#1856=VERTEX_POINT('',#6408);
#1857=VERTEX_POINT('',#6415);
#1858=VERTEX_POINT('',#6417);
#1859=VERTEX_POINT('',#6421);
#1860=VERTEX_POINT('',#6422);
#1861=VERTEX_POINT('',#6424);
#1862=VERTEX_POINT('',#6426);
#1863=VERTEX_POINT('',#6430);
#1864=VERTEX_POINT('',#6431);
#1865=VERTEX_POINT('',#6433);
#1866=VERTEX_POINT('',#6435);
#1867=VERTEX_POINT('',#6442);
#1868=VERTEX_POINT('',#6444);
#1869=VERTEX_POINT('',#6451);
#1870=VERTEX_POINT('',#6453);
#1871=VERTEX_POINT('',#6457);
#1872=VERTEX_POINT('',#6459);
#1873=VERTEX_POINT('',#6465);
#1874=VERTEX_POINT('',#6468);
#1875=VERTEX_POINT('',#6472);
#1876=VERTEX_POINT('',#6474);
#1877=VERTEX_POINT('',#6478);
#1878=VERTEX_POINT('',#6480);
#1879=VERTEX_POINT('',#6486);
#1880=VERTEX_POINT('',#6489);
#1881=VERTEX_POINT('',#6506);
#1882=VERTEX_POINT('',#6507);
#1883=VERTEX_POINT('',#6524);
#1884=VERTEX_POINT('',#6543);
#1885=VERTEX_POINT('',#6544);
#1886=VERTEX_POINT('',#6561);
#1887=VERTEX_POINT('',#6594);
#1888=VERTEX_POINT('',#6612);
#1889=VERTEX_POINT('',#6618);
#1890=VERTEX_POINT('',#6619);
#1891=VERTEX_POINT('',#6621);
#1892=VERTEX_POINT('',#6623);
#1893=VERTEX_POINT('',#6627);
#1894=VERTEX_POINT('',#6628);
#1895=VERTEX_POINT('',#6630);
#1896=VERTEX_POINT('',#6632);
#1897=VERTEX_POINT('',#6641);
#1898=VERTEX_POINT('',#6643);
#1899=VERTEX_POINT('',#6647);
#1900=VERTEX_POINT('',#6648);
#1901=VERTEX_POINT('',#6650);
#1902=VERTEX_POINT('',#6652);
#1903=VERTEX_POINT('',#6656);
#1904=VERTEX_POINT('',#6658);
#1905=VERTEX_POINT('',#6662);
#1906=VERTEX_POINT('',#6664);
#1907=VERTEX_POINT('',#6672);
#1908=VERTEX_POINT('',#6673);
#1909=VERTEX_POINT('',#6675);
#1910=VERTEX_POINT('',#6677);
#1911=VERTEX_POINT('',#6681);
#1912=VERTEX_POINT('',#6683);
#1913=VERTEX_POINT('',#6687);
#1914=VERTEX_POINT('',#6689);
#1915=VERTEX_POINT('',#6697);
#1916=VERTEX_POINT('',#6698);
#1917=VERTEX_POINT('',#6700);
#1918=VERTEX_POINT('',#6702);
#1919=VERTEX_POINT('',#6706);
#1920=VERTEX_POINT('',#6708);
#1921=VERTEX_POINT('',#6712);
#1922=VERTEX_POINT('',#6714);
#1923=VERTEX_POINT('',#6725);
#1924=VERTEX_POINT('',#6731);
#1925=VERTEX_POINT('',#6734);
#1926=VERTEX_POINT('',#6736);
#1927=VERTEX_POINT('',#6741);
#1928=VERTEX_POINT('',#6743);
#1929=VERTEX_POINT('',#6747);
#1930=VERTEX_POINT('',#6752);
#1931=VERTEX_POINT('',#6753);
#1932=VERTEX_POINT('',#6755);
#1933=VERTEX_POINT('',#6757);
#1934=VERTEX_POINT('',#6761);
#1935=VERTEX_POINT('',#6763);
#1936=VERTEX_POINT('',#6767);
#1937=VERTEX_POINT('',#6769);
#1938=VERTEX_POINT('',#6773);
#1939=VERTEX_POINT('',#6775);
#1940=VERTEX_POINT('',#6779);
#1941=VERTEX_POINT('',#6781);
#1942=VERTEX_POINT('',#6791);
#1943=VERTEX_POINT('',#6792);
#1944=VERTEX_POINT('',#6794);
#1945=VERTEX_POINT('',#6796);
#1946=VERTEX_POINT('',#6800);
#1947=VERTEX_POINT('',#6802);
#1948=VERTEX_POINT('',#6806);
#1949=VERTEX_POINT('',#6808);
#1950=VERTEX_POINT('',#6812);
#1951=VERTEX_POINT('',#6813);
#1952=VERTEX_POINT('',#6815);
#1953=VERTEX_POINT('',#6817);
#1954=VERTEX_POINT('',#6821);
#1955=VERTEX_POINT('',#6823);
#1956=VERTEX_POINT('',#6827);
#1957=VERTEX_POINT('',#6829);
#1958=VERTEX_POINT('',#6833);
#1959=VERTEX_POINT('',#6835);
#1960=VERTEX_POINT('',#6838);
#1961=VERTEX_POINT('',#6840);
#1962=VERTEX_POINT('',#6844);
#1963=VERTEX_POINT('',#6846);
#1964=VERTEX_POINT('',#6848);
#1965=VERTEX_POINT('',#6850);
#1966=VERTEX_POINT('',#6853);
#1967=VERTEX_POINT('',#6856);
#1968=VERTEX_POINT('',#6858);
#1969=VERTEX_POINT('',#6862);
#1970=VERTEX_POINT('',#6866);
#1971=VERTEX_POINT('',#6868);
#1972=VERTEX_POINT('',#6872);
#1973=VERTEX_POINT('',#6876);
#1974=VERTEX_POINT('',#6880);
#1975=VERTEX_POINT('',#6884);
#1976=VERTEX_POINT('',#6886);
#1977=VERTEX_POINT('',#6890);
#1978=VERTEX_POINT('',#6892);
#1979=VERTEX_POINT('',#6896);
#1980=VERTEX_POINT('',#6898);
#1981=VERTEX_POINT('',#6902);
#1982=VERTEX_POINT('',#6904);
#1983=VERTEX_POINT('',#6908);
#1984=VERTEX_POINT('',#6913);
#1985=VERTEX_POINT('',#6917);
#1986=VERTEX_POINT('',#6926);
#1987=VERTEX_POINT('',#6928);
#1988=VERTEX_POINT('',#6932);
#1989=VERTEX_POINT('',#6934);
#1990=VERTEX_POINT('',#6938);
#1991=VERTEX_POINT('',#6940);
#1992=VERTEX_POINT('',#6944);
#1993=VERTEX_POINT('',#6946);
#1994=VERTEX_POINT('',#6950);
#1995=VERTEX_POINT('',#6951);
#1996=VERTEX_POINT('',#6953);
#1997=VERTEX_POINT('',#6955);
#1998=VERTEX_POINT('',#6959);
#1999=VERTEX_POINT('',#6961);
#2000=VERTEX_POINT('',#6965);
#2001=VERTEX_POINT('',#6967);
#2002=VERTEX_POINT('',#6973);
#2003=VERTEX_POINT('',#6974);
#2004=VERTEX_POINT('',#6976);
#2005=VERTEX_POINT('',#6978);
#2006=VERTEX_POINT('',#6982);
#2007=VERTEX_POINT('',#6983);
#2008=VERTEX_POINT('',#6985);
#2009=VERTEX_POINT('',#6987);
#2010=VERTEX_POINT('',#6994);
#2011=VERTEX_POINT('',#6996);
#2012=VERTEX_POINT('',#6998);
#2013=VERTEX_POINT('',#7000);
#2014=VERTEX_POINT('',#7004);
#2015=VERTEX_POINT('',#7006);
#2016=VERTEX_POINT('',#7010);
#2017=VERTEX_POINT('',#7015);
#2018=EDGE_CURVE('',#1668,#1669,#788,.T.);
#2019=EDGE_CURVE('',#1669,#1670,#789,.T.);
#2020=EDGE_CURVE('',#1671,#1670,#790,.T.);
#2021=EDGE_CURVE('',#1668,#1671,#791,.T.);
#2022=EDGE_CURVE('',#1672,#1668,#792,.T.);
#2023=EDGE_CURVE('',#1673,#1671,#793,.T.);
#2024=EDGE_CURVE('',#1672,#1673,#794,.T.);
#2025=EDGE_CURVE('',#1674,#1672,#795,.T.);
#2026=EDGE_CURVE('',#1675,#1673,#796,.T.);
#2027=EDGE_CURVE('',#1674,#1675,#797,.T.);
#2028=EDGE_CURVE('',#1669,#1674,#798,.T.);
#2029=EDGE_CURVE('',#1670,#1675,#799,.T.);
#2030=EDGE_CURVE('',#1676,#1677,#800,.T.);
#2031=EDGE_CURVE('',#1676,#1678,#801,.T.);
#2032=EDGE_CURVE('',#1678,#1679,#802,.T.);
#2033=EDGE_CURVE('',#1677,#1679,#803,.T.);
#2034=EDGE_CURVE('',#1680,#1676,#804,.T.);
#2035=EDGE_CURVE('',#1681,#1680,#805,.T.);
#2036=EDGE_CURVE('',#1681,#1678,#806,.T.);
#2037=EDGE_CURVE('',#1679,#1681,#152,.T.);
#2038=EDGE_CURVE('',#1682,#1683,#807,.T.);
#2039=EDGE_CURVE('',#1682,#1684,#808,.T.);
#2040=EDGE_CURVE('',#1684,#1685,#809,.T.);
#2041=EDGE_CURVE('',#1683,#1685,#810,.T.);
#2042=EDGE_CURVE('',#1677,#1682,#811,.T.);
#2043=EDGE_CURVE('',#1679,#1684,#812,.T.);
#2044=EDGE_CURVE('',#1685,#1679,#153,.T.);
#2045=EDGE_CURVE('',#1686,#1687,#813,.T.);
#2046=EDGE_CURVE('',#1686,#1688,#814,.T.);
#2047=EDGE_CURVE('',#1688,#1689,#815,.T.);
#2048=EDGE_CURVE('',#1687,#1689,#816,.T.);
#2049=EDGE_CURVE('',#1683,#1686,#817,.T.);
#2050=EDGE_CURVE('',#1685,#1688,#818,.T.);
#2051=EDGE_CURVE('',#1689,#1685,#154,.T.);
#2052=EDGE_CURVE('',#1690,#1691,#819,.T.);
#2053=EDGE_CURVE('',#1690,#1692,#820,.T.);
#2054=EDGE_CURVE('',#1692,#1693,#821,.T.);
#2055=EDGE_CURVE('',#1691,#1693,#822,.T.);
#2056=EDGE_CURVE('',#1687,#1690,#823,.T.);
#2057=EDGE_CURVE('',#1689,#1692,#824,.T.);
#2058=EDGE_CURVE('',#1693,#1689,#155,.T.);
#2059=EDGE_CURVE('',#1694,#1695,#825,.T.);
#2060=EDGE_CURVE('',#1694,#1696,#826,.T.);
#2061=EDGE_CURVE('',#1696,#1697,#827,.T.);
#2062=EDGE_CURVE('',#1695,#1697,#828,.T.);
#2063=EDGE_CURVE('',#1691,#1694,#829,.T.);
#2064=EDGE_CURVE('',#1693,#1696,#830,.T.);
#2065=EDGE_CURVE('',#1697,#1693,#156,.T.);
#2066=EDGE_CURVE('',#1698,#1699,#831,.T.);
#2067=EDGE_CURVE('',#1698,#1700,#832,.T.);
#2068=EDGE_CURVE('',#1700,#1701,#833,.T.);
#2069=EDGE_CURVE('',#1699,#1701,#834,.T.);
#2070=EDGE_CURVE('',#1695,#1698,#835,.T.);
#2071=EDGE_CURVE('',#1697,#1700,#836,.T.);
#2072=EDGE_CURVE('',#1701,#1697,#157,.T.);
#2073=EDGE_CURVE('',#1702,#1703,#837,.T.);
#2074=EDGE_CURVE('',#1702,#1704,#838,.T.);
#2075=EDGE_CURVE('',#1704,#1705,#839,.T.);
#2076=EDGE_CURVE('',#1703,#1705,#840,.T.);
#2077=EDGE_CURVE('',#1699,#1702,#841,.T.);
#2078=EDGE_CURVE('',#1701,#1704,#842,.T.);
#2079=EDGE_CURVE('',#1705,#1701,#158,.T.);
#2080=EDGE_CURVE('',#1706,#1707,#843,.T.);
#2081=EDGE_CURVE('',#1706,#1708,#844,.T.);
#2082=EDGE_CURVE('',#1708,#1709,#845,.T.);
#2083=EDGE_CURVE('',#1707,#1709,#846,.T.);
#2084=EDGE_CURVE('',#1703,#1706,#847,.T.);
#2085=EDGE_CURVE('',#1705,#1708,#848,.T.);
#2086=EDGE_CURVE('',#1709,#1705,#159,.T.);
#2087=EDGE_CURVE('',#1710,#1711,#849,.T.);
#2088=EDGE_CURVE('',#1710,#1712,#850,.T.);
#2089=EDGE_CURVE('',#1712,#1713,#851,.T.);
#2090=EDGE_CURVE('',#1711,#1713,#852,.T.);
#2091=EDGE_CURVE('',#1707,#1710,#853,.T.);
#2092=EDGE_CURVE('',#1709,#1712,#854,.T.);
#2093=EDGE_CURVE('',#1713,#1709,#160,.T.);
#2094=EDGE_CURVE('',#1714,#1715,#855,.T.);
#2095=EDGE_CURVE('',#1714,#1716,#856,.T.);
#2096=EDGE_CURVE('',#1716,#1717,#857,.T.);
#2097=EDGE_CURVE('',#1715,#1717,#858,.T.);
#2098=EDGE_CURVE('',#1711,#1714,#859,.T.);
#2099=EDGE_CURVE('',#1713,#1716,#860,.T.);
#2100=EDGE_CURVE('',#1717,#1713,#161,.T.);
#2101=EDGE_CURVE('',#1718,#1719,#861,.T.);
#2102=EDGE_CURVE('',#1718,#1720,#862,.T.);
#2103=EDGE_CURVE('',#1720,#1721,#863,.T.);
#2104=EDGE_CURVE('',#1719,#1721,#864,.T.);
#2105=EDGE_CURVE('',#1715,#1718,#865,.T.);
#2106=EDGE_CURVE('',#1717,#1720,#866,.T.);
#2107=EDGE_CURVE('',#1721,#1717,#162,.T.);
#2108=EDGE_CURVE('',#1719,#1722,#867,.T.);
#2109=EDGE_CURVE('',#1721,#1723,#868,.T.);
#2110=EDGE_CURVE('',#1722,#1723,#869,.T.);
#2111=EDGE_CURVE('',#1722,#1724,#870,.T.);
#2112=EDGE_CURVE('',#1723,#1725,#871,.T.);
#2113=EDGE_CURVE('',#1724,#1725,#872,.T.);
#2114=EDGE_CURVE('',#1725,#1721,#163,.T.);
#2115=EDGE_CURVE('',#1726,#1727,#873,.T.);
#2116=EDGE_CURVE('',#1726,#1728,#874,.T.);
#2117=EDGE_CURVE('',#1728,#1729,#875,.T.);
#2118=EDGE_CURVE('',#1727,#1729,#876,.T.);
#2119=EDGE_CURVE('',#1724,#1726,#877,.T.);
#2120=EDGE_CURVE('',#1725,#1728,#878,.T.);
#2121=EDGE_CURVE('',#1729,#1730,#164,.T.);
#2122=EDGE_CURVE('',#1730,#1725,#165,.T.);
#2123=EDGE_CURVE('',#1731,#1732,#879,.T.);
#2124=EDGE_CURVE('',#1731,#1733,#880,.T.);
#2125=EDGE_CURVE('',#1733,#1734,#881,.T.);
#2126=EDGE_CURVE('',#1732,#1734,#882,.T.);
#2127=EDGE_CURVE('',#1727,#1731,#883,.T.);
#2128=EDGE_CURVE('',#1729,#1733,#884,.T.);
#2129=EDGE_CURVE('',#1734,#1729,#166,.T.);
#2130=EDGE_CURVE('',#1735,#1736,#885,.T.);
#2131=EDGE_CURVE('',#1735,#1737,#886,.T.);
#2132=EDGE_CURVE('',#1737,#1738,#887,.T.);
#2133=EDGE_CURVE('',#1736,#1738,#888,.T.);
#2134=EDGE_CURVE('',#1732,#1735,#889,.T.);
#2135=EDGE_CURVE('',#1734,#1737,#890,.T.);
#2136=EDGE_CURVE('',#1738,#1734,#167,.T.);
#2137=EDGE_CURVE('',#1739,#1740,#891,.T.);
#2138=EDGE_CURVE('',#1739,#1741,#892,.T.);
#2139=EDGE_CURVE('',#1741,#1742,#893,.T.);
#2140=EDGE_CURVE('',#1740,#1742,#894,.T.);
#2141=EDGE_CURVE('',#1736,#1739,#895,.T.);
#2142=EDGE_CURVE('',#1738,#1741,#896,.T.);
#2143=EDGE_CURVE('',#1742,#1738,#168,.T.);
#2144=EDGE_CURVE('',#1743,#1744,#897,.T.);
#2145=EDGE_CURVE('',#1743,#1745,#898,.T.);
#2146=EDGE_CURVE('',#1745,#1746,#899,.T.);
#2147=EDGE_CURVE('',#1744,#1746,#900,.T.);
#2148=EDGE_CURVE('',#1740,#1743,#901,.T.);
#2149=EDGE_CURVE('',#1742,#1745,#902,.T.);
#2150=EDGE_CURVE('',#1746,#1742,#169,.T.);
#2151=EDGE_CURVE('',#1747,#1748,#903,.T.);
#2152=EDGE_CURVE('',#1747,#1749,#904,.T.);
#2153=EDGE_CURVE('',#1749,#1750,#905,.T.);
#2154=EDGE_CURVE('',#1748,#1750,#906,.T.);
#2155=EDGE_CURVE('',#1744,#1747,#907,.T.);
#2156=EDGE_CURVE('',#1746,#1749,#908,.T.);
#2157=EDGE_CURVE('',#1750,#1746,#170,.T.);
#2158=EDGE_CURVE('',#1751,#1752,#909,.T.);
#2159=EDGE_CURVE('',#1751,#1753,#910,.T.);
#2160=EDGE_CURVE('',#1753,#1754,#911,.T.);
#2161=EDGE_CURVE('',#1752,#1754,#912,.T.);
#2162=EDGE_CURVE('',#1748,#1751,#913,.T.);
#2163=EDGE_CURVE('',#1750,#1753,#914,.T.);
#2164=EDGE_CURVE('',#1754,#1750,#171,.T.);
#2165=EDGE_CURVE('',#1755,#1756,#915,.T.);
#2166=EDGE_CURVE('',#1755,#1757,#916,.T.);
#2167=EDGE_CURVE('',#1757,#1758,#917,.T.);
#2168=EDGE_CURVE('',#1756,#1758,#918,.T.);
#2169=EDGE_CURVE('',#1752,#1755,#919,.T.);
#2170=EDGE_CURVE('',#1754,#1757,#920,.T.);
#2171=EDGE_CURVE('',#1758,#1754,#172,.T.);
#2172=EDGE_CURVE('',#1759,#1760,#921,.T.);
#2173=EDGE_CURVE('',#1759,#1761,#922,.T.);
#2174=EDGE_CURVE('',#1761,#1762,#923,.T.);
#2175=EDGE_CURVE('',#1760,#1762,#924,.T.);
#2176=EDGE_CURVE('',#1756,#1759,#925,.T.);
#2177=EDGE_CURVE('',#1758,#1761,#926,.T.);
#2178=EDGE_CURVE('',#1762,#1758,#173,.T.);
#2179=EDGE_CURVE('',#1763,#1764,#927,.T.);
#2180=EDGE_CURVE('',#1763,#1765,#928,.T.);
#2181=EDGE_CURVE('',#1765,#1766,#929,.T.);
#2182=EDGE_CURVE('',#1764,#1766,#930,.T.);
#2183=EDGE_CURVE('',#1760,#1763,#931,.T.);
#2184=EDGE_CURVE('',#1762,#1765,#932,.T.);
#2185=EDGE_CURVE('',#1766,#1762,#174,.T.);
#2186=EDGE_CURVE('',#1767,#1768,#933,.T.);
#2187=EDGE_CURVE('',#1767,#1769,#934,.T.);
#2188=EDGE_CURVE('',#1769,#1770,#935,.T.);
#2189=EDGE_CURVE('',#1768,#1770,#936,.T.);
#2190=EDGE_CURVE('',#1764,#1767,#937,.T.);
#2191=EDGE_CURVE('',#1766,#1769,#938,.T.);
#2192=EDGE_CURVE('',#1770,#1766,#175,.T.);
#2193=EDGE_CURVE('',#1771,#1772,#939,.T.);
#2194=EDGE_CURVE('',#1771,#1773,#940,.T.);
#2195=EDGE_CURVE('',#1773,#1774,#941,.T.);
#2196=EDGE_CURVE('',#1772,#1774,#942,.T.);
#2197=EDGE_CURVE('',#1768,#1771,#943,.T.);
#2198=EDGE_CURVE('',#1770,#1773,#944,.T.);
#2199=EDGE_CURVE('',#1774,#1770,#176,.T.);
#2200=EDGE_CURVE('',#1775,#1776,#945,.T.);
#2201=EDGE_CURVE('',#1775,#1777,#946,.T.);
#2202=EDGE_CURVE('',#1777,#1778,#947,.T.);
#2203=EDGE_CURVE('',#1776,#1778,#948,.T.);
#2204=EDGE_CURVE('',#1772,#1775,#949,.T.);
#2205=EDGE_CURVE('',#1774,#1777,#950,.T.);
#2206=EDGE_CURVE('',#1778,#1774,#177,.T.);
#2207=EDGE_CURVE('',#1779,#1780,#951,.T.);
#2208=EDGE_CURVE('',#1779,#1781,#952,.T.);
#2209=EDGE_CURVE('',#1781,#1782,#953,.T.);
#2210=EDGE_CURVE('',#1780,#1782,#954,.T.);
#2211=EDGE_CURVE('',#1776,#1779,#955,.T.);
#2212=EDGE_CURVE('',#1778,#1781,#956,.T.);
#2213=EDGE_CURVE('',#1782,#1778,#178,.T.);
#2214=EDGE_CURVE('',#1783,#1680,#957,.T.);
#2215=EDGE_CURVE('',#1783,#1784,#958,.T.);
#2216=EDGE_CURVE('',#1784,#1681,#959,.T.);
#2217=EDGE_CURVE('',#1780,#1783,#960,.T.);
#2218=EDGE_CURVE('',#1782,#1784,#961,.T.);
#2219=EDGE_CURVE('',#1681,#1782,#179,.T.);
#2220=EDGE_CURVE('',#1730,#1785,#962,.T.);
#2221=EDGE_CURVE('',#1785,#1785,#180,.T.);
#2222=EDGE_CURVE('',#1786,#1787,#963,.T.);
#2223=EDGE_CURVE('',#1786,#1788,#964,.T.);
#2224=EDGE_CURVE('',#1789,#1788,#965,.T.);
#2225=EDGE_CURVE('',#1787,#1789,#966,.T.);
#2226=EDGE_CURVE('',#1787,#1790,#967,.T.);
#2227=EDGE_CURVE('',#1791,#1789,#968,.T.);
#2228=EDGE_CURVE('',#1790,#1791,#969,.T.);
#2229=EDGE_CURVE('',#1792,#1786,#970,.T.);
#2230=EDGE_CURVE('',#1792,#1793,#971,.T.);
#2231=EDGE_CURVE('',#1788,#1793,#972,.T.);
#2232=EDGE_CURVE('',#1791,#1793,#181,.T.);
#2233=EDGE_CURVE('',#1794,#1794,#182,.T.);
#2234=EDGE_CURVE('',#1794,#1793,#973,.T.);
#2235=EDGE_CURVE('',#1790,#1792,#183,.T.);
#2236=EDGE_CURVE('',#1795,#1796,#184,.T.);
#2237=EDGE_CURVE('',#1797,#1795,#185,.T.);
#2238=EDGE_CURVE('',#1796,#1797,#186,.T.);
#2239=EDGE_CURVE('',#1798,#1799,#187,.T.);
#2240=EDGE_CURVE('',#1798,#1800,#188,.T.);
#2241=EDGE_CURVE('',#1800,#1800,#189,.T.);
#2242=EDGE_CURVE('',#1799,#1798,#190,.T.);
#2243=EDGE_CURVE('',#1797,#1801,#71,.T.);
#2244=EDGE_CURVE('',#1801,#1795,#72,.T.);
#2245=EDGE_CURVE('',#1802,#1802,#191,.T.);
#2246=EDGE_CURVE('',#1802,#1799,#974,.T.);
#2247=EDGE_CURVE('',#1803,#1803,#192,.T.);
#2248=EDGE_CURVE('',#1804,#1804,#193,.T.);
#2249=EDGE_CURVE('',#1804,#1803,#975,.T.);
#2250=EDGE_CURVE('',#1805,#1805,#194,.T.);
#2251=EDGE_CURVE('',#1805,#1801,#976,.T.);
#2252=EDGE_CURVE('',#1796,#1806,#977,.T.);
#2253=EDGE_CURVE('',#1806,#1806,#195,.T.);
#2254=EDGE_CURVE('',#1807,#1807,#196,.T.);
#2255=EDGE_CURVE('',#1807,#1808,#978,.T.);
#2256=EDGE_CURVE('',#1808,#1808,#197,.T.);
#2257=EDGE_CURVE('',#1809,#1809,#198,.T.);
#2258=EDGE_CURVE('',#1809,#1810,#979,.T.);
#2259=EDGE_CURVE('',#1810,#1810,#199,.T.);
#2260=EDGE_CURVE('',#1811,#1811,#200,.T.);
#2261=EDGE_CURVE('',#1811,#1812,#980,.T.);
#2262=EDGE_CURVE('',#1812,#1812,#201,.T.);
#2263=EDGE_CURVE('',#1813,#1813,#202,.T.);
#2264=EDGE_CURVE('',#1813,#1814,#981,.T.);
#2265=EDGE_CURVE('',#1814,#1814,#203,.T.);
#2266=EDGE_CURVE('',#1815,#1816,#982,.T.);
#2267=EDGE_CURVE('',#1815,#1817,#983,.T.);
#2268=EDGE_CURVE('',#1818,#1817,#984,.T.);
#2269=EDGE_CURVE('',#1816,#1818,#985,.T.);
#2270=EDGE_CURVE('',#1816,#1819,#986,.T.);
#2271=EDGE_CURVE('',#1820,#1818,#987,.T.);
#2272=EDGE_CURVE('',#1819,#1820,#988,.T.);
#2273=EDGE_CURVE('',#1819,#1821,#989,.T.);
#2274=EDGE_CURVE('',#1822,#1820,#990,.T.);
#2275=EDGE_CURVE('',#1821,#1822,#991,.T.);
#2276=EDGE_CURVE('',#1821,#1815,#992,.T.);
#2277=EDGE_CURVE('',#1817,#1822,#993,.T.);
#2278=EDGE_CURVE('',#1823,#1824,#994,.T.);
#2279=EDGE_CURVE('',#1824,#1825,#995,.T.);
#2280=EDGE_CURVE('',#1825,#1826,#996,.T.);
#2281=EDGE_CURVE('',#1826,#1823,#997,.T.);
#2282=EDGE_CURVE('',#1827,#1828,#998,.T.);
#2283=EDGE_CURVE('',#1828,#1829,#999,.T.);
#2284=EDGE_CURVE('',#1830,#1829,#1000,.T.);
#2285=EDGE_CURVE('',#1827,#1830,#1001,.T.);
#2286=EDGE_CURVE('',#1831,#1832,#1002,.T.);
#2287=EDGE_CURVE('',#1832,#1833,#1003,.T.);
#2288=EDGE_CURVE('',#1833,#1834,#1004,.T.);
#2289=EDGE_CURVE('',#1834,#1831,#1005,.T.);
#2290=EDGE_CURVE('',#1835,#1836,#1006,.T.);
#2291=EDGE_CURVE('',#1836,#1837,#1007,.T.);
#2292=EDGE_CURVE('',#1838,#1837,#1008,.T.);
#2293=EDGE_CURVE('',#1835,#1838,#1009,.T.);
#2294=EDGE_CURVE('',#1839,#1840,#204,.T.);
#2295=EDGE_CURVE('',#1841,#1839,#1010,.T.);
#2296=EDGE_CURVE('',#1842,#1841,#205,.T.);
#2297=EDGE_CURVE('',#1840,#1842,#1011,.T.);
#2298=EDGE_CURVE('',#1840,#1843,#206,.T.);
#2299=EDGE_CURVE('',#1844,#1842,#207,.T.);
#2300=EDGE_CURVE('',#1843,#1844,#1012,.T.);
#2301=EDGE_CURVE('',#1845,#1844,#1013,.T.);
#2302=EDGE_CURVE('',#1846,#1845,#1014,.T.);
#2303=EDGE_CURVE('',#1846,#1843,#1015,.T.);
#2304=EDGE_CURVE('',#1847,#1841,#1016,.T.);
#2305=EDGE_CURVE('',#1845,#1847,#1017,.T.);
#2306=EDGE_CURVE('',#1848,#1846,#1018,.T.);
#2307=EDGE_CURVE('',#1848,#1839,#1019,.T.);
#2308=EDGE_CURVE('',#1847,#1848,#1020,.T.);
#2309=EDGE_CURVE('',#1849,#1850,#1021,.T.);
#2310=EDGE_CURVE('',#1849,#1851,#1022,.T.);
#2311=EDGE_CURVE('',#1852,#1851,#1023,.T.);
#2312=EDGE_CURVE('',#1850,#1852,#1024,.T.);
#2313=EDGE_CURVE('',#1853,#1854,#1025,.T.);
#2314=EDGE_CURVE('',#1853,#1855,#1026,.T.);
#2315=EDGE_CURVE('',#1856,#1855,#1027,.T.);
#2316=EDGE_CURVE('',#1854,#1856,#1028,.T.);
#2317=EDGE_CURVE('',#1855,#1852,#1029,.T.);
#2318=EDGE_CURVE('',#1851,#1856,#1030,.T.);
#2319=EDGE_CURVE('',#1857,#1854,#1031,.T.);
#2320=EDGE_CURVE('',#1858,#1857,#1032,.T.);
#2321=EDGE_CURVE('',#1853,#1858,#1033,.T.);
#2322=EDGE_CURVE('',#1859,#1860,#1034,.T.);
#2323=EDGE_CURVE('',#1859,#1861,#1035,.T.);
#2324=EDGE_CURVE('',#1862,#1861,#1036,.T.);
#2325=EDGE_CURVE('',#1860,#1862,#1037,.T.);
#2326=EDGE_CURVE('',#1863,#1864,#1038,.T.);
#2327=EDGE_CURVE('',#1863,#1865,#1039,.T.);
#2328=EDGE_CURVE('',#1866,#1865,#1040,.T.);
#2329=EDGE_CURVE('',#1864,#1866,#1041,.T.);
#2330=EDGE_CURVE('',#1861,#1866,#1042,.T.);
#2331=EDGE_CURVE('',#1865,#1862,#1043,.T.);
#2332=EDGE_CURVE('',#1867,#1860,#1044,.T.);
#2333=EDGE_CURVE('',#1868,#1867,#1045,.T.);
#2334=EDGE_CURVE('',#1859,#1868,#1046,.T.);
#2335=EDGE_CURVE('',#1863,#1850,#1047,.T.);
#2336=EDGE_CURVE('',#1849,#1864,#1048,.T.);
#2337=EDGE_CURVE('',#1869,#1836,#1049,.T.);
#2338=EDGE_CURVE('',#1870,#1869,#1050,.T.);
#2339=EDGE_CURVE('',#1837,#1870,#1051,.T.);
#2340=EDGE_CURVE('',#1835,#1871,#1052,.T.);
#2341=EDGE_CURVE('',#1872,#1838,#1053,.T.);
#2342=EDGE_CURVE('',#1871,#1872,#1054,.T.);
#2343=EDGE_CURVE('',#1872,#1870,#1055,.T.);
#2344=EDGE_CURVE('',#1869,#1873,#1056,.T.);
#2345=EDGE_CURVE('',#1868,#1873,#1057,.T.);
#2346=EDGE_CURVE('',#1867,#1874,#1058,.T.);
#2347=EDGE_CURVE('',#1874,#1871,#1059,.T.);
#2348=EDGE_CURVE('',#1875,#1828,#1060,.T.);
#2349=EDGE_CURVE('',#1876,#1875,#1061,.T.);
#2350=EDGE_CURVE('',#1829,#1876,#1062,.T.);
#2351=EDGE_CURVE('',#1827,#1877,#1063,.T.);
#2352=EDGE_CURVE('',#1878,#1830,#1064,.T.);
#2353=EDGE_CURVE('',#1877,#1878,#1065,.T.);
#2354=EDGE_CURVE('',#1878,#1876,#1066,.T.);
#2355=EDGE_CURVE('',#1875,#1879,#1067,.T.);
#2356=EDGE_CURVE('',#1858,#1879,#1068,.T.);
#2357=EDGE_CURVE('',#1857,#1880,#1069,.T.);
#2358=EDGE_CURVE('',#1880,#1877,#1070,.T.);
#2359=EDGE_CURVE('',#1833,#1826,#1071,.T.);
#2360=EDGE_CURVE('',#1832,#1823,#1072,.T.);
#2361=EDGE_CURVE('',#1825,#1834,#1073,.T.);
#2362=EDGE_CURVE('',#1824,#1831,#1074,.T.);
#2363=EDGE_CURVE('',#1873,#1880,#1075,.T.);
#2364=EDGE_CURVE('',#1879,#1874,#1076,.T.);
#2365=EDGE_CURVE('',#1881,#1882,#73,.T.);
#2366=EDGE_CURVE('',#1883,#1881,#1077,.T.);
#2367=EDGE_CURVE('',#1882,#1883,#74,.T.);
#2368=EDGE_CURVE('',#1884,#1885,#75,.T.);
#2369=EDGE_CURVE('',#1886,#1884,#76,.T.);
#2370=EDGE_CURVE('',#1886,#1885,#1078,.T.);
#2371=EDGE_CURVE('',#1885,#1881,#77,.T.);
#2372=EDGE_CURVE('',#1887,#1886,#78,.T.);
#2373=EDGE_CURVE('',#1883,#1887,#79,.T.);
#2374=EDGE_CURVE('',#1888,#1888,#208,.T.);
#2375=EDGE_CURVE('',#1882,#1884,#209,.T.);
#2376=EDGE_CURVE('',#1884,#1882,#210,.T.);
#2377=EDGE_CURVE('',#1889,#1890,#1079,.T.);
#2378=EDGE_CURVE('',#1889,#1891,#1080,.T.);
#2379=EDGE_CURVE('',#1892,#1891,#1081,.T.);
#2380=EDGE_CURVE('',#1890,#1892,#1082,.T.);
#2381=EDGE_CURVE('',#1893,#1894,#1083,.T.);
#2382=EDGE_CURVE('',#1895,#1893,#1084,.T.);
#2383=EDGE_CURVE('',#1896,#1895,#1085,.T.);
#2384=EDGE_CURVE('',#1894,#1896,#1086,.T.);
#2385=EDGE_CURVE('',#1894,#1889,#1087,.T.);
#2386=EDGE_CURVE('',#1891,#1896,#1088,.T.);
#2387=EDGE_CURVE('',#1892,#1895,#211,.T.);
#2388=EDGE_CURVE('',#1897,#1897,#212,.T.);
#2389=EDGE_CURVE('',#1890,#1898,#213,.T.);
#2390=EDGE_CURVE('',#1898,#1893,#214,.T.);
#2391=EDGE_CURVE('',#1899,#1900,#1089,.T.);
#2392=EDGE_CURVE('',#1899,#1901,#1090,.T.);
#2393=EDGE_CURVE('',#1902,#1901,#1091,.T.);
#2394=EDGE_CURVE('',#1900,#1902,#1092,.T.);
#2395=EDGE_CURVE('',#1900,#1903,#1093,.T.);
#2396=EDGE_CURVE('',#1904,#1902,#1094,.T.);
#2397=EDGE_CURVE('',#1903,#1904,#1095,.T.);
#2398=EDGE_CURVE('',#1903,#1905,#1096,.T.);
#2399=EDGE_CURVE('',#1906,#1904,#1097,.T.);
#2400=EDGE_CURVE('',#1905,#1906,#1098,.T.);
#2401=EDGE_CURVE('',#1905,#1899,#1099,.T.);
#2402=EDGE_CURVE('',#1901,#1906,#1100,.T.);
#2403=EDGE_CURVE('',#1907,#1908,#1101,.T.);
#2404=EDGE_CURVE('',#1907,#1909,#1102,.T.);
#2405=EDGE_CURVE('',#1910,#1909,#1103,.T.);
#2406=EDGE_CURVE('',#1908,#1910,#1104,.T.);
#2407=EDGE_CURVE('',#1908,#1911,#1105,.T.);
#2408=EDGE_CURVE('',#1912,#1910,#1106,.T.);
#2409=EDGE_CURVE('',#1911,#1912,#1107,.T.);
#2410=EDGE_CURVE('',#1911,#1913,#1108,.T.);
#2411=EDGE_CURVE('',#1914,#1912,#1109,.T.);
#2412=EDGE_CURVE('',#1913,#1914,#1110,.T.);
#2413=EDGE_CURVE('',#1913,#1907,#1111,.T.);
#2414=EDGE_CURVE('',#1909,#1914,#1112,.T.);
#2415=EDGE_CURVE('',#1915,#1916,#1113,.T.);
#2416=EDGE_CURVE('',#1915,#1917,#1114,.T.);
#2417=EDGE_CURVE('',#1918,#1917,#1115,.T.);
#2418=EDGE_CURVE('',#1916,#1918,#1116,.T.);
#2419=EDGE_CURVE('',#1916,#1919,#1117,.T.);
#2420=EDGE_CURVE('',#1920,#1918,#1118,.T.);
#2421=EDGE_CURVE('',#1919,#1920,#1119,.T.);
#2422=EDGE_CURVE('',#1919,#1921,#1120,.T.);
#2423=EDGE_CURVE('',#1922,#1920,#1121,.T.);
#2424=EDGE_CURVE('',#1921,#1922,#1122,.T.);
#2425=EDGE_CURVE('',#1921,#1915,#1123,.T.);
#2426=EDGE_CURVE('',#1917,#1922,#1124,.T.);
#2427=EDGE_CURVE('',#1888,#1897,#1125,.T.);
#2428=EDGE_CURVE('',#1923,#1923,#215,.T.);
#2429=EDGE_CURVE('',#1923,#1898,#1126,.T.);
#2430=EDGE_CURVE('',#1924,#1924,#216,.T.);
#2431=EDGE_CURVE('',#1925,#1925,#217,.T.);
#2432=EDGE_CURVE('',#1925,#1926,#1127,.T.);
#2433=EDGE_CURVE('',#1926,#1926,#218,.T.);
#2434=EDGE_CURVE('',#1927,#1927,#219,.T.);
#2435=EDGE_CURVE('',#1927,#1928,#1128,.T.);
#2436=EDGE_CURVE('',#1928,#1928,#220,.T.);
#2437=EDGE_CURVE('',#1929,#1929,#221,.T.);
#2438=EDGE_CURVE('',#1924,#1929,#1129,.T.);
#2439=EDGE_CURVE('',#1930,#1931,#1130,.T.);
#2440=EDGE_CURVE('',#1930,#1932,#1131,.T.);
#2441=EDGE_CURVE('',#1933,#1932,#1132,.T.);
#2442=EDGE_CURVE('',#1931,#1933,#1133,.T.);
#2443=EDGE_CURVE('',#1931,#1934,#1134,.T.);
#2444=EDGE_CURVE('',#1935,#1933,#1135,.T.);
#2445=EDGE_CURVE('',#1934,#1935,#1136,.T.);
#2446=EDGE_CURVE('',#1934,#1936,#1137,.T.);
#2447=EDGE_CURVE('',#1937,#1935,#1138,.T.);
#2448=EDGE_CURVE('',#1936,#1937,#1139,.T.);
#2449=EDGE_CURVE('',#1936,#1938,#1140,.T.);
#2450=EDGE_CURVE('',#1939,#1937,#1141,.T.);
#2451=EDGE_CURVE('',#1938,#1939,#1142,.T.);
#2452=EDGE_CURVE('',#1938,#1940,#1143,.T.);
#2453=EDGE_CURVE('',#1941,#1939,#1144,.T.);
#2454=EDGE_CURVE('',#1940,#1941,#1145,.T.);
#2455=EDGE_CURVE('',#1940,#1930,#222,.T.);
#2456=EDGE_CURVE('',#1932,#1941,#223,.T.);
#2457=EDGE_CURVE('',#1942,#1943,#1146,.T.);
#2458=EDGE_CURVE('',#1942,#1944,#1147,.T.);
#2459=EDGE_CURVE('',#1945,#1944,#1148,.T.);
#2460=EDGE_CURVE('',#1943,#1945,#1149,.T.);
#2461=EDGE_CURVE('',#1943,#1946,#224,.T.);
#2462=EDGE_CURVE('',#1947,#1945,#225,.T.);
#2463=EDGE_CURVE('',#1946,#1947,#1150,.T.);
#2464=EDGE_CURVE('',#1946,#1948,#1151,.T.);
#2465=EDGE_CURVE('',#1949,#1947,#1152,.T.);
#2466=EDGE_CURVE('',#1948,#1949,#1153,.T.);
#2467=EDGE_CURVE('',#1950,#1951,#1154,.T.);
#2468=EDGE_CURVE('',#1950,#1952,#1155,.T.);
#2469=EDGE_CURVE('',#1953,#1952,#1156,.T.);
#2470=EDGE_CURVE('',#1951,#1953,#1157,.T.);
#2471=EDGE_CURVE('',#1951,#1954,#226,.T.);
#2472=EDGE_CURVE('',#1955,#1953,#227,.T.);
#2473=EDGE_CURVE('',#1954,#1955,#1158,.T.);
#2474=EDGE_CURVE('',#1954,#1956,#1159,.T.);
#2475=EDGE_CURVE('',#1957,#1955,#1160,.T.);
#2476=EDGE_CURVE('',#1956,#1957,#1161,.T.);
#2477=EDGE_CURVE('',#1952,#1958,#228,.T.);
#2478=EDGE_CURVE('',#1958,#1959,#1162,.T.);
#2479=EDGE_CURVE('',#1959,#1949,#229,.T.);
#2480=EDGE_CURVE('',#1944,#1960,#230,.T.);
#2481=EDGE_CURVE('',#1960,#1961,#1163,.T.);
#2482=EDGE_CURVE('',#1961,#1957,#231,.T.);
#2483=EDGE_CURVE('',#1962,#1950,#232,.T.);
#2484=EDGE_CURVE('',#1956,#1963,#233,.T.);
#2485=EDGE_CURVE('',#1964,#1963,#1164,.T.);
#2486=EDGE_CURVE('',#1965,#1964,#234,.T.);
#2487=EDGE_CURVE('',#1965,#1962,#1165,.T.);
#2488=EDGE_CURVE('',#1966,#1966,#235,.T.);
#2489=EDGE_CURVE('',#1967,#1967,#236,.T.);
#2490=EDGE_CURVE('',#1967,#1968,#1166,.T.);
#2491=EDGE_CURVE('',#1968,#1968,#237,.T.);
#2492=EDGE_CURVE('',#1969,#1969,#238,.T.);
#2493=EDGE_CURVE('',#1969,#1966,#1167,.T.);
#2494=EDGE_CURVE('',#1964,#1970,#1168,.T.);
#2495=EDGE_CURVE('',#1971,#1970,#239,.T.);
#2496=EDGE_CURVE('',#1965,#1971,#1169,.T.);
#2497=EDGE_CURVE('',#1972,#1971,#1170,.T.);
#2498=EDGE_CURVE('',#1962,#1972,#1171,.T.);
#2499=EDGE_CURVE('',#1973,#1972,#240,.T.);
#2500=EDGE_CURVE('',#1958,#1973,#1172,.T.);
#2501=EDGE_CURVE('',#1974,#1973,#1173,.T.);
#2502=EDGE_CURVE('',#1959,#1974,#1174,.T.);
#2503=EDGE_CURVE('',#1975,#1974,#241,.T.);
#2504=EDGE_CURVE('',#1976,#1975,#1175,.T.);
#2505=EDGE_CURVE('',#1948,#1976,#242,.T.);
#2506=EDGE_CURVE('',#1977,#1976,#1176,.T.);
#2507=EDGE_CURVE('',#1978,#1975,#1177,.T.);
#2508=EDGE_CURVE('',#1977,#1978,#1178,.T.);
#2509=EDGE_CURVE('',#1979,#1977,#243,.T.);
#2510=EDGE_CURVE('',#1980,#1978,#244,.T.);
#2511=EDGE_CURVE('',#1979,#1980,#1179,.T.);
#2512=EDGE_CURVE('',#1979,#1981,#1180,.T.);
#2513=EDGE_CURVE('',#1982,#1980,#1181,.T.);
#2514=EDGE_CURVE('',#1981,#1982,#1182,.T.);
#2515=EDGE_CURVE('',#1983,#1982,#245,.T.);
#2516=EDGE_CURVE('',#1960,#1983,#1183,.T.);
#2517=EDGE_CURVE('',#1981,#1942,#246,.T.);
#2518=EDGE_CURVE('',#1984,#1983,#1184,.T.);
#2519=EDGE_CURVE('',#1961,#1984,#1185,.T.);
#2520=EDGE_CURVE('',#1985,#1984,#247,.T.);
#2521=EDGE_CURVE('',#1963,#1985,#1186,.T.);
#2522=EDGE_CURVE('',#1970,#1985,#1187,.T.);
#2523=EDGE_CURVE('',#1986,#1986,#248,.T.);
#2524=EDGE_CURVE('',#1986,#1987,#1188,.T.);
#2525=EDGE_CURVE('',#1987,#1987,#249,.T.);
#2526=EDGE_CURVE('',#1988,#1988,#250,.T.);
#2527=EDGE_CURVE('',#1988,#1989,#1189,.T.);
#2528=EDGE_CURVE('',#1989,#1989,#251,.T.);
#2529=EDGE_CURVE('',#1990,#1990,#252,.T.);
#2530=EDGE_CURVE('',#1990,#1991,#1190,.T.);
#2531=EDGE_CURVE('',#1991,#1991,#253,.T.);
#2532=EDGE_CURVE('',#1992,#1992,#254,.T.);
#2533=EDGE_CURVE('',#1992,#1993,#1191,.T.);
#2534=EDGE_CURVE('',#1993,#1993,#255,.T.);
#2535=EDGE_CURVE('',#1994,#1995,#1192,.T.);
#2536=EDGE_CURVE('',#1994,#1996,#1193,.T.);
#2537=EDGE_CURVE('',#1997,#1996,#1194,.T.);
#2538=EDGE_CURVE('',#1995,#1997,#1195,.T.);
#2539=EDGE_CURVE('',#1995,#1998,#1196,.T.);
#2540=EDGE_CURVE('',#1999,#1997,#1197,.T.);
#2541=EDGE_CURVE('',#1998,#1999,#1198,.T.);
#2542=EDGE_CURVE('',#1998,#2000,#1199,.T.);
#2543=EDGE_CURVE('',#2001,#1999,#1200,.T.);
#2544=EDGE_CURVE('',#2000,#2001,#1201,.T.);
#2545=EDGE_CURVE('',#1996,#2001,#1202,.T.);
#2546=EDGE_CURVE('',#2002,#2003,#1203,.T.);
#2547=EDGE_CURVE('',#2002,#2004,#1204,.T.);
#2548=EDGE_CURVE('',#2005,#2004,#1205,.T.);
#2549=EDGE_CURVE('',#2003,#2005,#1206,.T.);
#2550=EDGE_CURVE('',#2006,#2007,#1207,.T.);
#2551=EDGE_CURVE('',#2006,#2008,#1208,.T.);
#2552=EDGE_CURVE('',#2009,#2008,#1209,.T.);
#2553=EDGE_CURVE('',#2007,#2009,#1210,.T.);
#2554=EDGE_CURVE('',#2004,#2009,#1211,.T.);
#2555=EDGE_CURVE('',#2008,#2005,#1212,.T.);
#2556=EDGE_CURVE('',#2010,#2000,#1213,.T.);
#2557=EDGE_CURVE('',#2011,#2010,#1214,.T.);
#2558=EDGE_CURVE('',#2012,#2011,#1215,.T.);
#2559=EDGE_CURVE('',#2013,#2012,#1216,.T.);
#2560=EDGE_CURVE('',#1994,#2013,#1217,.T.);
#2561=EDGE_CURVE('',#2007,#2014,#1218,.T.);
#2562=EDGE_CURVE('',#2014,#2015,#1219,.T.);
#2563=EDGE_CURVE('',#2015,#2006,#1220,.T.);
#2564=EDGE_CURVE('',#2016,#2002,#1221,.T.);
#2565=EDGE_CURVE('',#2011,#2016,#1222,.T.);
#2566=EDGE_CURVE('',#2010,#2014,#1223,.T.);
#2567=EDGE_CURVE('',#2017,#2016,#1224,.T.);
#2568=EDGE_CURVE('',#2012,#2017,#1225,.T.);
#2569=EDGE_CURVE('',#2003,#2017,#1226,.T.);
#2570=EDGE_CURVE('',#2013,#2015,#1227,.T.);
#2571=ORIENTED_EDGE('',*,*,#2018,.T.);
#2572=ORIENTED_EDGE('',*,*,#2019,.T.);
#2573=ORIENTED_EDGE('',*,*,#2020,.F.);
#2574=ORIENTED_EDGE('',*,*,#2021,.F.);
#2575=ORIENTED_EDGE('',*,*,#2022,.T.);
#2576=ORIENTED_EDGE('',*,*,#2021,.T.);
#2577=ORIENTED_EDGE('',*,*,#2023,.F.);
#2578=ORIENTED_EDGE('',*,*,#2024,.F.);
#2579=ORIENTED_EDGE('',*,*,#2025,.T.);
#2580=ORIENTED_EDGE('',*,*,#2024,.T.);
#2581=ORIENTED_EDGE('',*,*,#2026,.F.);
#2582=ORIENTED_EDGE('',*,*,#2027,.F.);
#2583=ORIENTED_EDGE('',*,*,#2028,.T.);
#2584=ORIENTED_EDGE('',*,*,#2027,.T.);
#2585=ORIENTED_EDGE('',*,*,#2029,.F.);
#2586=ORIENTED_EDGE('',*,*,#2019,.F.);
#2587=ORIENTED_EDGE('',*,*,#2029,.T.);
#2588=ORIENTED_EDGE('',*,*,#2026,.T.);
#2589=ORIENTED_EDGE('',*,*,#2023,.T.);
#2590=ORIENTED_EDGE('',*,*,#2020,.T.);
#2591=ORIENTED_EDGE('',*,*,#2028,.F.);
#2592=ORIENTED_EDGE('',*,*,#2018,.F.);
#2593=ORIENTED_EDGE('',*,*,#2022,.F.);
#2594=ORIENTED_EDGE('',*,*,#2025,.F.);
#2595=ORIENTED_EDGE('',*,*,#2030,.F.);
#2596=ORIENTED_EDGE('',*,*,#2031,.T.);
#2597=ORIENTED_EDGE('',*,*,#2032,.T.);
#2598=ORIENTED_EDGE('',*,*,#2033,.F.);
#2599=ORIENTED_EDGE('',*,*,#2034,.F.);
#2600=ORIENTED_EDGE('',*,*,#2035,.F.);
#2601=ORIENTED_EDGE('',*,*,#2036,.T.);
#2602=ORIENTED_EDGE('',*,*,#2031,.F.);
#2603=ORIENTED_EDGE('',*,*,#2037,.F.);
#2604=ORIENTED_EDGE('',*,*,#2032,.F.);
#2605=ORIENTED_EDGE('',*,*,#2036,.F.);
#2606=ORIENTED_EDGE('',*,*,#2038,.F.);
#2607=ORIENTED_EDGE('',*,*,#2039,.T.);
#2608=ORIENTED_EDGE('',*,*,#2040,.T.);
#2609=ORIENTED_EDGE('',*,*,#2041,.F.);
#2610=ORIENTED_EDGE('',*,*,#2042,.F.);
#2611=ORIENTED_EDGE('',*,*,#2033,.T.);
#2612=ORIENTED_EDGE('',*,*,#2043,.T.);
#2613=ORIENTED_EDGE('',*,*,#2039,.F.);
#2614=ORIENTED_EDGE('',*,*,#2044,.F.);
#2615=ORIENTED_EDGE('',*,*,#2040,.F.);
#2616=ORIENTED_EDGE('',*,*,#2043,.F.);
#2617=ORIENTED_EDGE('',*,*,#2045,.F.);
#2618=ORIENTED_EDGE('',*,*,#2046,.T.);
#2619=ORIENTED_EDGE('',*,*,#2047,.T.);
#2620=ORIENTED_EDGE('',*,*,#2048,.F.);
#2621=ORIENTED_EDGE('',*,*,#2049,.F.);
#2622=ORIENTED_EDGE('',*,*,#2041,.T.);
#2623=ORIENTED_EDGE('',*,*,#2050,.T.);
#2624=ORIENTED_EDGE('',*,*,#2046,.F.);
#2625=ORIENTED_EDGE('',*,*,#2051,.F.);
#2626=ORIENTED_EDGE('',*,*,#2047,.F.);
#2627=ORIENTED_EDGE('',*,*,#2050,.F.);
#2628=ORIENTED_EDGE('',*,*,#2052,.F.);
#2629=ORIENTED_EDGE('',*,*,#2053,.T.);
#2630=ORIENTED_EDGE('',*,*,#2054,.T.);
#2631=ORIENTED_EDGE('',*,*,#2055,.F.);
#2632=ORIENTED_EDGE('',*,*,#2056,.F.);
#2633=ORIENTED_EDGE('',*,*,#2048,.T.);
#2634=ORIENTED_EDGE('',*,*,#2057,.T.);
#2635=ORIENTED_EDGE('',*,*,#2053,.F.);
#2636=ORIENTED_EDGE('',*,*,#2058,.F.);
#2637=ORIENTED_EDGE('',*,*,#2054,.F.);
#2638=ORIENTED_EDGE('',*,*,#2057,.F.);
#2639=ORIENTED_EDGE('',*,*,#2059,.F.);
#2640=ORIENTED_EDGE('',*,*,#2060,.T.);
#2641=ORIENTED_EDGE('',*,*,#2061,.T.);
#2642=ORIENTED_EDGE('',*,*,#2062,.F.);
#2643=ORIENTED_EDGE('',*,*,#2063,.F.);
#2644=ORIENTED_EDGE('',*,*,#2055,.T.);
#2645=ORIENTED_EDGE('',*,*,#2064,.T.);
#2646=ORIENTED_EDGE('',*,*,#2060,.F.);
#2647=ORIENTED_EDGE('',*,*,#2065,.F.);
#2648=ORIENTED_EDGE('',*,*,#2061,.F.);
#2649=ORIENTED_EDGE('',*,*,#2064,.F.);
#2650=ORIENTED_EDGE('',*,*,#2066,.F.);
#2651=ORIENTED_EDGE('',*,*,#2067,.T.);
#2652=ORIENTED_EDGE('',*,*,#2068,.T.);
#2653=ORIENTED_EDGE('',*,*,#2069,.F.);
#2654=ORIENTED_EDGE('',*,*,#2070,.F.);
#2655=ORIENTED_EDGE('',*,*,#2062,.T.);
#2656=ORIENTED_EDGE('',*,*,#2071,.T.);
#2657=ORIENTED_EDGE('',*,*,#2067,.F.);
#2658=ORIENTED_EDGE('',*,*,#2072,.F.);
#2659=ORIENTED_EDGE('',*,*,#2068,.F.);
#2660=ORIENTED_EDGE('',*,*,#2071,.F.);
#2661=ORIENTED_EDGE('',*,*,#2073,.F.);
#2662=ORIENTED_EDGE('',*,*,#2074,.T.);
#2663=ORIENTED_EDGE('',*,*,#2075,.T.);
#2664=ORIENTED_EDGE('',*,*,#2076,.F.);
#2665=ORIENTED_EDGE('',*,*,#2077,.F.);
#2666=ORIENTED_EDGE('',*,*,#2069,.T.);
#2667=ORIENTED_EDGE('',*,*,#2078,.T.);
#2668=ORIENTED_EDGE('',*,*,#2074,.F.);
#2669=ORIENTED_EDGE('',*,*,#2079,.F.);
#2670=ORIENTED_EDGE('',*,*,#2075,.F.);
#2671=ORIENTED_EDGE('',*,*,#2078,.F.);
#2672=ORIENTED_EDGE('',*,*,#2080,.F.);
#2673=ORIENTED_EDGE('',*,*,#2081,.T.);
#2674=ORIENTED_EDGE('',*,*,#2082,.T.);
#2675=ORIENTED_EDGE('',*,*,#2083,.F.);
#2676=ORIENTED_EDGE('',*,*,#2084,.F.);
#2677=ORIENTED_EDGE('',*,*,#2076,.T.);
#2678=ORIENTED_EDGE('',*,*,#2085,.T.);
#2679=ORIENTED_EDGE('',*,*,#2081,.F.);
#2680=ORIENTED_EDGE('',*,*,#2086,.F.);
#2681=ORIENTED_EDGE('',*,*,#2082,.F.);
#2682=ORIENTED_EDGE('',*,*,#2085,.F.);
#2683=ORIENTED_EDGE('',*,*,#2087,.F.);
#2684=ORIENTED_EDGE('',*,*,#2088,.T.);
#2685=ORIENTED_EDGE('',*,*,#2089,.T.);
#2686=ORIENTED_EDGE('',*,*,#2090,.F.);
#2687=ORIENTED_EDGE('',*,*,#2091,.F.);
#2688=ORIENTED_EDGE('',*,*,#2083,.T.);
#2689=ORIENTED_EDGE('',*,*,#2092,.T.);
#2690=ORIENTED_EDGE('',*,*,#2088,.F.);
#2691=ORIENTED_EDGE('',*,*,#2093,.F.);
#2692=ORIENTED_EDGE('',*,*,#2089,.F.);
#2693=ORIENTED_EDGE('',*,*,#2092,.F.);
#2694=ORIENTED_EDGE('',*,*,#2094,.F.);
#2695=ORIENTED_EDGE('',*,*,#2095,.T.);
#2696=ORIENTED_EDGE('',*,*,#2096,.T.);
#2697=ORIENTED_EDGE('',*,*,#2097,.F.);
#2698=ORIENTED_EDGE('',*,*,#2098,.F.);
#2699=ORIENTED_EDGE('',*,*,#2090,.T.);
#2700=ORIENTED_EDGE('',*,*,#2099,.T.);
#2701=ORIENTED_EDGE('',*,*,#2095,.F.);
#2702=ORIENTED_EDGE('',*,*,#2100,.F.);
#2703=ORIENTED_EDGE('',*,*,#2096,.F.);
#2704=ORIENTED_EDGE('',*,*,#2099,.F.);
#2705=ORIENTED_EDGE('',*,*,#2101,.F.);
#2706=ORIENTED_EDGE('',*,*,#2102,.T.);
#2707=ORIENTED_EDGE('',*,*,#2103,.T.);
#2708=ORIENTED_EDGE('',*,*,#2104,.F.);
#2709=ORIENTED_EDGE('',*,*,#2105,.F.);
#2710=ORIENTED_EDGE('',*,*,#2097,.T.);
#2711=ORIENTED_EDGE('',*,*,#2106,.T.);
#2712=ORIENTED_EDGE('',*,*,#2102,.F.);
#2713=ORIENTED_EDGE('',*,*,#2107,.F.);
#2714=ORIENTED_EDGE('',*,*,#2103,.F.);
#2715=ORIENTED_EDGE('',*,*,#2106,.F.);
#2716=ORIENTED_EDGE('',*,*,#2108,.F.);
#2717=ORIENTED_EDGE('',*,*,#2104,.T.);
#2718=ORIENTED_EDGE('',*,*,#2109,.T.);
#2719=ORIENTED_EDGE('',*,*,#2110,.F.);
#2720=ORIENTED_EDGE('',*,*,#2111,.F.);
#2721=ORIENTED_EDGE('',*,*,#2110,.T.);
#2722=ORIENTED_EDGE('',*,*,#2112,.T.);
#2723=ORIENTED_EDGE('',*,*,#2113,.F.);
#2724=ORIENTED_EDGE('',*,*,#2112,.F.);
#2725=ORIENTED_EDGE('',*,*,#2109,.F.);
#2726=ORIENTED_EDGE('',*,*,#2114,.F.);
#2727=ORIENTED_EDGE('',*,*,#2115,.F.);
#2728=ORIENTED_EDGE('',*,*,#2116,.T.);
#2729=ORIENTED_EDGE('',*,*,#2117,.T.);
#2730=ORIENTED_EDGE('',*,*,#2118,.F.);
#2731=ORIENTED_EDGE('',*,*,#2119,.F.);
#2732=ORIENTED_EDGE('',*,*,#2113,.T.);
#2733=ORIENTED_EDGE('',*,*,#2120,.T.);
#2734=ORIENTED_EDGE('',*,*,#2116,.F.);
#2735=ORIENTED_EDGE('',*,*,#2121,.F.);
#2736=ORIENTED_EDGE('',*,*,#2117,.F.);
#2737=ORIENTED_EDGE('',*,*,#2120,.F.);
#2738=ORIENTED_EDGE('',*,*,#2122,.F.);
#2739=ORIENTED_EDGE('',*,*,#2123,.F.);
#2740=ORIENTED_EDGE('',*,*,#2124,.T.);
#2741=ORIENTED_EDGE('',*,*,#2125,.T.);
#2742=ORIENTED_EDGE('',*,*,#2126,.F.);
#2743=ORIENTED_EDGE('',*,*,#2127,.F.);
#2744=ORIENTED_EDGE('',*,*,#2118,.T.);
#2745=ORIENTED_EDGE('',*,*,#2128,.T.);
#2746=ORIENTED_EDGE('',*,*,#2124,.F.);
#2747=ORIENTED_EDGE('',*,*,#2129,.F.);
#2748=ORIENTED_EDGE('',*,*,#2125,.F.);
#2749=ORIENTED_EDGE('',*,*,#2128,.F.);
#2750=ORIENTED_EDGE('',*,*,#2130,.F.);
#2751=ORIENTED_EDGE('',*,*,#2131,.T.);
#2752=ORIENTED_EDGE('',*,*,#2132,.T.);
#2753=ORIENTED_EDGE('',*,*,#2133,.F.);
#2754=ORIENTED_EDGE('',*,*,#2134,.F.);
#2755=ORIENTED_EDGE('',*,*,#2126,.T.);
#2756=ORIENTED_EDGE('',*,*,#2135,.T.);
#2757=ORIENTED_EDGE('',*,*,#2131,.F.);
#2758=ORIENTED_EDGE('',*,*,#2136,.F.);
#2759=ORIENTED_EDGE('',*,*,#2132,.F.);
#2760=ORIENTED_EDGE('',*,*,#2135,.F.);
#2761=ORIENTED_EDGE('',*,*,#2137,.F.);
#2762=ORIENTED_EDGE('',*,*,#2138,.T.);
#2763=ORIENTED_EDGE('',*,*,#2139,.T.);
#2764=ORIENTED_EDGE('',*,*,#2140,.F.);
#2765=ORIENTED_EDGE('',*,*,#2141,.F.);
#2766=ORIENTED_EDGE('',*,*,#2133,.T.);
#2767=ORIENTED_EDGE('',*,*,#2142,.T.);
#2768=ORIENTED_EDGE('',*,*,#2138,.F.);
#2769=ORIENTED_EDGE('',*,*,#2143,.F.);
#2770=ORIENTED_EDGE('',*,*,#2139,.F.);
#2771=ORIENTED_EDGE('',*,*,#2142,.F.);
#2772=ORIENTED_EDGE('',*,*,#2144,.F.);
#2773=ORIENTED_EDGE('',*,*,#2145,.T.);
#2774=ORIENTED_EDGE('',*,*,#2146,.T.);
#2775=ORIENTED_EDGE('',*,*,#2147,.F.);
#2776=ORIENTED_EDGE('',*,*,#2148,.F.);
#2777=ORIENTED_EDGE('',*,*,#2140,.T.);
#2778=ORIENTED_EDGE('',*,*,#2149,.T.);
#2779=ORIENTED_EDGE('',*,*,#2145,.F.);
#2780=ORIENTED_EDGE('',*,*,#2150,.F.);
#2781=ORIENTED_EDGE('',*,*,#2146,.F.);
#2782=ORIENTED_EDGE('',*,*,#2149,.F.);
#2783=ORIENTED_EDGE('',*,*,#2151,.F.);
#2784=ORIENTED_EDGE('',*,*,#2152,.T.);
#2785=ORIENTED_EDGE('',*,*,#2153,.T.);
#2786=ORIENTED_EDGE('',*,*,#2154,.F.);
#2787=ORIENTED_EDGE('',*,*,#2155,.F.);
#2788=ORIENTED_EDGE('',*,*,#2147,.T.);
#2789=ORIENTED_EDGE('',*,*,#2156,.T.);
#2790=ORIENTED_EDGE('',*,*,#2152,.F.);
#2791=ORIENTED_EDGE('',*,*,#2157,.F.);
#2792=ORIENTED_EDGE('',*,*,#2153,.F.);
#2793=ORIENTED_EDGE('',*,*,#2156,.F.);
#2794=ORIENTED_EDGE('',*,*,#2158,.F.);
#2795=ORIENTED_EDGE('',*,*,#2159,.T.);
#2796=ORIENTED_EDGE('',*,*,#2160,.T.);
#2797=ORIENTED_EDGE('',*,*,#2161,.F.);
#2798=ORIENTED_EDGE('',*,*,#2162,.F.);
#2799=ORIENTED_EDGE('',*,*,#2154,.T.);
#2800=ORIENTED_EDGE('',*,*,#2163,.T.);
#2801=ORIENTED_EDGE('',*,*,#2159,.F.);
#2802=ORIENTED_EDGE('',*,*,#2164,.F.);
#2803=ORIENTED_EDGE('',*,*,#2160,.F.);
#2804=ORIENTED_EDGE('',*,*,#2163,.F.);
#2805=ORIENTED_EDGE('',*,*,#2165,.F.);
#2806=ORIENTED_EDGE('',*,*,#2166,.T.);
#2807=ORIENTED_EDGE('',*,*,#2167,.T.);
#2808=ORIENTED_EDGE('',*,*,#2168,.F.);
#2809=ORIENTED_EDGE('',*,*,#2169,.F.);
#2810=ORIENTED_EDGE('',*,*,#2161,.T.);
#2811=ORIENTED_EDGE('',*,*,#2170,.T.);
#2812=ORIENTED_EDGE('',*,*,#2166,.F.);
#2813=ORIENTED_EDGE('',*,*,#2171,.F.);
#2814=ORIENTED_EDGE('',*,*,#2167,.F.);
#2815=ORIENTED_EDGE('',*,*,#2170,.F.);
#2816=ORIENTED_EDGE('',*,*,#2172,.F.);
#2817=ORIENTED_EDGE('',*,*,#2173,.T.);
#2818=ORIENTED_EDGE('',*,*,#2174,.T.);
#2819=ORIENTED_EDGE('',*,*,#2175,.F.);
#2820=ORIENTED_EDGE('',*,*,#2176,.F.);
#2821=ORIENTED_EDGE('',*,*,#2168,.T.);
#2822=ORIENTED_EDGE('',*,*,#2177,.T.);
#2823=ORIENTED_EDGE('',*,*,#2173,.F.);
#2824=ORIENTED_EDGE('',*,*,#2178,.F.);
#2825=ORIENTED_EDGE('',*,*,#2174,.F.);
#2826=ORIENTED_EDGE('',*,*,#2177,.F.);
#2827=ORIENTED_EDGE('',*,*,#2179,.F.);
#2828=ORIENTED_EDGE('',*,*,#2180,.T.);
#2829=ORIENTED_EDGE('',*,*,#2181,.T.);
#2830=ORIENTED_EDGE('',*,*,#2182,.F.);
#2831=ORIENTED_EDGE('',*,*,#2183,.F.);
#2832=ORIENTED_EDGE('',*,*,#2175,.T.);
#2833=ORIENTED_EDGE('',*,*,#2184,.T.);
#2834=ORIENTED_EDGE('',*,*,#2180,.F.);
#2835=ORIENTED_EDGE('',*,*,#2185,.F.);
#2836=ORIENTED_EDGE('',*,*,#2181,.F.);
#2837=ORIENTED_EDGE('',*,*,#2184,.F.);
#2838=ORIENTED_EDGE('',*,*,#2186,.F.);
#2839=ORIENTED_EDGE('',*,*,#2187,.T.);
#2840=ORIENTED_EDGE('',*,*,#2188,.T.);
#2841=ORIENTED_EDGE('',*,*,#2189,.F.);
#2842=ORIENTED_EDGE('',*,*,#2190,.F.);
#2843=ORIENTED_EDGE('',*,*,#2182,.T.);
#2844=ORIENTED_EDGE('',*,*,#2191,.T.);
#2845=ORIENTED_EDGE('',*,*,#2187,.F.);
#2846=ORIENTED_EDGE('',*,*,#2192,.F.);
#2847=ORIENTED_EDGE('',*,*,#2188,.F.);
#2848=ORIENTED_EDGE('',*,*,#2191,.F.);
#2849=ORIENTED_EDGE('',*,*,#2193,.F.);
#2850=ORIENTED_EDGE('',*,*,#2194,.T.);
#2851=ORIENTED_EDGE('',*,*,#2195,.T.);
#2852=ORIENTED_EDGE('',*,*,#2196,.F.);
#2853=ORIENTED_EDGE('',*,*,#2197,.F.);
#2854=ORIENTED_EDGE('',*,*,#2189,.T.);
#2855=ORIENTED_EDGE('',*,*,#2198,.T.);
#2856=ORIENTED_EDGE('',*,*,#2194,.F.);
#2857=ORIENTED_EDGE('',*,*,#2199,.F.);
#2858=ORIENTED_EDGE('',*,*,#2195,.F.);
#2859=ORIENTED_EDGE('',*,*,#2198,.F.);
#2860=ORIENTED_EDGE('',*,*,#2200,.F.);
#2861=ORIENTED_EDGE('',*,*,#2201,.T.);
#2862=ORIENTED_EDGE('',*,*,#2202,.T.);
#2863=ORIENTED_EDGE('',*,*,#2203,.F.);
#2864=ORIENTED_EDGE('',*,*,#2204,.F.);
#2865=ORIENTED_EDGE('',*,*,#2196,.T.);
#2866=ORIENTED_EDGE('',*,*,#2205,.T.);
#2867=ORIENTED_EDGE('',*,*,#2201,.F.);
#2868=ORIENTED_EDGE('',*,*,#2206,.F.);
#2869=ORIENTED_EDGE('',*,*,#2202,.F.);
#2870=ORIENTED_EDGE('',*,*,#2205,.F.);
#2871=ORIENTED_EDGE('',*,*,#2207,.F.);
#2872=ORIENTED_EDGE('',*,*,#2208,.T.);
#2873=ORIENTED_EDGE('',*,*,#2209,.T.);
#2874=ORIENTED_EDGE('',*,*,#2210,.F.);
#2875=ORIENTED_EDGE('',*,*,#2211,.F.);
#2876=ORIENTED_EDGE('',*,*,#2203,.T.);
#2877=ORIENTED_EDGE('',*,*,#2212,.T.);
#2878=ORIENTED_EDGE('',*,*,#2208,.F.);
#2879=ORIENTED_EDGE('',*,*,#2213,.F.);
#2880=ORIENTED_EDGE('',*,*,#2209,.F.);
#2881=ORIENTED_EDGE('',*,*,#2212,.F.);
#2882=ORIENTED_EDGE('',*,*,#2214,.F.);
#2883=ORIENTED_EDGE('',*,*,#2215,.T.);
#2884=ORIENTED_EDGE('',*,*,#2216,.T.);
#2885=ORIENTED_EDGE('',*,*,#2035,.T.);
#2886=ORIENTED_EDGE('',*,*,#2217,.F.);
#2887=ORIENTED_EDGE('',*,*,#2210,.T.);
#2888=ORIENTED_EDGE('',*,*,#2218,.T.);
#2889=ORIENTED_EDGE('',*,*,#2215,.F.);
#2890=ORIENTED_EDGE('',*,*,#2219,.F.);
#2891=ORIENTED_EDGE('',*,*,#2216,.F.);
#2892=ORIENTED_EDGE('',*,*,#2218,.F.);
#2893=ORIENTED_EDGE('',*,*,#2213,.T.);
#2894=ORIENTED_EDGE('',*,*,#2206,.T.);
#2895=ORIENTED_EDGE('',*,*,#2199,.T.);
#2896=ORIENTED_EDGE('',*,*,#2192,.T.);
#2897=ORIENTED_EDGE('',*,*,#2185,.T.);
#2898=ORIENTED_EDGE('',*,*,#2178,.T.);
#2899=ORIENTED_EDGE('',*,*,#2171,.T.);
#2900=ORIENTED_EDGE('',*,*,#2164,.T.);
#2901=ORIENTED_EDGE('',*,*,#2157,.T.);
#2902=ORIENTED_EDGE('',*,*,#2150,.T.);
#2903=ORIENTED_EDGE('',*,*,#2143,.T.);
#2904=ORIENTED_EDGE('',*,*,#2136,.T.);
#2905=ORIENTED_EDGE('',*,*,#2129,.T.);
#2906=ORIENTED_EDGE('',*,*,#2121,.T.);
#2907=ORIENTED_EDGE('',*,*,#2220,.T.);
#2908=ORIENTED_EDGE('',*,*,#2221,.F.);
#2909=ORIENTED_EDGE('',*,*,#2220,.F.);
#2910=ORIENTED_EDGE('',*,*,#2122,.T.);
#2911=ORIENTED_EDGE('',*,*,#2114,.T.);
#2912=ORIENTED_EDGE('',*,*,#2107,.T.);
#2913=ORIENTED_EDGE('',*,*,#2100,.T.);
#2914=ORIENTED_EDGE('',*,*,#2093,.T.);
#2915=ORIENTED_EDGE('',*,*,#2086,.T.);
#2916=ORIENTED_EDGE('',*,*,#2079,.T.);
#2917=ORIENTED_EDGE('',*,*,#2072,.T.);
#2918=ORIENTED_EDGE('',*,*,#2065,.T.);
#2919=ORIENTED_EDGE('',*,*,#2058,.T.);
#2920=ORIENTED_EDGE('',*,*,#2051,.T.);
#2921=ORIENTED_EDGE('',*,*,#2044,.T.);
#2922=ORIENTED_EDGE('',*,*,#2037,.T.);
#2923=ORIENTED_EDGE('',*,*,#2219,.T.);
#2924=ORIENTED_EDGE('',*,*,#2217,.T.);
#2925=ORIENTED_EDGE('',*,*,#2214,.T.);
#2926=ORIENTED_EDGE('',*,*,#2034,.T.);
#2927=ORIENTED_EDGE('',*,*,#2030,.T.);
#2928=ORIENTED_EDGE('',*,*,#2042,.T.);
#2929=ORIENTED_EDGE('',*,*,#2038,.T.);
#2930=ORIENTED_EDGE('',*,*,#2049,.T.);
#2931=ORIENTED_EDGE('',*,*,#2045,.T.);
#2932=ORIENTED_EDGE('',*,*,#2056,.T.);
#2933=ORIENTED_EDGE('',*,*,#2052,.T.);
#2934=ORIENTED_EDGE('',*,*,#2063,.T.);
#2935=ORIENTED_EDGE('',*,*,#2059,.T.);
#2936=ORIENTED_EDGE('',*,*,#2070,.T.);
#2937=ORIENTED_EDGE('',*,*,#2066,.T.);
#2938=ORIENTED_EDGE('',*,*,#2077,.T.);
#2939=ORIENTED_EDGE('',*,*,#2073,.T.);
#2940=ORIENTED_EDGE('',*,*,#2084,.T.);
#2941=ORIENTED_EDGE('',*,*,#2080,.T.);
#2942=ORIENTED_EDGE('',*,*,#2091,.T.);
#2943=ORIENTED_EDGE('',*,*,#2087,.T.);
#2944=ORIENTED_EDGE('',*,*,#2098,.T.);
#2945=ORIENTED_EDGE('',*,*,#2094,.T.);
#2946=ORIENTED_EDGE('',*,*,#2105,.T.);
#2947=ORIENTED_EDGE('',*,*,#2101,.T.);
#2948=ORIENTED_EDGE('',*,*,#2108,.T.);
#2949=ORIENTED_EDGE('',*,*,#2111,.T.);
#2950=ORIENTED_EDGE('',*,*,#2119,.T.);
#2951=ORIENTED_EDGE('',*,*,#2115,.T.);
#2952=ORIENTED_EDGE('',*,*,#2127,.T.);
#2953=ORIENTED_EDGE('',*,*,#2123,.T.);
#2954=ORIENTED_EDGE('',*,*,#2134,.T.);
#2955=ORIENTED_EDGE('',*,*,#2130,.T.);
#2956=ORIENTED_EDGE('',*,*,#2141,.T.);
#2957=ORIENTED_EDGE('',*,*,#2137,.T.);
#2958=ORIENTED_EDGE('',*,*,#2148,.T.);
#2959=ORIENTED_EDGE('',*,*,#2144,.T.);
#2960=ORIENTED_EDGE('',*,*,#2155,.T.);
#2961=ORIENTED_EDGE('',*,*,#2151,.T.);
#2962=ORIENTED_EDGE('',*,*,#2162,.T.);
#2963=ORIENTED_EDGE('',*,*,#2158,.T.);
#2964=ORIENTED_EDGE('',*,*,#2169,.T.);
#2965=ORIENTED_EDGE('',*,*,#2165,.T.);
#2966=ORIENTED_EDGE('',*,*,#2176,.T.);
#2967=ORIENTED_EDGE('',*,*,#2172,.T.);
#2968=ORIENTED_EDGE('',*,*,#2183,.T.);
#2969=ORIENTED_EDGE('',*,*,#2179,.T.);
#2970=ORIENTED_EDGE('',*,*,#2190,.T.);
#2971=ORIENTED_EDGE('',*,*,#2186,.T.);
#2972=ORIENTED_EDGE('',*,*,#2197,.T.);
#2973=ORIENTED_EDGE('',*,*,#2193,.T.);
#2974=ORIENTED_EDGE('',*,*,#2204,.T.);
#2975=ORIENTED_EDGE('',*,*,#2200,.T.);
#2976=ORIENTED_EDGE('',*,*,#2211,.T.);
#2977=ORIENTED_EDGE('',*,*,#2207,.T.);
#2978=ORIENTED_EDGE('',*,*,#2222,.F.);
#2979=ORIENTED_EDGE('',*,*,#2223,.T.);
#2980=ORIENTED_EDGE('',*,*,#2224,.F.);
#2981=ORIENTED_EDGE('',*,*,#2225,.F.);
#2982=ORIENTED_EDGE('',*,*,#2226,.F.);
#2983=ORIENTED_EDGE('',*,*,#2225,.T.);
#2984=ORIENTED_EDGE('',*,*,#2227,.F.);
#2985=ORIENTED_EDGE('',*,*,#2228,.F.);
#2986=ORIENTED_EDGE('',*,*,#2229,.F.);
#2987=ORIENTED_EDGE('',*,*,#2230,.T.);
#2988=ORIENTED_EDGE('',*,*,#2231,.F.);
#2989=ORIENTED_EDGE('',*,*,#2223,.F.);
#2990=ORIENTED_EDGE('',*,*,#2231,.T.);
#2991=ORIENTED_EDGE('',*,*,#2232,.F.);
#2992=ORIENTED_EDGE('',*,*,#2227,.T.);
#2993=ORIENTED_EDGE('',*,*,#2224,.T.);
#2994=ORIENTED_EDGE('',*,*,#2233,.F.);
#2995=ORIENTED_EDGE('',*,*,#2234,.T.);
#2996=ORIENTED_EDGE('',*,*,#2230,.F.);
#2997=ORIENTED_EDGE('',*,*,#2235,.F.);
#2998=ORIENTED_EDGE('',*,*,#2228,.T.);
#2999=ORIENTED_EDGE('',*,*,#2232,.T.);
#3000=ORIENTED_EDGE('',*,*,#2234,.F.);
#3001=ORIENTED_EDGE('',*,*,#2235,.T.);
#3002=ORIENTED_EDGE('',*,*,#2229,.T.);
#3003=ORIENTED_EDGE('',*,*,#2222,.T.);
#3004=ORIENTED_EDGE('',*,*,#2226,.T.);
#3005=ORIENTED_EDGE('',*,*,#2221,.T.);
#3006=ORIENTED_EDGE('',*,*,#2233,.T.);
#3007=ORIENTED_EDGE('',*,*,#2236,.F.);
#3008=ORIENTED_EDGE('',*,*,#2237,.F.);
#3009=ORIENTED_EDGE('',*,*,#2238,.F.);
#3010=ORIENTED_EDGE('',*,*,#2239,.F.);
#3011=ORIENTED_EDGE('',*,*,#2240,.T.);
#3012=ORIENTED_EDGE('',*,*,#2241,.F.);
#3013=ORIENTED_EDGE('',*,*,#2240,.F.);
#3014=ORIENTED_EDGE('',*,*,#2242,.F.);
#3015=ORIENTED_EDGE('',*,*,#2243,.F.);
#3016=ORIENTED_EDGE('',*,*,#2237,.T.);
#3017=ORIENTED_EDGE('',*,*,#2244,.F.);
#3018=ORIENTED_EDGE('',*,*,#2245,.F.);
#3019=ORIENTED_EDGE('',*,*,#2246,.T.);
#3020=ORIENTED_EDGE('',*,*,#2242,.T.);
#3021=ORIENTED_EDGE('',*,*,#2239,.T.);
#3022=ORIENTED_EDGE('',*,*,#2246,.F.);
#3023=ORIENTED_EDGE('',*,*,#2247,.F.);
#3024=ORIENTED_EDGE('',*,*,#2245,.T.);
#3025=ORIENTED_EDGE('',*,*,#2248,.F.);
#3026=ORIENTED_EDGE('',*,*,#2249,.T.);
#3027=ORIENTED_EDGE('',*,*,#2247,.T.);
#3028=ORIENTED_EDGE('',*,*,#2249,.F.);
#3029=ORIENTED_EDGE('',*,*,#2248,.T.);
#3030=ORIENTED_EDGE('',*,*,#2250,.F.);
#3031=ORIENTED_EDGE('',*,*,#2251,.T.);
#3032=ORIENTED_EDGE('',*,*,#2244,.T.);
#3033=ORIENTED_EDGE('',*,*,#2236,.T.);
#3034=ORIENTED_EDGE('',*,*,#2252,.T.);
#3035=ORIENTED_EDGE('',*,*,#2253,.F.);
#3036=ORIENTED_EDGE('',*,*,#2252,.F.);
#3037=ORIENTED_EDGE('',*,*,#2238,.T.);
#3038=ORIENTED_EDGE('',*,*,#2243,.T.);
#3039=ORIENTED_EDGE('',*,*,#2251,.F.);
#3040=ORIENTED_EDGE('',*,*,#2250,.T.);
#3041=ORIENTED_EDGE('',*,*,#2241,.T.);
#3042=ORIENTED_EDGE('',*,*,#2254,.F.);
#3043=ORIENTED_EDGE('',*,*,#2255,.T.);
#3044=ORIENTED_EDGE('',*,*,#2256,.F.);
#3045=ORIENTED_EDGE('',*,*,#2255,.F.);
#3046=ORIENTED_EDGE('',*,*,#2257,.F.);
#3047=ORIENTED_EDGE('',*,*,#2258,.T.);
#3048=ORIENTED_EDGE('',*,*,#2259,.F.);
#3049=ORIENTED_EDGE('',*,*,#2258,.F.);
#3050=ORIENTED_EDGE('',*,*,#2260,.F.);
#3051=ORIENTED_EDGE('',*,*,#2261,.T.);
#3052=ORIENTED_EDGE('',*,*,#2262,.F.);
#3053=ORIENTED_EDGE('',*,*,#2261,.F.);
#3054=ORIENTED_EDGE('',*,*,#2263,.F.);
#3055=ORIENTED_EDGE('',*,*,#2264,.T.);
#3056=ORIENTED_EDGE('',*,*,#2265,.F.);
#3057=ORIENTED_EDGE('',*,*,#2264,.F.);
#3058=ORIENTED_EDGE('',*,*,#2266,.F.);
#3059=ORIENTED_EDGE('',*,*,#2267,.T.);
#3060=ORIENTED_EDGE('',*,*,#2268,.F.);
#3061=ORIENTED_EDGE('',*,*,#2269,.F.);
#3062=ORIENTED_EDGE('',*,*,#2270,.F.);
#3063=ORIENTED_EDGE('',*,*,#2269,.T.);
#3064=ORIENTED_EDGE('',*,*,#2271,.F.);
#3065=ORIENTED_EDGE('',*,*,#2272,.F.);
#3066=ORIENTED_EDGE('',*,*,#2273,.F.);
#3067=ORIENTED_EDGE('',*,*,#2272,.T.);
#3068=ORIENTED_EDGE('',*,*,#2274,.F.);
#3069=ORIENTED_EDGE('',*,*,#2275,.F.);
#3070=ORIENTED_EDGE('',*,*,#2276,.F.);
#3071=ORIENTED_EDGE('',*,*,#2275,.T.);
#3072=ORIENTED_EDGE('',*,*,#2277,.F.);
#3073=ORIENTED_EDGE('',*,*,#2267,.F.);
#3074=ORIENTED_EDGE('',*,*,#2276,.T.);
#3075=ORIENTED_EDGE('',*,*,#2266,.T.);
#3076=ORIENTED_EDGE('',*,*,#2270,.T.);
#3077=ORIENTED_EDGE('',*,*,#2273,.T.);
#3078=ORIENTED_EDGE('',*,*,#2253,.T.);
#3079=ORIENTED_EDGE('',*,*,#2265,.T.);
#3080=ORIENTED_EDGE('',*,*,#2262,.T.);
#3081=ORIENTED_EDGE('',*,*,#2259,.T.);
#3082=ORIENTED_EDGE('',*,*,#2256,.T.);
#3083=ORIENTED_EDGE('',*,*,#2277,.T.);
#3084=ORIENTED_EDGE('',*,*,#2274,.T.);
#3085=ORIENTED_EDGE('',*,*,#2271,.T.);
#3086=ORIENTED_EDGE('',*,*,#2268,.T.);
#3087=ORIENTED_EDGE('',*,*,#2263,.T.);
#3088=ORIENTED_EDGE('',*,*,#2260,.T.);
#3089=ORIENTED_EDGE('',*,*,#2257,.T.);
#3090=ORIENTED_EDGE('',*,*,#2254,.T.);
#3091=ORIENTED_EDGE('',*,*,#2278,.T.);
#3092=ORIENTED_EDGE('',*,*,#2279,.T.);
#3093=ORIENTED_EDGE('',*,*,#2280,.T.);
#3094=ORIENTED_EDGE('',*,*,#2281,.T.);
#3095=ORIENTED_EDGE('',*,*,#2282,.T.);
#3096=ORIENTED_EDGE('',*,*,#2283,.T.);
#3097=ORIENTED_EDGE('',*,*,#2284,.F.);
#3098=ORIENTED_EDGE('',*,*,#2285,.F.);
#3099=ORIENTED_EDGE('',*,*,#2286,.T.);
#3100=ORIENTED_EDGE('',*,*,#2287,.T.);
#3101=ORIENTED_EDGE('',*,*,#2288,.T.);
#3102=ORIENTED_EDGE('',*,*,#2289,.T.);
#3103=ORIENTED_EDGE('',*,*,#2290,.T.);
#3104=ORIENTED_EDGE('',*,*,#2291,.T.);
#3105=ORIENTED_EDGE('',*,*,#2292,.F.);
#3106=ORIENTED_EDGE('',*,*,#2293,.F.);
#3107=ORIENTED_EDGE('',*,*,#2294,.F.);
#3108=ORIENTED_EDGE('',*,*,#2295,.F.);
#3109=ORIENTED_EDGE('',*,*,#2296,.F.);
#3110=ORIENTED_EDGE('',*,*,#2297,.F.);
#3111=ORIENTED_EDGE('',*,*,#2298,.F.);
#3112=ORIENTED_EDGE('',*,*,#2297,.T.);
#3113=ORIENTED_EDGE('',*,*,#2299,.F.);
#3114=ORIENTED_EDGE('',*,*,#2300,.F.);
#3115=ORIENTED_EDGE('',*,*,#2300,.T.);
#3116=ORIENTED_EDGE('',*,*,#2301,.F.);
#3117=ORIENTED_EDGE('',*,*,#2302,.F.);
#3118=ORIENTED_EDGE('',*,*,#2303,.T.);
#3119=ORIENTED_EDGE('',*,*,#2299,.T.);
#3120=ORIENTED_EDGE('',*,*,#2296,.T.);
#3121=ORIENTED_EDGE('',*,*,#2304,.F.);
#3122=ORIENTED_EDGE('',*,*,#2305,.F.);
#3123=ORIENTED_EDGE('',*,*,#2301,.T.);
#3124=ORIENTED_EDGE('',*,*,#2298,.T.);
#3125=ORIENTED_EDGE('',*,*,#2303,.F.);
#3126=ORIENTED_EDGE('',*,*,#2306,.F.);
#3127=ORIENTED_EDGE('',*,*,#2307,.T.);
#3128=ORIENTED_EDGE('',*,*,#2294,.T.);
#3129=ORIENTED_EDGE('',*,*,#2295,.T.);
#3130=ORIENTED_EDGE('',*,*,#2307,.F.);
#3131=ORIENTED_EDGE('',*,*,#2308,.F.);
#3132=ORIENTED_EDGE('',*,*,#2304,.T.);
#3133=ORIENTED_EDGE('',*,*,#2309,.F.);
#3134=ORIENTED_EDGE('',*,*,#2310,.T.);
#3135=ORIENTED_EDGE('',*,*,#2311,.F.);
#3136=ORIENTED_EDGE('',*,*,#2312,.F.);
#3137=ORIENTED_EDGE('',*,*,#2313,.F.);
#3138=ORIENTED_EDGE('',*,*,#2314,.T.);
#3139=ORIENTED_EDGE('',*,*,#2315,.F.);
#3140=ORIENTED_EDGE('',*,*,#2316,.F.);
#3141=ORIENTED_EDGE('',*,*,#2315,.T.);
#3142=ORIENTED_EDGE('',*,*,#2317,.T.);
#3143=ORIENTED_EDGE('',*,*,#2311,.T.);
#3144=ORIENTED_EDGE('',*,*,#2318,.T.);
#3145=ORIENTED_EDGE('',*,*,#2313,.T.);
#3146=ORIENTED_EDGE('',*,*,#2319,.F.);
#3147=ORIENTED_EDGE('',*,*,#2320,.F.);
#3148=ORIENTED_EDGE('',*,*,#2321,.F.);
#3149=ORIENTED_EDGE('',*,*,#2322,.F.);
#3150=ORIENTED_EDGE('',*,*,#2323,.T.);
#3151=ORIENTED_EDGE('',*,*,#2324,.F.);
#3152=ORIENTED_EDGE('',*,*,#2325,.F.);
#3153=ORIENTED_EDGE('',*,*,#2326,.F.);
#3154=ORIENTED_EDGE('',*,*,#2327,.T.);
#3155=ORIENTED_EDGE('',*,*,#2328,.F.);
#3156=ORIENTED_EDGE('',*,*,#2329,.F.);
#3157=ORIENTED_EDGE('',*,*,#2330,.T.);
#3158=ORIENTED_EDGE('',*,*,#2328,.T.);
#3159=ORIENTED_EDGE('',*,*,#2331,.T.);
#3160=ORIENTED_EDGE('',*,*,#2324,.T.);
#3161=ORIENTED_EDGE('',*,*,#2322,.T.);
#3162=ORIENTED_EDGE('',*,*,#2332,.F.);
#3163=ORIENTED_EDGE('',*,*,#2333,.F.);
#3164=ORIENTED_EDGE('',*,*,#2334,.F.);
#3165=ORIENTED_EDGE('',*,*,#2309,.T.);
#3166=ORIENTED_EDGE('',*,*,#2335,.F.);
#3167=ORIENTED_EDGE('',*,*,#2326,.T.);
#3168=ORIENTED_EDGE('',*,*,#2336,.F.);
#3169=ORIENTED_EDGE('',*,*,#2337,.F.);
#3170=ORIENTED_EDGE('',*,*,#2338,.F.);
#3171=ORIENTED_EDGE('',*,*,#2339,.F.);
#3172=ORIENTED_EDGE('',*,*,#2291,.F.);
#3173=ORIENTED_EDGE('',*,*,#2340,.F.);
#3174=ORIENTED_EDGE('',*,*,#2293,.T.);
#3175=ORIENTED_EDGE('',*,*,#2341,.F.);
#3176=ORIENTED_EDGE('',*,*,#2342,.F.);
#3177=ORIENTED_EDGE('',*,*,#2343,.F.);
#3178=ORIENTED_EDGE('',*,*,#2341,.T.);
#3179=ORIENTED_EDGE('',*,*,#2292,.T.);
#3180=ORIENTED_EDGE('',*,*,#2339,.T.);
#3181=ORIENTED_EDGE('',*,*,#2342,.T.);
#3182=ORIENTED_EDGE('',*,*,#2343,.T.);
#3183=ORIENTED_EDGE('',*,*,#2338,.T.);
#3184=ORIENTED_EDGE('',*,*,#2344,.T.);
#3185=ORIENTED_EDGE('',*,*,#2345,.F.);
#3186=ORIENTED_EDGE('',*,*,#2333,.T.);
#3187=ORIENTED_EDGE('',*,*,#2346,.T.);
#3188=ORIENTED_EDGE('',*,*,#2347,.T.);
#3189=ORIENTED_EDGE('',*,*,#2348,.F.);
#3190=ORIENTED_EDGE('',*,*,#2349,.F.);
#3191=ORIENTED_EDGE('',*,*,#2350,.F.);
#3192=ORIENTED_EDGE('',*,*,#2283,.F.);
#3193=ORIENTED_EDGE('',*,*,#2351,.F.);
#3194=ORIENTED_EDGE('',*,*,#2285,.T.);
#3195=ORIENTED_EDGE('',*,*,#2352,.F.);
#3196=ORIENTED_EDGE('',*,*,#2353,.F.);
#3197=ORIENTED_EDGE('',*,*,#2354,.F.);
#3198=ORIENTED_EDGE('',*,*,#2352,.T.);
#3199=ORIENTED_EDGE('',*,*,#2284,.T.);
#3200=ORIENTED_EDGE('',*,*,#2350,.T.);
#3201=ORIENTED_EDGE('',*,*,#2353,.T.);
#3202=ORIENTED_EDGE('',*,*,#2354,.T.);
#3203=ORIENTED_EDGE('',*,*,#2349,.T.);
#3204=ORIENTED_EDGE('',*,*,#2355,.T.);
#3205=ORIENTED_EDGE('',*,*,#2356,.F.);
#3206=ORIENTED_EDGE('',*,*,#2320,.T.);
#3207=ORIENTED_EDGE('',*,*,#2357,.T.);
#3208=ORIENTED_EDGE('',*,*,#2358,.T.);
#3209=ORIENTED_EDGE('',*,*,#2359,.F.);
#3210=ORIENTED_EDGE('',*,*,#2287,.F.);
#3211=ORIENTED_EDGE('',*,*,#2360,.T.);
#3212=ORIENTED_EDGE('',*,*,#2281,.F.);
#3213=ORIENTED_EDGE('',*,*,#2361,.F.);
#3214=ORIENTED_EDGE('',*,*,#2279,.F.);
#3215=ORIENTED_EDGE('',*,*,#2362,.T.);
#3216=ORIENTED_EDGE('',*,*,#2289,.F.);
#3217=ORIENTED_EDGE('',*,*,#2362,.F.);
#3218=ORIENTED_EDGE('',*,*,#2278,.F.);
#3219=ORIENTED_EDGE('',*,*,#2360,.F.);
#3220=ORIENTED_EDGE('',*,*,#2286,.F.);
#3221=ORIENTED_EDGE('',*,*,#2351,.T.);
#3222=ORIENTED_EDGE('',*,*,#2358,.F.);
#3223=ORIENTED_EDGE('',*,*,#2363,.F.);
#3224=ORIENTED_EDGE('',*,*,#2344,.F.);
#3225=ORIENTED_EDGE('',*,*,#2337,.T.);
#3226=ORIENTED_EDGE('',*,*,#2290,.F.);
#3227=ORIENTED_EDGE('',*,*,#2340,.T.);
#3228=ORIENTED_EDGE('',*,*,#2347,.F.);
#3229=ORIENTED_EDGE('',*,*,#2364,.F.);
#3230=ORIENTED_EDGE('',*,*,#2355,.F.);
#3231=ORIENTED_EDGE('',*,*,#2348,.T.);
#3232=ORIENTED_EDGE('',*,*,#2282,.F.);
#3233=ORIENTED_EDGE('',*,*,#2364,.T.);
#3234=ORIENTED_EDGE('',*,*,#2346,.F.);
#3235=ORIENTED_EDGE('',*,*,#2332,.T.);
#3236=ORIENTED_EDGE('',*,*,#2325,.T.);
#3237=ORIENTED_EDGE('',*,*,#2331,.F.);
#3238=ORIENTED_EDGE('',*,*,#2327,.F.);
#3239=ORIENTED_EDGE('',*,*,#2335,.T.);
#3240=ORIENTED_EDGE('',*,*,#2312,.T.);
#3241=ORIENTED_EDGE('',*,*,#2317,.F.);
#3242=ORIENTED_EDGE('',*,*,#2314,.F.);
#3243=ORIENTED_EDGE('',*,*,#2321,.T.);
#3244=ORIENTED_EDGE('',*,*,#2356,.T.);
#3245=ORIENTED_EDGE('',*,*,#2363,.T.);
#3246=ORIENTED_EDGE('',*,*,#2357,.F.);
#3247=ORIENTED_EDGE('',*,*,#2319,.T.);
#3248=ORIENTED_EDGE('',*,*,#2316,.T.);
#3249=ORIENTED_EDGE('',*,*,#2318,.F.);
#3250=ORIENTED_EDGE('',*,*,#2310,.F.);
#3251=ORIENTED_EDGE('',*,*,#2336,.T.);
#3252=ORIENTED_EDGE('',*,*,#2329,.T.);
#3253=ORIENTED_EDGE('',*,*,#2330,.F.);
#3254=ORIENTED_EDGE('',*,*,#2323,.F.);
#3255=ORIENTED_EDGE('',*,*,#2334,.T.);
#3256=ORIENTED_EDGE('',*,*,#2345,.T.);
#3257=ORIENTED_EDGE('',*,*,#2359,.T.);
#3258=ORIENTED_EDGE('',*,*,#2280,.F.);
#3259=ORIENTED_EDGE('',*,*,#2361,.T.);
#3260=ORIENTED_EDGE('',*,*,#2288,.F.);
#3261=ORIENTED_EDGE('',*,*,#2306,.T.);
#3262=ORIENTED_EDGE('',*,*,#2302,.T.);
#3263=ORIENTED_EDGE('',*,*,#2305,.T.);
#3264=ORIENTED_EDGE('',*,*,#2308,.T.);
#3265=ORIENTED_EDGE('',*,*,#2365,.F.);
#3266=ORIENTED_EDGE('',*,*,#2366,.F.);
#3267=ORIENTED_EDGE('',*,*,#2367,.F.);
#3268=ORIENTED_EDGE('',*,*,#2368,.F.);
#3269=ORIENTED_EDGE('',*,*,#2369,.F.);
#3270=ORIENTED_EDGE('',*,*,#2370,.T.);
#3271=ORIENTED_EDGE('',*,*,#2371,.F.);
#3272=ORIENTED_EDGE('',*,*,#2370,.F.);
#3273=ORIENTED_EDGE('',*,*,#2372,.F.);
#3274=ORIENTED_EDGE('',*,*,#2373,.F.);
#3275=ORIENTED_EDGE('',*,*,#2366,.T.);
#3276=ORIENTED_EDGE('',*,*,#2374,.T.);
#3277=ORIENTED_EDGE('',*,*,#2375,.T.);
#3278=ORIENTED_EDGE('',*,*,#2376,.T.);
#3279=ORIENTED_EDGE('',*,*,#2367,.T.);
#3280=ORIENTED_EDGE('',*,*,#2373,.T.);
#3281=ORIENTED_EDGE('',*,*,#2372,.T.);
#3282=ORIENTED_EDGE('',*,*,#2369,.T.);
#3283=ORIENTED_EDGE('',*,*,#2375,.F.);
#3284=ORIENTED_EDGE('',*,*,#2377,.F.);
#3285=ORIENTED_EDGE('',*,*,#2378,.T.);
#3286=ORIENTED_EDGE('',*,*,#2379,.F.);
#3287=ORIENTED_EDGE('',*,*,#2380,.F.);
#3288=ORIENTED_EDGE('',*,*,#2381,.F.);
#3289=ORIENTED_EDGE('',*,*,#2382,.F.);
#3290=ORIENTED_EDGE('',*,*,#2383,.F.);
#3291=ORIENTED_EDGE('',*,*,#2384,.F.);
#3292=ORIENTED_EDGE('',*,*,#2385,.F.);
#3293=ORIENTED_EDGE('',*,*,#2384,.T.);
#3294=ORIENTED_EDGE('',*,*,#2386,.F.);
#3295=ORIENTED_EDGE('',*,*,#2378,.F.);
#3296=ORIENTED_EDGE('',*,*,#2386,.T.);
#3297=ORIENTED_EDGE('',*,*,#2383,.T.);
#3298=ORIENTED_EDGE('',*,*,#2387,.F.);
#3299=ORIENTED_EDGE('',*,*,#2379,.T.);
#3300=ORIENTED_EDGE('',*,*,#2388,.F.);
#3301=ORIENTED_EDGE('',*,*,#2381,.T.);
#3302=ORIENTED_EDGE('',*,*,#2385,.T.);
#3303=ORIENTED_EDGE('',*,*,#2377,.T.);
#3304=ORIENTED_EDGE('',*,*,#2389,.T.);
#3305=ORIENTED_EDGE('',*,*,#2390,.T.);
#3306=ORIENTED_EDGE('',*,*,#2391,.F.);
#3307=ORIENTED_EDGE('',*,*,#2392,.T.);
#3308=ORIENTED_EDGE('',*,*,#2393,.F.);
#3309=ORIENTED_EDGE('',*,*,#2394,.F.);
#3310=ORIENTED_EDGE('',*,*,#2395,.F.);
#3311=ORIENTED_EDGE('',*,*,#2394,.T.);
#3312=ORIENTED_EDGE('',*,*,#2396,.F.);
#3313=ORIENTED_EDGE('',*,*,#2397,.F.);
#3314=ORIENTED_EDGE('',*,*,#2398,.F.);
#3315=ORIENTED_EDGE('',*,*,#2397,.T.);
#3316=ORIENTED_EDGE('',*,*,#2399,.F.);
#3317=ORIENTED_EDGE('',*,*,#2400,.F.);
#3318=ORIENTED_EDGE('',*,*,#2401,.F.);
#3319=ORIENTED_EDGE('',*,*,#2400,.T.);
#3320=ORIENTED_EDGE('',*,*,#2402,.F.);
#3321=ORIENTED_EDGE('',*,*,#2392,.F.);
#3322=ORIENTED_EDGE('',*,*,#2402,.T.);
#3323=ORIENTED_EDGE('',*,*,#2399,.T.);
#3324=ORIENTED_EDGE('',*,*,#2396,.T.);
#3325=ORIENTED_EDGE('',*,*,#2393,.T.);
#3326=ORIENTED_EDGE('',*,*,#2403,.F.);
#3327=ORIENTED_EDGE('',*,*,#2404,.T.);
#3328=ORIENTED_EDGE('',*,*,#2405,.F.);
#3329=ORIENTED_EDGE('',*,*,#2406,.F.);
#3330=ORIENTED_EDGE('',*,*,#2407,.F.);
#3331=ORIENTED_EDGE('',*,*,#2406,.T.);
#3332=ORIENTED_EDGE('',*,*,#2408,.F.);
#3333=ORIENTED_EDGE('',*,*,#2409,.F.);
#3334=ORIENTED_EDGE('',*,*,#2410,.F.);
#3335=ORIENTED_EDGE('',*,*,#2409,.T.);
#3336=ORIENTED_EDGE('',*,*,#2411,.F.);
#3337=ORIENTED_EDGE('',*,*,#2412,.F.);
#3338=ORIENTED_EDGE('',*,*,#2413,.F.);
#3339=ORIENTED_EDGE('',*,*,#2412,.T.);
#3340=ORIENTED_EDGE('',*,*,#2414,.F.);
#3341=ORIENTED_EDGE('',*,*,#2404,.F.);
#3342=ORIENTED_EDGE('',*,*,#2414,.T.);
#3343=ORIENTED_EDGE('',*,*,#2411,.T.);
#3344=ORIENTED_EDGE('',*,*,#2408,.T.);
#3345=ORIENTED_EDGE('',*,*,#2405,.T.);
#3346=ORIENTED_EDGE('',*,*,#2415,.F.);
#3347=ORIENTED_EDGE('',*,*,#2416,.T.);
#3348=ORIENTED_EDGE('',*,*,#2417,.F.);
#3349=ORIENTED_EDGE('',*,*,#2418,.F.);
#3350=ORIENTED_EDGE('',*,*,#2419,.F.);
#3351=ORIENTED_EDGE('',*,*,#2418,.T.);
#3352=ORIENTED_EDGE('',*,*,#2420,.F.);
#3353=ORIENTED_EDGE('',*,*,#2421,.F.);
#3354=ORIENTED_EDGE('',*,*,#2422,.F.);
#3355=ORIENTED_EDGE('',*,*,#2421,.T.);
#3356=ORIENTED_EDGE('',*,*,#2423,.F.);
#3357=ORIENTED_EDGE('',*,*,#2424,.F.);
#3358=ORIENTED_EDGE('',*,*,#2425,.F.);
#3359=ORIENTED_EDGE('',*,*,#2424,.T.);
#3360=ORIENTED_EDGE('',*,*,#2426,.F.);
#3361=ORIENTED_EDGE('',*,*,#2416,.F.);
#3362=ORIENTED_EDGE('',*,*,#2426,.T.);
#3363=ORIENTED_EDGE('',*,*,#2423,.T.);
#3364=ORIENTED_EDGE('',*,*,#2420,.T.);
#3365=ORIENTED_EDGE('',*,*,#2417,.T.);
#3366=ORIENTED_EDGE('',*,*,#2365,.T.);
#3367=ORIENTED_EDGE('',*,*,#2376,.F.);
#3368=ORIENTED_EDGE('',*,*,#2368,.T.);
#3369=ORIENTED_EDGE('',*,*,#2371,.T.);
#3370=ORIENTED_EDGE('',*,*,#2374,.F.);
#3371=ORIENTED_EDGE('',*,*,#2427,.T.);
#3372=ORIENTED_EDGE('',*,*,#2388,.T.);
#3373=ORIENTED_EDGE('',*,*,#2427,.F.);
#3374=ORIENTED_EDGE('',*,*,#2428,.F.);
#3375=ORIENTED_EDGE('',*,*,#2429,.T.);
#3376=ORIENTED_EDGE('',*,*,#2389,.F.);
#3377=ORIENTED_EDGE('',*,*,#2380,.T.);
#3378=ORIENTED_EDGE('',*,*,#2387,.T.);
#3379=ORIENTED_EDGE('',*,*,#2382,.T.);
#3380=ORIENTED_EDGE('',*,*,#2390,.F.);
#3381=ORIENTED_EDGE('',*,*,#2429,.F.);
#3382=ORIENTED_EDGE('',*,*,#2428,.T.);
#3383=ORIENTED_EDGE('',*,*,#2391,.T.);
#3384=ORIENTED_EDGE('',*,*,#2395,.T.);
#3385=ORIENTED_EDGE('',*,*,#2398,.T.);
#3386=ORIENTED_EDGE('',*,*,#2401,.T.);
#3387=ORIENTED_EDGE('',*,*,#2403,.T.);
#3388=ORIENTED_EDGE('',*,*,#2407,.T.);
#3389=ORIENTED_EDGE('',*,*,#2410,.T.);
#3390=ORIENTED_EDGE('',*,*,#2413,.T.);
#3391=ORIENTED_EDGE('',*,*,#2415,.T.);
#3392=ORIENTED_EDGE('',*,*,#2419,.T.);
#3393=ORIENTED_EDGE('',*,*,#2422,.T.);
#3394=ORIENTED_EDGE('',*,*,#2425,.T.);
#3395=ORIENTED_EDGE('',*,*,#2430,.T.);
#3396=ORIENTED_EDGE('',*,*,#2431,.F.);
#3397=ORIENTED_EDGE('',*,*,#2432,.T.);
#3398=ORIENTED_EDGE('',*,*,#2433,.F.);
#3399=ORIENTED_EDGE('',*,*,#2432,.F.);
#3400=ORIENTED_EDGE('',*,*,#2431,.T.);
#3401=ORIENTED_EDGE('',*,*,#2434,.F.);
#3402=ORIENTED_EDGE('',*,*,#2435,.T.);
#3403=ORIENTED_EDGE('',*,*,#2436,.F.);
#3404=ORIENTED_EDGE('',*,*,#2435,.F.);
#3405=ORIENTED_EDGE('',*,*,#2434,.T.);
#3406=ORIENTED_EDGE('',*,*,#2437,.T.);
#3407=ORIENTED_EDGE('',*,*,#2430,.F.);
#3408=ORIENTED_EDGE('',*,*,#2438,.T.);
#3409=ORIENTED_EDGE('',*,*,#2437,.F.);
#3410=ORIENTED_EDGE('',*,*,#2438,.F.);
#3411=ORIENTED_EDGE('',*,*,#2439,.F.);
#3412=ORIENTED_EDGE('',*,*,#2440,.T.);
#3413=ORIENTED_EDGE('',*,*,#2441,.F.);
#3414=ORIENTED_EDGE('',*,*,#2442,.F.);
#3415=ORIENTED_EDGE('',*,*,#2443,.F.);
#3416=ORIENTED_EDGE('',*,*,#2442,.T.);
#3417=ORIENTED_EDGE('',*,*,#2444,.F.);
#3418=ORIENTED_EDGE('',*,*,#2445,.F.);
#3419=ORIENTED_EDGE('',*,*,#2446,.F.);
#3420=ORIENTED_EDGE('',*,*,#2445,.T.);
#3421=ORIENTED_EDGE('',*,*,#2447,.F.);
#3422=ORIENTED_EDGE('',*,*,#2448,.F.);
#3423=ORIENTED_EDGE('',*,*,#2449,.F.);
#3424=ORIENTED_EDGE('',*,*,#2448,.T.);
#3425=ORIENTED_EDGE('',*,*,#2450,.F.);
#3426=ORIENTED_EDGE('',*,*,#2451,.F.);
#3427=ORIENTED_EDGE('',*,*,#2452,.F.);
#3428=ORIENTED_EDGE('',*,*,#2451,.T.);
#3429=ORIENTED_EDGE('',*,*,#2453,.F.);
#3430=ORIENTED_EDGE('',*,*,#2454,.F.);
#3431=ORIENTED_EDGE('',*,*,#2455,.F.);
#3432=ORIENTED_EDGE('',*,*,#2454,.T.);
#3433=ORIENTED_EDGE('',*,*,#2456,.F.);
#3434=ORIENTED_EDGE('',*,*,#2440,.F.);
#3435=ORIENTED_EDGE('',*,*,#2455,.T.);
#3436=ORIENTED_EDGE('',*,*,#2439,.T.);
#3437=ORIENTED_EDGE('',*,*,#2443,.T.);
#3438=ORIENTED_EDGE('',*,*,#2446,.T.);
#3439=ORIENTED_EDGE('',*,*,#2449,.T.);
#3440=ORIENTED_EDGE('',*,*,#2452,.T.);
#3441=ORIENTED_EDGE('',*,*,#2436,.T.);
#3442=ORIENTED_EDGE('',*,*,#2456,.T.);
#3443=ORIENTED_EDGE('',*,*,#2453,.T.);
#3444=ORIENTED_EDGE('',*,*,#2450,.T.);
#3445=ORIENTED_EDGE('',*,*,#2447,.T.);
#3446=ORIENTED_EDGE('',*,*,#2444,.T.);
#3447=ORIENTED_EDGE('',*,*,#2441,.T.);
#3448=ORIENTED_EDGE('',*,*,#2433,.T.);
#3449=ORIENTED_EDGE('',*,*,#2457,.F.);
#3450=ORIENTED_EDGE('',*,*,#2458,.T.);
#3451=ORIENTED_EDGE('',*,*,#2459,.F.);
#3452=ORIENTED_EDGE('',*,*,#2460,.F.);
#3453=ORIENTED_EDGE('',*,*,#2461,.F.);
#3454=ORIENTED_EDGE('',*,*,#2460,.T.);
#3455=ORIENTED_EDGE('',*,*,#2462,.F.);
#3456=ORIENTED_EDGE('',*,*,#2463,.F.);
#3457=ORIENTED_EDGE('',*,*,#2464,.F.);
#3458=ORIENTED_EDGE('',*,*,#2463,.T.);
#3459=ORIENTED_EDGE('',*,*,#2465,.F.);
#3460=ORIENTED_EDGE('',*,*,#2466,.F.);
#3461=ORIENTED_EDGE('',*,*,#2467,.F.);
#3462=ORIENTED_EDGE('',*,*,#2468,.T.);
#3463=ORIENTED_EDGE('',*,*,#2469,.F.);
#3464=ORIENTED_EDGE('',*,*,#2470,.F.);
#3465=ORIENTED_EDGE('',*,*,#2471,.F.);
#3466=ORIENTED_EDGE('',*,*,#2470,.T.);
#3467=ORIENTED_EDGE('',*,*,#2472,.F.);
#3468=ORIENTED_EDGE('',*,*,#2473,.F.);
#3469=ORIENTED_EDGE('',*,*,#2474,.F.);
#3470=ORIENTED_EDGE('',*,*,#2473,.T.);
#3471=ORIENTED_EDGE('',*,*,#2475,.F.);
#3472=ORIENTED_EDGE('',*,*,#2476,.F.);
#3473=ORIENTED_EDGE('',*,*,#2475,.T.);
#3474=ORIENTED_EDGE('',*,*,#2472,.T.);
#3475=ORIENTED_EDGE('',*,*,#2469,.T.);
#3476=ORIENTED_EDGE('',*,*,#2477,.T.);
#3477=ORIENTED_EDGE('',*,*,#2478,.T.);
#3478=ORIENTED_EDGE('',*,*,#2479,.T.);
#3479=ORIENTED_EDGE('',*,*,#2465,.T.);
#3480=ORIENTED_EDGE('',*,*,#2462,.T.);
#3481=ORIENTED_EDGE('',*,*,#2459,.T.);
#3482=ORIENTED_EDGE('',*,*,#2480,.T.);
#3483=ORIENTED_EDGE('',*,*,#2481,.T.);
#3484=ORIENTED_EDGE('',*,*,#2482,.T.);
#3485=ORIENTED_EDGE('',*,*,#2483,.T.);
#3486=ORIENTED_EDGE('',*,*,#2467,.T.);
#3487=ORIENTED_EDGE('',*,*,#2471,.T.);
#3488=ORIENTED_EDGE('',*,*,#2474,.T.);
#3489=ORIENTED_EDGE('',*,*,#2484,.T.);
#3490=ORIENTED_EDGE('',*,*,#2485,.F.);
#3491=ORIENTED_EDGE('',*,*,#2486,.F.);
#3492=ORIENTED_EDGE('',*,*,#2487,.T.);
#3493=ORIENTED_EDGE('',*,*,#2488,.F.);
#3494=ORIENTED_EDGE('',*,*,#2489,.F.);
#3495=ORIENTED_EDGE('',*,*,#2490,.T.);
#3496=ORIENTED_EDGE('',*,*,#2491,.T.);
#3497=ORIENTED_EDGE('',*,*,#2490,.F.);
#3498=ORIENTED_EDGE('',*,*,#2492,.F.);
#3499=ORIENTED_EDGE('',*,*,#2493,.T.);
#3500=ORIENTED_EDGE('',*,*,#2488,.T.);
#3501=ORIENTED_EDGE('',*,*,#2493,.F.);
#3502=ORIENTED_EDGE('',*,*,#2486,.T.);
#3503=ORIENTED_EDGE('',*,*,#2494,.T.);
#3504=ORIENTED_EDGE('',*,*,#2495,.F.);
#3505=ORIENTED_EDGE('',*,*,#2496,.F.);
#3506=ORIENTED_EDGE('',*,*,#2487,.F.);
#3507=ORIENTED_EDGE('',*,*,#2496,.T.);
#3508=ORIENTED_EDGE('',*,*,#2497,.F.);
#3509=ORIENTED_EDGE('',*,*,#2498,.F.);
#3510=ORIENTED_EDGE('',*,*,#2498,.T.);
#3511=ORIENTED_EDGE('',*,*,#2499,.F.);
#3512=ORIENTED_EDGE('',*,*,#2500,.F.);
#3513=ORIENTED_EDGE('',*,*,#2477,.F.);
#3514=ORIENTED_EDGE('',*,*,#2468,.F.);
#3515=ORIENTED_EDGE('',*,*,#2483,.F.);
#3516=ORIENTED_EDGE('',*,*,#2500,.T.);
#3517=ORIENTED_EDGE('',*,*,#2501,.F.);
#3518=ORIENTED_EDGE('',*,*,#2502,.F.);
#3519=ORIENTED_EDGE('',*,*,#2478,.F.);
#3520=ORIENTED_EDGE('',*,*,#2502,.T.);
#3521=ORIENTED_EDGE('',*,*,#2503,.F.);
#3522=ORIENTED_EDGE('',*,*,#2504,.F.);
#3523=ORIENTED_EDGE('',*,*,#2505,.F.);
#3524=ORIENTED_EDGE('',*,*,#2466,.T.);
#3525=ORIENTED_EDGE('',*,*,#2479,.F.);
#3526=ORIENTED_EDGE('',*,*,#2506,.T.);
#3527=ORIENTED_EDGE('',*,*,#2504,.T.);
#3528=ORIENTED_EDGE('',*,*,#2507,.F.);
#3529=ORIENTED_EDGE('',*,*,#2508,.F.);
#3530=ORIENTED_EDGE('',*,*,#2509,.T.);
#3531=ORIENTED_EDGE('',*,*,#2508,.T.);
#3532=ORIENTED_EDGE('',*,*,#2510,.F.);
#3533=ORIENTED_EDGE('',*,*,#2511,.F.);
#3534=ORIENTED_EDGE('',*,*,#2512,.F.);
#3535=ORIENTED_EDGE('',*,*,#2511,.T.);
#3536=ORIENTED_EDGE('',*,*,#2513,.F.);
#3537=ORIENTED_EDGE('',*,*,#2514,.F.);
#3538=ORIENTED_EDGE('',*,*,#2514,.T.);
#3539=ORIENTED_EDGE('',*,*,#2515,.F.);
#3540=ORIENTED_EDGE('',*,*,#2516,.F.);
#3541=ORIENTED_EDGE('',*,*,#2480,.F.);
#3542=ORIENTED_EDGE('',*,*,#2458,.F.);
#3543=ORIENTED_EDGE('',*,*,#2517,.F.);
#3544=ORIENTED_EDGE('',*,*,#2516,.T.);
#3545=ORIENTED_EDGE('',*,*,#2518,.F.);
#3546=ORIENTED_EDGE('',*,*,#2519,.F.);
#3547=ORIENTED_EDGE('',*,*,#2481,.F.);
#3548=ORIENTED_EDGE('',*,*,#2519,.T.);
#3549=ORIENTED_EDGE('',*,*,#2520,.F.);
#3550=ORIENTED_EDGE('',*,*,#2521,.F.);
#3551=ORIENTED_EDGE('',*,*,#2484,.F.);
#3552=ORIENTED_EDGE('',*,*,#2476,.T.);
#3553=ORIENTED_EDGE('',*,*,#2482,.F.);
#3554=ORIENTED_EDGE('',*,*,#2485,.T.);
#3555=ORIENTED_EDGE('',*,*,#2521,.T.);
#3556=ORIENTED_EDGE('',*,*,#2522,.F.);
#3557=ORIENTED_EDGE('',*,*,#2494,.F.);
#3558=ORIENTED_EDGE('',*,*,#2522,.T.);
#3559=ORIENTED_EDGE('',*,*,#2520,.T.);
#3560=ORIENTED_EDGE('',*,*,#2518,.T.);
#3561=ORIENTED_EDGE('',*,*,#2515,.T.);
#3562=ORIENTED_EDGE('',*,*,#2513,.T.);
#3563=ORIENTED_EDGE('',*,*,#2510,.T.);
#3564=ORIENTED_EDGE('',*,*,#2507,.T.);
#3565=ORIENTED_EDGE('',*,*,#2503,.T.);
#3566=ORIENTED_EDGE('',*,*,#2501,.T.);
#3567=ORIENTED_EDGE('',*,*,#2499,.T.);
#3568=ORIENTED_EDGE('',*,*,#2497,.T.);
#3569=ORIENTED_EDGE('',*,*,#2495,.T.);
#3570=ORIENTED_EDGE('',*,*,#2492,.T.);
#3571=ORIENTED_EDGE('',*,*,#2489,.T.);
#3572=ORIENTED_EDGE('',*,*,#2505,.T.);
#3573=ORIENTED_EDGE('',*,*,#2506,.F.);
#3574=ORIENTED_EDGE('',*,*,#2509,.F.);
#3575=ORIENTED_EDGE('',*,*,#2512,.T.);
#3576=ORIENTED_EDGE('',*,*,#2517,.T.);
#3577=ORIENTED_EDGE('',*,*,#2457,.T.);
#3578=ORIENTED_EDGE('',*,*,#2461,.T.);
#3579=ORIENTED_EDGE('',*,*,#2464,.T.);
#3580=ORIENTED_EDGE('',*,*,#2491,.F.);
#3581=ORIENTED_EDGE('',*,*,#2523,.F.);
#3582=ORIENTED_EDGE('',*,*,#2524,.T.);
#3583=ORIENTED_EDGE('',*,*,#2525,.F.);
#3584=ORIENTED_EDGE('',*,*,#2524,.F.);
#3585=ORIENTED_EDGE('',*,*,#2526,.F.);
#3586=ORIENTED_EDGE('',*,*,#2527,.T.);
#3587=ORIENTED_EDGE('',*,*,#2528,.F.);
#3588=ORIENTED_EDGE('',*,*,#2527,.F.);
#3589=ORIENTED_EDGE('',*,*,#2529,.F.);
#3590=ORIENTED_EDGE('',*,*,#2530,.T.);
#3591=ORIENTED_EDGE('',*,*,#2531,.F.);
#3592=ORIENTED_EDGE('',*,*,#2530,.F.);
#3593=ORIENTED_EDGE('',*,*,#2532,.F.);
#3594=ORIENTED_EDGE('',*,*,#2533,.T.);
#3595=ORIENTED_EDGE('',*,*,#2534,.F.);
#3596=ORIENTED_EDGE('',*,*,#2533,.F.);
#3597=ORIENTED_EDGE('',*,*,#2535,.F.);
#3598=ORIENTED_EDGE('',*,*,#2536,.T.);
#3599=ORIENTED_EDGE('',*,*,#2537,.F.);
#3600=ORIENTED_EDGE('',*,*,#2538,.F.);
#3601=ORIENTED_EDGE('',*,*,#2539,.F.);
#3602=ORIENTED_EDGE('',*,*,#2538,.T.);
#3603=ORIENTED_EDGE('',*,*,#2540,.F.);
#3604=ORIENTED_EDGE('',*,*,#2541,.F.);
#3605=ORIENTED_EDGE('',*,*,#2542,.F.);
#3606=ORIENTED_EDGE('',*,*,#2541,.T.);
#3607=ORIENTED_EDGE('',*,*,#2543,.F.);
#3608=ORIENTED_EDGE('',*,*,#2544,.F.);
#3609=ORIENTED_EDGE('',*,*,#2545,.T.);
#3610=ORIENTED_EDGE('',*,*,#2543,.T.);
#3611=ORIENTED_EDGE('',*,*,#2540,.T.);
#3612=ORIENTED_EDGE('',*,*,#2537,.T.);
#3613=ORIENTED_EDGE('',*,*,#2546,.F.);
#3614=ORIENTED_EDGE('',*,*,#2547,.T.);
#3615=ORIENTED_EDGE('',*,*,#2548,.F.);
#3616=ORIENTED_EDGE('',*,*,#2549,.F.);
#3617=ORIENTED_EDGE('',*,*,#2550,.F.);
#3618=ORIENTED_EDGE('',*,*,#2551,.T.);
#3619=ORIENTED_EDGE('',*,*,#2552,.F.);
#3620=ORIENTED_EDGE('',*,*,#2553,.F.);
#3621=ORIENTED_EDGE('',*,*,#2548,.T.);
#3622=ORIENTED_EDGE('',*,*,#2554,.T.);
#3623=ORIENTED_EDGE('',*,*,#2552,.T.);
#3624=ORIENTED_EDGE('',*,*,#2555,.T.);
#3625=ORIENTED_EDGE('',*,*,#2542,.T.);
#3626=ORIENTED_EDGE('',*,*,#2556,.F.);
#3627=ORIENTED_EDGE('',*,*,#2557,.F.);
#3628=ORIENTED_EDGE('',*,*,#2558,.F.);
#3629=ORIENTED_EDGE('',*,*,#2559,.F.);
#3630=ORIENTED_EDGE('',*,*,#2560,.F.);
#3631=ORIENTED_EDGE('',*,*,#2535,.T.);
#3632=ORIENTED_EDGE('',*,*,#2539,.T.);
#3633=ORIENTED_EDGE('',*,*,#2523,.T.);
#3634=ORIENTED_EDGE('',*,*,#2526,.T.);
#3635=ORIENTED_EDGE('',*,*,#2529,.T.);
#3636=ORIENTED_EDGE('',*,*,#2532,.T.);
#3637=ORIENTED_EDGE('',*,*,#2550,.T.);
#3638=ORIENTED_EDGE('',*,*,#2561,.T.);
#3639=ORIENTED_EDGE('',*,*,#2562,.T.);
#3640=ORIENTED_EDGE('',*,*,#2563,.T.);
#3641=ORIENTED_EDGE('',*,*,#2525,.T.);
#3642=ORIENTED_EDGE('',*,*,#2531,.T.);
#3643=ORIENTED_EDGE('',*,*,#2564,.F.);
#3644=ORIENTED_EDGE('',*,*,#2565,.F.);
#3645=ORIENTED_EDGE('',*,*,#2557,.T.);
#3646=ORIENTED_EDGE('',*,*,#2566,.T.);
#3647=ORIENTED_EDGE('',*,*,#2561,.F.);
#3648=ORIENTED_EDGE('',*,*,#2553,.T.);
#3649=ORIENTED_EDGE('',*,*,#2554,.F.);
#3650=ORIENTED_EDGE('',*,*,#2547,.F.);
#3651=ORIENTED_EDGE('',*,*,#2558,.T.);
#3652=ORIENTED_EDGE('',*,*,#2565,.T.);
#3653=ORIENTED_EDGE('',*,*,#2567,.F.);
#3654=ORIENTED_EDGE('',*,*,#2568,.F.);
#3655=ORIENTED_EDGE('',*,*,#2559,.T.);
#3656=ORIENTED_EDGE('',*,*,#2568,.T.);
#3657=ORIENTED_EDGE('',*,*,#2569,.F.);
#3658=ORIENTED_EDGE('',*,*,#2549,.T.);
#3659=ORIENTED_EDGE('',*,*,#2555,.F.);
#3660=ORIENTED_EDGE('',*,*,#2551,.F.);
#3661=ORIENTED_EDGE('',*,*,#2563,.F.);
#3662=ORIENTED_EDGE('',*,*,#2570,.F.);
#3663=ORIENTED_EDGE('',*,*,#2556,.T.);
#3664=ORIENTED_EDGE('',*,*,#2544,.T.);
#3665=ORIENTED_EDGE('',*,*,#2545,.F.);
#3666=ORIENTED_EDGE('',*,*,#2536,.F.);
#3667=ORIENTED_EDGE('',*,*,#2560,.T.);
#3668=ORIENTED_EDGE('',*,*,#2570,.T.);
#3669=ORIENTED_EDGE('',*,*,#2562,.F.);
#3670=ORIENTED_EDGE('',*,*,#2566,.F.);
#3671=ORIENTED_EDGE('',*,*,#2546,.T.);
#3672=ORIENTED_EDGE('',*,*,#2569,.T.);
#3673=ORIENTED_EDGE('',*,*,#2567,.T.);
#3674=ORIENTED_EDGE('',*,*,#2564,.T.);
#3675=ORIENTED_EDGE('',*,*,#2528,.T.);
#3676=ORIENTED_EDGE('',*,*,#2534,.T.);
#3677=PLANE('',#4204);
#3678=PLANE('',#4205);
#3679=PLANE('',#4206);
#3680=PLANE('',#4207);
#3681=PLANE('',#4208);
#3682=PLANE('',#4209);
#3683=PLANE('',#4211);
#3684=PLANE('',#4212);
#3685=PLANE('',#4213);
#3686=PLANE('',#4215);
#3687=PLANE('',#4216);
#3688=PLANE('',#4217);
#3689=PLANE('',#4219);
#3690=PLANE('',#4220);
#3691=PLANE('',#4221);
#3692=PLANE('',#4223);
#3693=PLANE('',#4224);
#3694=PLANE('',#4225);
#3695=PLANE('',#4227);
#3696=PLANE('',#4228);
#3697=PLANE('',#4229);
#3698=PLANE('',#4231);
#3699=PLANE('',#4232);
#3700=PLANE('',#4233);
#3701=PLANE('',#4235);
#3702=PLANE('',#4236);
#3703=PLANE('',#4237);
#3704=PLANE('',#4239);
#3705=PLANE('',#4240);
#3706=PLANE('',#4241);
#3707=PLANE('',#4243);
#3708=PLANE('',#4244);
#3709=PLANE('',#4245);
#3710=PLANE('',#4247);
#3711=PLANE('',#4248);
#3712=PLANE('',#4249);
#3713=PLANE('',#4251);
#3714=PLANE('',#4252);
#3715=PLANE('',#4253);
#3716=PLANE('',#4255);
#3717=PLANE('',#4256);
#3718=PLANE('',#4257);
#3719=PLANE('',#4259);
#3720=PLANE('',#4260);
#3721=PLANE('',#4261);
#3722=PLANE('',#4264);
#3723=PLANE('',#4265);
#3724=PLANE('',#4266);
#3725=PLANE('',#4268);
#3726=PLANE('',#4269);
#3727=PLANE('',#4270);
#3728=PLANE('',#4272);
#3729=PLANE('',#4273);
#3730=PLANE('',#4274);
#3731=PLANE('',#4276);
#3732=PLANE('',#4277);
#3733=PLANE('',#4278);
#3734=PLANE('',#4280);
#3735=PLANE('',#4281);
#3736=PLANE('',#4282);
#3737=PLANE('',#4284);
#3738=PLANE('',#4285);
#3739=PLANE('',#4286);
#3740=PLANE('',#4288);
#3741=PLANE('',#4289);
#3742=PLANE('',#4290);
#3743=PLANE('',#4292);
#3744=PLANE('',#4293);
#3745=PLANE('',#4294);
#3746=PLANE('',#4296);
#3747=PLANE('',#4297);
#3748=PLANE('',#4298);
#3749=PLANE('',#4300);
#3750=PLANE('',#4301);
#3751=PLANE('',#4302);
#3752=PLANE('',#4304);
#3753=PLANE('',#4305);
#3754=PLANE('',#4306);
#3755=PLANE('',#4308);
#3756=PLANE('',#4309);
#3757=PLANE('',#4310);
#3758=PLANE('',#4312);
#3759=PLANE('',#4313);
#3760=PLANE('',#4314);
#3761=PLANE('',#4316);
#3762=PLANE('',#4317);
#3763=PLANE('',#4318);
#3764=PLANE('',#4322);
#3765=PLANE('',#4323);
#3766=PLANE('',#4324);
#3767=PLANE('',#4325);
#3768=PLANE('',#4326);
#3769=PLANE('',#4331);
#3770=PLANE('',#4332);
#3771=PLANE('',#4334);
#3772=PLANE('',#4344);
#3773=PLANE('',#4348);
#3774=PLANE('',#4352);
#3775=PLANE('',#4365);
#3776=PLANE('',#4366);
#3777=PLANE('',#4367);
#3778=PLANE('',#4368);
#3779=PLANE('',#4369);
#3780=PLANE('',#4370);
#3781=PLANE('',#4372);
#3782=PLANE('',#4373);
#3783=PLANE('',#4374);
#3784=PLANE('',#4375);
#3785=PLANE('',#4382);
#3786=PLANE('',#4383);
#3787=PLANE('',#4384);
#3788=PLANE('',#4385);
#3789=PLANE('',#4386);
#3790=PLANE('',#4387);
#3791=PLANE('',#4388);
#3792=PLANE('',#4389);
#3793=PLANE('',#4390);
#3794=PLANE('',#4391);
#3795=PLANE('',#4392);
#3796=PLANE('',#4393);
#3797=PLANE('',#4394);
#3798=PLANE('',#4395);
#3799=PLANE('',#4396);
#3800=PLANE('',#4397);
#3801=PLANE('',#4398);
#3802=PLANE('',#4399);
#3803=PLANE('',#4400);
#3804=PLANE('',#4401);
#3805=PLANE('',#4402);
#3806=PLANE('',#4403);
#3807=PLANE('',#4404);
#3808=PLANE('',#4405);
#3809=PLANE('',#4406);
#3810=PLANE('',#4407);
#3811=PLANE('',#4408);
#3812=PLANE('',#4413);
#3813=PLANE('',#4418);
#3814=PLANE('',#4419);
#3815=PLANE('',#4420);
#3816=PLANE('',#4421);
#3817=PLANE('',#4423);
#3818=PLANE('',#4427);
#3819=PLANE('',#4428);
#3820=PLANE('',#4429);
#3821=PLANE('',#4430);
#3822=PLANE('',#4431);
#3823=PLANE('',#4432);
#3824=PLANE('',#4433);
#3825=PLANE('',#4434);
#3826=PLANE('',#4435);
#3827=PLANE('',#4436);
#3828=PLANE('',#4437);
#3829=PLANE('',#4438);
#3830=PLANE('',#4439);
#3831=PLANE('',#4440);
#3832=PLANE('',#4441);
#3833=PLANE('',#4446);
#3834=PLANE('',#4448);
#3835=PLANE('',#4453);
#3836=PLANE('',#4457);
#3837=PLANE('',#4460);
#3838=PLANE('',#4461);
#3839=PLANE('',#4462);
#3840=PLANE('',#4463);
#3841=PLANE('',#4464);
#3842=PLANE('',#4468);
#3843=PLANE('',#4469);
#3844=PLANE('',#4471);
#3845=PLANE('',#4475);
#3846=PLANE('',#4476);
#3847=PLANE('',#4480);
#3848=PLANE('',#4481);
#3849=PLANE('',#4486);
#3850=PLANE('',#4498);
#3851=PLANE('',#4501);
#3852=PLANE('',#4505);
#3853=PLANE('',#4509);
#3854=PLANE('',#4513);
#3855=PLANE('',#4516);
#3856=PLANE('',#4517);
#3857=PLANE('',#4518);
#3858=PLANE('',#4532);
#3859=PLANE('',#4533);
#3860=PLANE('',#4534);
#3861=PLANE('',#4535);
#3862=PLANE('',#4536);
#3863=PLANE('',#4537);
#3864=PLANE('',#4538);
#3865=PLANE('',#4539);
#3866=PLANE('',#4540);
#3867=PLANE('',#4541);
#3868=PLANE('',#4542);
#3869=PLANE('',#4543);
#3870=PLANE('',#4544);
#3871=PLANE('',#4545);
#3872=ADVANCED_FACE('',(#288),#3677,.T.);
#3873=ADVANCED_FACE('',(#289),#3678,.T.);
#3874=ADVANCED_FACE('',(#290),#3679,.T.);
#3875=ADVANCED_FACE('',(#291),#3680,.T.);
#3876=ADVANCED_FACE('',(#292),#3681,.T.);
#3877=ADVANCED_FACE('',(#293),#3682,.F.);
#3878=ADVANCED_FACE('',(#294),#3683,.F.);
#3879=ADVANCED_FACE('',(#295),#3684,.F.);
#3880=ADVANCED_FACE('',(#296),#3685,.T.);
#3881=ADVANCED_FACE('',(#297),#3686,.F.);
#3882=ADVANCED_FACE('',(#298),#3687,.F.);
#3883=ADVANCED_FACE('',(#299),#3688,.T.);
#3884=ADVANCED_FACE('',(#300),#3689,.F.);
#3885=ADVANCED_FACE('',(#301),#3690,.F.);
#3886=ADVANCED_FACE('',(#302),#3691,.T.);
#3887=ADVANCED_FACE('',(#303),#3692,.F.);
#3888=ADVANCED_FACE('',(#304),#3693,.F.);
#3889=ADVANCED_FACE('',(#305),#3694,.T.);
#3890=ADVANCED_FACE('',(#306),#3695,.F.);
#3891=ADVANCED_FACE('',(#307),#3696,.F.);
#3892=ADVANCED_FACE('',(#308),#3697,.T.);
#3893=ADVANCED_FACE('',(#309),#3698,.F.);
#3894=ADVANCED_FACE('',(#310),#3699,.F.);
#3895=ADVANCED_FACE('',(#311),#3700,.T.);
#3896=ADVANCED_FACE('',(#312),#3701,.F.);
#3897=ADVANCED_FACE('',(#313),#3702,.F.);
#3898=ADVANCED_FACE('',(#314),#3703,.T.);
#3899=ADVANCED_FACE('',(#315),#3704,.F.);
#3900=ADVANCED_FACE('',(#316),#3705,.F.);
#3901=ADVANCED_FACE('',(#317),#3706,.T.);
#3902=ADVANCED_FACE('',(#318),#3707,.F.);
#3903=ADVANCED_FACE('',(#319),#3708,.F.);
#3904=ADVANCED_FACE('',(#320),#3709,.T.);
#3905=ADVANCED_FACE('',(#321),#3710,.F.);
#3906=ADVANCED_FACE('',(#322),#3711,.F.);
#3907=ADVANCED_FACE('',(#323),#3712,.T.);
#3908=ADVANCED_FACE('',(#324),#3713,.F.);
#3909=ADVANCED_FACE('',(#325),#3714,.F.);
#3910=ADVANCED_FACE('',(#326),#3715,.T.);
#3911=ADVANCED_FACE('',(#327),#3716,.F.);
#3912=ADVANCED_FACE('',(#328),#3717,.F.);
#3913=ADVANCED_FACE('',(#329),#3718,.T.);
#3914=ADVANCED_FACE('',(#330),#3719,.F.);
#3915=ADVANCED_FACE('',(#331),#3720,.F.);
#3916=ADVANCED_FACE('',(#332),#3721,.T.);
#3917=ADVANCED_FACE('',(#333),#3722,.F.);
#3918=ADVANCED_FACE('',(#334),#3723,.F.);
#3919=ADVANCED_FACE('',(#335),#3724,.T.);
#3920=ADVANCED_FACE('',(#336),#3725,.F.);
#3921=ADVANCED_FACE('',(#337),#3726,.F.);
#3922=ADVANCED_FACE('',(#338),#3727,.T.);
#3923=ADVANCED_FACE('',(#339),#3728,.F.);
#3924=ADVANCED_FACE('',(#340),#3729,.F.);
#3925=ADVANCED_FACE('',(#341),#3730,.T.);
#3926=ADVANCED_FACE('',(#342),#3731,.F.);
#3927=ADVANCED_FACE('',(#343),#3732,.F.);
#3928=ADVANCED_FACE('',(#344),#3733,.T.);
#3929=ADVANCED_FACE('',(#345),#3734,.F.);
#3930=ADVANCED_FACE('',(#346),#3735,.F.);
#3931=ADVANCED_FACE('',(#347),#3736,.T.);
#3932=ADVANCED_FACE('',(#348),#3737,.F.);
#3933=ADVANCED_FACE('',(#349),#3738,.F.);
#3934=ADVANCED_FACE('',(#350),#3739,.T.);
#3935=ADVANCED_FACE('',(#351),#3740,.F.);
#3936=ADVANCED_FACE('',(#352),#3741,.F.);
#3937=ADVANCED_FACE('',(#353),#3742,.T.);
#3938=ADVANCED_FACE('',(#354),#3743,.F.);
#3939=ADVANCED_FACE('',(#355),#3744,.F.);
#3940=ADVANCED_FACE('',(#356),#3745,.T.);
#3941=ADVANCED_FACE('',(#357),#3746,.F.);
#3942=ADVANCED_FACE('',(#358),#3747,.F.);
#3943=ADVANCED_FACE('',(#359),#3748,.T.);
#3944=ADVANCED_FACE('',(#360),#3749,.F.);
#3945=ADVANCED_FACE('',(#361),#3750,.F.);
#3946=ADVANCED_FACE('',(#362),#3751,.T.);
#3947=ADVANCED_FACE('',(#363),#3752,.F.);
#3948=ADVANCED_FACE('',(#364),#3753,.F.);
#3949=ADVANCED_FACE('',(#365),#3754,.T.);
#3950=ADVANCED_FACE('',(#366),#3755,.F.);
#3951=ADVANCED_FACE('',(#367),#3756,.F.);
#3952=ADVANCED_FACE('',(#368),#3757,.T.);
#3953=ADVANCED_FACE('',(#369),#3758,.F.);
#3954=ADVANCED_FACE('',(#370),#3759,.F.);
#3955=ADVANCED_FACE('',(#371),#3760,.T.);
#3956=ADVANCED_FACE('',(#372),#3761,.F.);
#3957=ADVANCED_FACE('',(#373),#3762,.F.);
#3958=ADVANCED_FACE('',(#374),#3763,.T.);
#3959=ADVANCED_FACE('',(#375),#116,.T.);
#3960=ADVANCED_FACE('',(#376),#3764,.T.);
#3961=ADVANCED_FACE('',(#377),#3765,.T.);
#3962=ADVANCED_FACE('',(#378),#3766,.T.);
#3963=ADVANCED_FACE('',(#379),#3767,.T.);
#3964=ADVANCED_FACE('',(#380),#3768,.F.);
#3965=ADVANCED_FACE('',(#381),#117,.T.);
#3966=ADVANCED_FACE('',(#382,#82),#3769,.T.);
#3967=ADVANCED_FACE('',(#383),#3770,.F.);
#3968=ADVANCED_FACE('',(#384),#3771,.T.);
#3969=ADVANCED_FACE('',(#385),#80,.F.);
#3970=ADVANCED_FACE('',(#386),#81,.F.);
#3971=ADVANCED_FACE('',(#387),#118,.T.);
#3972=ADVANCED_FACE('',(#388,#83),#3772,.T.);
#3973=ADVANCED_FACE('',(#389),#119,.T.);
#3974=ADVANCED_FACE('',(#390),#3773,.T.);
#3975=ADVANCED_FACE('',(#391),#120,.T.);
#3976=ADVANCED_FACE('',(#392,#84),#3774,.T.);
#3977=ADVANCED_FACE('',(#393),#121,.F.);
#3978=ADVANCED_FACE('',(#394),#122,.F.);
#3979=ADVANCED_FACE('',(#395),#123,.F.);
#3980=ADVANCED_FACE('',(#396),#124,.F.);
#3981=ADVANCED_FACE('',(#397),#3775,.T.);
#3982=ADVANCED_FACE('',(#398),#3776,.T.);
#3983=ADVANCED_FACE('',(#399),#3777,.T.);
#3984=ADVANCED_FACE('',(#400),#3778,.T.);
#3985=ADVANCED_FACE('',(#401,#85,#86,#87,#88,#89),#3779,.T.);
#3986=ADVANCED_FACE('',(#402,#90,#91,#92,#93),#3780,.F.);
#3987=ADVANCED_FACE('',(#403),#3781,.T.);
#3988=ADVANCED_FACE('',(#404),#3782,.T.);
#3989=ADVANCED_FACE('',(#405),#3783,.T.);
#3990=ADVANCED_FACE('',(#406),#3784,.T.);
#3991=ADVANCED_FACE('',(#407),#125,.F.);
#3992=ADVANCED_FACE('',(#408),#126,.T.);
#3993=ADVANCED_FACE('',(#409),#3785,.T.);
#3994=ADVANCED_FACE('',(#410),#3786,.T.);
#3995=ADVANCED_FACE('',(#411),#3787,.T.);
#3996=ADVANCED_FACE('',(#412),#3788,.T.);
#3997=ADVANCED_FACE('',(#413),#3789,.T.);
#3998=ADVANCED_FACE('',(#414),#3790,.T.);
#3999=ADVANCED_FACE('',(#415),#3791,.T.);
#4000=ADVANCED_FACE('',(#416),#3792,.F.);
#4001=ADVANCED_FACE('',(#417),#3793,.T.);
#4002=ADVANCED_FACE('',(#418),#3794,.T.);
#4003=ADVANCED_FACE('',(#419),#3795,.T.);
#4004=ADVANCED_FACE('',(#420),#3796,.F.);
#4005=ADVANCED_FACE('',(#421),#3797,.F.);
#4006=ADVANCED_FACE('',(#422),#3798,.T.);
#4007=ADVANCED_FACE('',(#423),#3799,.T.);
#4008=ADVANCED_FACE('',(#424),#3800,.T.);
#4009=ADVANCED_FACE('',(#425),#3801,.T.);
#4010=ADVANCED_FACE('',(#426),#3802,.T.);
#4011=ADVANCED_FACE('',(#427),#3803,.T.);
#4012=ADVANCED_FACE('',(#428),#3804,.T.);
#4013=ADVANCED_FACE('',(#429),#3805,.T.);
#4014=ADVANCED_FACE('',(#430),#3806,.T.);
#4015=ADVANCED_FACE('',(#431),#3807,.T.);
#4016=ADVANCED_FACE('',(#432,#94),#3808,.T.);
#4017=ADVANCED_FACE('',(#433),#3809,.T.);
#4018=ADVANCED_FACE('',(#434),#3810,.T.);
#4019=ADVANCED_FACE('',(#435,#95),#3811,.T.);
#4020=ADVANCED_FACE('',(#436),#127,.T.);
#4021=ADVANCED_FACE('',(#437),#128,.T.);
#4022=ADVANCED_FACE('',(#438),#129,.F.);
#4023=ADVANCED_FACE('',(#439,#96),#3812,.T.);
#4024=ADVANCED_FACE('',(#440),#130,.T.);
#4025=ADVANCED_FACE('',(#441),#3813,.T.);
#4026=ADVANCED_FACE('',(#442),#3814,.T.);
#4027=ADVANCED_FACE('',(#443),#3815,.T.);
#4028=ADVANCED_FACE('',(#444),#3816,.T.);
#4029=ADVANCED_FACE('',(#445,#97),#3817,.F.);
#4030=ADVANCED_FACE('',(#446),#3818,.T.);
#4031=ADVANCED_FACE('',(#447),#3819,.T.);
#4032=ADVANCED_FACE('',(#448),#3820,.T.);
#4033=ADVANCED_FACE('',(#449),#3821,.T.);
#4034=ADVANCED_FACE('',(#450),#3822,.T.);
#4035=ADVANCED_FACE('',(#451),#3823,.T.);
#4036=ADVANCED_FACE('',(#452),#3824,.T.);
#4037=ADVANCED_FACE('',(#453),#3825,.T.);
#4038=ADVANCED_FACE('',(#454),#3826,.T.);
#4039=ADVANCED_FACE('',(#455),#3827,.T.);
#4040=ADVANCED_FACE('',(#456),#3828,.T.);
#4041=ADVANCED_FACE('',(#457),#3829,.T.);
#4042=ADVANCED_FACE('',(#458),#3830,.T.);
#4043=ADVANCED_FACE('',(#459),#3831,.T.);
#4044=ADVANCED_FACE('',(#460),#3832,.T.);
#4045=ADVANCED_FACE('',(#461),#131,.T.);
#4046=ADVANCED_FACE('',(#462),#132,.T.);
#4047=ADVANCED_FACE('',(#463),#133,.T.);
#4048=ADVANCED_FACE('',(#464,#98,#99,#100),#3833,.F.);
#4049=ADVANCED_FACE('',(#465),#3834,.F.);
#4050=ADVANCED_FACE('',(#466),#134,.T.);
#4051=ADVANCED_FACE('',(#467),#3835,.T.);
#4052=ADVANCED_FACE('',(#468),#135,.T.);
#4053=ADVANCED_FACE('',(#469,#101),#3836,.T.);
#4054=ADVANCED_FACE('',(#470),#136,.F.);
#4055=ADVANCED_FACE('',(#471),#3837,.T.);
#4056=ADVANCED_FACE('',(#472),#3838,.T.);
#4057=ADVANCED_FACE('',(#473),#3839,.T.);
#4058=ADVANCED_FACE('',(#474),#3840,.T.);
#4059=ADVANCED_FACE('',(#475),#3841,.T.);
#4060=ADVANCED_FACE('',(#476),#137,.T.);
#4061=ADVANCED_FACE('',(#477,#102),#3842,.T.);
#4062=ADVANCED_FACE('',(#478,#103),#3843,.F.);
#4063=ADVANCED_FACE('',(#479),#3844,.T.);
#4064=ADVANCED_FACE('',(#480),#138,.F.);
#4065=ADVANCED_FACE('',(#481),#3845,.T.);
#4066=ADVANCED_FACE('',(#482),#3846,.T.);
#4067=ADVANCED_FACE('',(#483),#139,.F.);
#4068=ADVANCED_FACE('',(#484),#3847,.T.);
#4069=ADVANCED_FACE('',(#485),#3848,.F.);
#4070=ADVANCED_FACE('',(#486,#104),#3849,.F.);
#4071=ADVANCED_FACE('',(#487),#140,.F.);
#4072=ADVANCED_FACE('',(#488),#141,.F.);
#4073=ADVANCED_FACE('',(#489),#142,.T.);
#4074=ADVANCED_FACE('',(#490),#3850,.T.);
#4075=ADVANCED_FACE('',(#491),#143,.T.);
#4076=ADVANCED_FACE('',(#492),#3851,.T.);
#4077=ADVANCED_FACE('',(#493),#144,.T.);
#4078=ADVANCED_FACE('',(#494),#3852,.T.);
#4079=ADVANCED_FACE('',(#495),#145,.T.);
#4080=ADVANCED_FACE('',(#496),#3853,.T.);
#4081=ADVANCED_FACE('',(#497),#146,.T.);
#4082=ADVANCED_FACE('',(#498),#3854,.T.);
#4083=ADVANCED_FACE('',(#499),#147,.T.);
#4084=ADVANCED_FACE('',(#500),#3855,.T.);
#4085=ADVANCED_FACE('',(#501,#105,#106),#3856,.T.);
#4086=ADVANCED_FACE('',(#502,#107),#3857,.F.);
#4087=ADVANCED_FACE('',(#503),#148,.F.);
#4088=ADVANCED_FACE('',(#504),#149,.F.);
#4089=ADVANCED_FACE('',(#505),#150,.F.);
#4090=ADVANCED_FACE('',(#506),#151,.F.);
#4091=ADVANCED_FACE('',(#507),#3858,.T.);
#4092=ADVANCED_FACE('',(#508),#3859,.T.);
#4093=ADVANCED_FACE('',(#509),#3860,.T.);
#4094=ADVANCED_FACE('',(#510),#3861,.T.);
#4095=ADVANCED_FACE('',(#511),#3862,.T.);
#4096=ADVANCED_FACE('',(#512),#3863,.T.);
#4097=ADVANCED_FACE('',(#513),#3864,.T.);
#4098=ADVANCED_FACE('',(#514,#108,#109,#110,#111),#3865,.F.);
#4099=ADVANCED_FACE('',(#515,#112,#113),#3866,.T.);
#4100=ADVANCED_FACE('',(#516),#3867,.T.);
#4101=ADVANCED_FACE('',(#517),#3868,.T.);
#4102=ADVANCED_FACE('',(#518),#3869,.T.);
#4103=ADVANCED_FACE('',(#519),#3870,.T.);
#4104=ADVANCED_FACE('',(#520,#114,#115),#3871,.T.);
#4105=CLOSED_SHELL('',(#3872,#3873,#3874,#3875,#3876,#3877));
#4106=CLOSED_SHELL('',(#3878,#3879,#3880,#3881,#3882,#3883,#3884,#3885,
#3886,#3887,#3888,#3889,#3890,#3891,#3892,#3893,#3894,#3895,#3896,#3897,
#3898,#3899,#3900,#3901,#3902,#3903,#3904,#3905,#3906,#3907,#3908,#3909,
#3910,#3911,#3912,#3913,#3914,#3915,#3916,#3917,#3918,#3919,#3920,#3921,
#3922,#3923,#3924,#3925,#3926,#3927,#3928,#3929,#3930,#3931,#3932,#3933,
#3934,#3935,#3936,#3937,#3938,#3939,#3940,#3941,#3942,#3943,#3944,#3945,
#3946,#3947,#3948,#3949,#3950,#3951,#3952,#3953,#3954,#3955,#3956,#3957,
#3958,#3959,#3960,#3961,#3962,#3963,#3964,#3965,#3966,#3967));
#4107=CLOSED_SHELL('',(#3968,#3969,#3970,#3971,#3972,#3973,#3974,#3975,
#3976,#3977,#3978,#3979,#3980,#3981,#3982,#3983,#3984,#3985,#3986));
#4108=CLOSED_SHELL('',(#3987,#3988,#3989,#3990,#3991,#3992,#3993,#3994,
#3995,#3996,#3997,#3998,#3999,#4000,#4001,#4002,#4003,#4004,#4005,#4006,
#4007,#4008,#4009,#4010,#4011,#4012,#4013,#4014,#4015,#4016,#4017,#4018,
#4019));
#4109=CLOSED_SHELL('',(#4020,#4021,#4022,#4023,#4024,#4025,#4026,#4027,
#4028,#4029,#4030,#4031,#4032,#4033,#4034,#4035,#4036,#4037,#4038,#4039,
#4040,#4041,#4042,#4043,#4044,#4045,#4046,#4047,#4048));
#4110=CLOSED_SHELL('',(#4049,#4050,#4051,#4052,#4053,#4054,#4055,#4056,
#4057,#4058,#4059,#4060,#4061,#4062));
#4111=CLOSED_SHELL('',(#4063,#4064,#4065,#4066,#4067,#4068,#4069,#4070,
#4071,#4072,#4073,#4074,#4075,#4076,#4077,#4078,#4079,#4080,#4081,#4082,
#4083,#4084,#4085,#4086));
#4112=CLOSED_SHELL('',(#4087,#4088,#4089,#4090,#4091,#4092,#4093,#4094,
#4095,#4096,#4097,#4098,#4099,#4100,#4101,#4102,#4103,#4104));
#4113=DERIVED_UNIT_ELEMENT(#4129,1.);
#4114=DERIVED_UNIT_ELEMENT(#7059,-3.);
#4115=DERIVED_UNIT_ELEMENT(#4129,1.);
#4116=DERIVED_UNIT_ELEMENT(#7059,-3.);
#4117=DERIVED_UNIT_ELEMENT(#4129,1.);
#4118=DERIVED_UNIT_ELEMENT(#7059,-3.);
#4119=DERIVED_UNIT_ELEMENT(#4129,1.);
#4120=DERIVED_UNIT_ELEMENT(#7059,-3.);
#4121=DERIVED_UNIT_ELEMENT(#4129,1.);
#4122=DERIVED_UNIT_ELEMENT(#7059,-3.);
#4123=DERIVED_UNIT_ELEMENT(#4129,1.);
#4124=DERIVED_UNIT_ELEMENT(#7059,-3.);
#4125=DERIVED_UNIT_ELEMENT(#4129,1.);
#4126=DERIVED_UNIT_ELEMENT(#7059,-3.);
#4127=DERIVED_UNIT_ELEMENT(#4129,1.);
#4128=DERIVED_UNIT_ELEMENT(#7059,-3.);
#4129=(
MASS_UNIT()
NAMED_UNIT(*)
SI_UNIT(.KILO.,.GRAM.)
);
#4130=DERIVED_UNIT((#4113,#4114));
#4131=DERIVED_UNIT((#4115,#4116));
#4132=DERIVED_UNIT((#4117,#4118));
#4133=DERIVED_UNIT((#4119,#4120));
#4134=DERIVED_UNIT((#4121,#4122));
#4135=DERIVED_UNIT((#4123,#4124));
#4136=DERIVED_UNIT((#4125,#4126));
#4137=DERIVED_UNIT((#4127,#4128));
#4138=MEASURE_REPRESENTATION_ITEM('density measure',
POSITIVE_RATIO_MEASURE(7850.),#4130);
#4139=MEASURE_REPRESENTATION_ITEM('density measure',
POSITIVE_RATIO_MEASURE(7850.),#4131);
#4140=MEASURE_REPRESENTATION_ITEM('density measure',
POSITIVE_RATIO_MEASURE(7850.),#4132);
#4141=MEASURE_REPRESENTATION_ITEM('density measure',
POSITIVE_RATIO_MEASURE(7850.),#4133);
#4142=MEASURE_REPRESENTATION_ITEM('density measure',
POSITIVE_RATIO_MEASURE(7850.),#4134);
#4143=MEASURE_REPRESENTATION_ITEM('density measure',
POSITIVE_RATIO_MEASURE(7850.),#4135);
#4144=MEASURE_REPRESENTATION_ITEM('density measure',
POSITIVE_RATIO_MEASURE(7850.),#4136);
#4145=MEASURE_REPRESENTATION_ITEM('density measure',
POSITIVE_RATIO_MEASURE(7850.),#4137);
#4146=PROPERTY_DEFINITION_REPRESENTATION(#4186,#4162);
#4147=PROPERTY_DEFINITION_REPRESENTATION(#4187,#4163);
#4148=PROPERTY_DEFINITION_REPRESENTATION(#4188,#4164);
#4149=PROPERTY_DEFINITION_REPRESENTATION(#4189,#4165);
#4150=PROPERTY_DEFINITION_REPRESENTATION(#4190,#4166);
#4151=PROPERTY_DEFINITION_REPRESENTATION(#4191,#4167);
#4152=PROPERTY_DEFINITION_REPRESENTATION(#4192,#4168);
#4153=PROPERTY_DEFINITION_REPRESENTATION(#4193,#4169);
#4154=PROPERTY_DEFINITION_REPRESENTATION(#4194,#4170);
#4155=PROPERTY_DEFINITION_REPRESENTATION(#4195,#4171);
#4156=PROPERTY_DEFINITION_REPRESENTATION(#4196,#4172);
#4157=PROPERTY_DEFINITION_REPRESENTATION(#4197,#4173);
#4158=PROPERTY_DEFINITION_REPRESENTATION(#4198,#4174);
#4159=PROPERTY_DEFINITION_REPRESENTATION(#4199,#4175);
#4160=PROPERTY_DEFINITION_REPRESENTATION(#4200,#4176);
#4161=PROPERTY_DEFINITION_REPRESENTATION(#4201,#4177);
#4162=REPRESENTATION('material name',(#4178),#7049);
#4163=REPRESENTATION('density',(#4138),#7049);
#4164=REPRESENTATION('material name',(#4179),#7050);
#4165=REPRESENTATION('density',(#4139),#7050);
#4166=REPRESENTATION('material name',(#4180),#7051);
#4167=REPRESENTATION('density',(#4140),#7051);
#4168=REPRESENTATION('material name',(#4181),#7052);
#4169=REPRESENTATION('density',(#4141),#7052);
#4170=REPRESENTATION('material name',(#4182),#7053);
#4171=REPRESENTATION('density',(#4142),#7053);
#4172=REPRESENTATION('material name',(#4183),#7054);
#4173=REPRESENTATION('density',(#4143),#7054);
#4174=REPRESENTATION('material name',(#4184),#7055);
#4175=REPRESENTATION('density',(#4144),#7055);
#4176=REPRESENTATION('material name',(#4185),#7056);
#4177=REPRESENTATION('density',(#4145),#7056);
#4178=DESCRIPTIVE_REPRESENTATION_ITEM('Steel','Steel');
#4179=DESCRIPTIVE_REPRESENTATION_ITEM('Steel','Steel');
#4180=DESCRIPTIVE_REPRESENTATION_ITEM('Steel','Steel');
#4181=DESCRIPTIVE_REPRESENTATION_ITEM('Steel','Steel');
#4182=DESCRIPTIVE_REPRESENTATION_ITEM('Steel','Steel');
#4183=DESCRIPTIVE_REPRESENTATION_ITEM('Steel','Steel');
#4184=DESCRIPTIVE_REPRESENTATION_ITEM('Steel','Steel');
#4185=DESCRIPTIVE_REPRESENTATION_ITEM('Steel','Steel');
#4186=PROPERTY_DEFINITION('material property','material name',#7106);
#4187=PROPERTY_DEFINITION('material property','density of part',#7106);
#4188=PROPERTY_DEFINITION('material property','material name',#7107);
#4189=PROPERTY_DEFINITION('material property','density of part',#7107);
#4190=PROPERTY_DEFINITION('material property','material name',#7108);
#4191=PROPERTY_DEFINITION('material property','density of part',#7108);
#4192=PROPERTY_DEFINITION('material property','material name',#7109);
#4193=PROPERTY_DEFINITION('material property','density of part',#7109);
#4194=PROPERTY_DEFINITION('material property','material name',#7110);
#4195=PROPERTY_DEFINITION('material property','density of part',#7110);
#4196=PROPERTY_DEFINITION('material property','material name',#7111);
#4197=PROPERTY_DEFINITION('material property','density of part',#7111);
#4198=PROPERTY_DEFINITION('material property','material name',#7112);
#4199=PROPERTY_DEFINITION('material property','density of part',#7112);
#4200=PROPERTY_DEFINITION('material property','material name',#7113);
#4201=PROPERTY_DEFINITION('material property','density of part',#7113);
#4202=AXIS2_PLACEMENT_3D('',#5719,#4561,#4562);
#4203=AXIS2_PLACEMENT_3D('',#5720,#4563,#4564);
#4204=AXIS2_PLACEMENT_3D('',#5721,#4565,#4566);
#4205=AXIS2_PLACEMENT_3D('',#5730,#4571,#4572);
#4206=AXIS2_PLACEMENT_3D('',#5736,#4576,#4577);
#4207=AXIS2_PLACEMENT_3D('',#5742,#4581,#4582);
#4208=AXIS2_PLACEMENT_3D('',#5745,#4585,#4586);
#4209=AXIS2_PLACEMENT_3D('',#5746,#4587,#4588);
#4210=AXIS2_PLACEMENT_3D('',#5747,#4589,#4590);
#4211=AXIS2_PLACEMENT_3D('',#5748,#4591,#4592);
#4212=AXIS2_PLACEMENT_3D('',#5757,#4597,#4598);
#4213=AXIS2_PLACEMENT_3D('',#5763,#4602,#4603);
#4214=AXIS2_PLACEMENT_3D('',#5764,#4604,#4605);
#4215=AXIS2_PLACEMENT_3D('',#5765,#4606,#4607);
#4216=AXIS2_PLACEMENT_3D('',#5774,#4612,#4613);
#4217=AXIS2_PLACEMENT_3D('',#5777,#4616,#4617);
#4218=AXIS2_PLACEMENT_3D('',#5778,#4618,#4619);
#4219=AXIS2_PLACEMENT_3D('',#5779,#4620,#4621);
#4220=AXIS2_PLACEMENT_3D('',#5788,#4626,#4627);
#4221=AXIS2_PLACEMENT_3D('',#5791,#4630,#4631);
#4222=AXIS2_PLACEMENT_3D('',#5792,#4632,#4633);
#4223=AXIS2_PLACEMENT_3D('',#5793,#4634,#4635);
#4224=AXIS2_PLACEMENT_3D('',#5802,#4640,#4641);
#4225=AXIS2_PLACEMENT_3D('',#5805,#4644,#4645);
#4226=AXIS2_PLACEMENT_3D('',#5806,#4646,#4647);
#4227=AXIS2_PLACEMENT_3D('',#5807,#4648,#4649);
#4228=AXIS2_PLACEMENT_3D('',#5816,#4654,#4655);
#4229=AXIS2_PLACEMENT_3D('',#5819,#4658,#4659);
#4230=AXIS2_PLACEMENT_3D('',#5820,#4660,#4661);
#4231=AXIS2_PLACEMENT_3D('',#5821,#4662,#4663);
#4232=AXIS2_PLACEMENT_3D('',#5830,#4668,#4669);
#4233=AXIS2_PLACEMENT_3D('',#5833,#4672,#4673);
#4234=AXIS2_PLACEMENT_3D('',#5834,#4674,#4675);
#4235=AXIS2_PLACEMENT_3D('',#5835,#4676,#4677);
#4236=AXIS2_PLACEMENT_3D('',#5844,#4682,#4683);
#4237=AXIS2_PLACEMENT_3D('',#5847,#4686,#4687);
#4238=AXIS2_PLACEMENT_3D('',#5848,#4688,#4689);
#4239=AXIS2_PLACEMENT_3D('',#5849,#4690,#4691);
#4240=AXIS2_PLACEMENT_3D('',#5858,#4696,#4697);
#4241=AXIS2_PLACEMENT_3D('',#5861,#4700,#4701);
#4242=AXIS2_PLACEMENT_3D('',#5862,#4702,#4703);
#4243=AXIS2_PLACEMENT_3D('',#5863,#4704,#4705);
#4244=AXIS2_PLACEMENT_3D('',#5872,#4710,#4711);
#4245=AXIS2_PLACEMENT_3D('',#5875,#4714,#4715);
#4246=AXIS2_PLACEMENT_3D('',#5876,#4716,#4717);
#4247=AXIS2_PLACEMENT_3D('',#5877,#4718,#4719);
#4248=AXIS2_PLACEMENT_3D('',#5886,#4724,#4725);
#4249=AXIS2_PLACEMENT_3D('',#5889,#4728,#4729);
#4250=AXIS2_PLACEMENT_3D('',#5890,#4730,#4731);
#4251=AXIS2_PLACEMENT_3D('',#5891,#4732,#4733);
#4252=AXIS2_PLACEMENT_3D('',#5900,#4738,#4739);
#4253=AXIS2_PLACEMENT_3D('',#5903,#4742,#4743);
#4254=AXIS2_PLACEMENT_3D('',#5904,#4744,#4745);
#4255=AXIS2_PLACEMENT_3D('',#5905,#4746,#4747);
#4256=AXIS2_PLACEMENT_3D('',#5911,#4751,#4752);
#4257=AXIS2_PLACEMENT_3D('',#5917,#4756,#4757);
#4258=AXIS2_PLACEMENT_3D('',#5918,#4758,#4759);
#4259=AXIS2_PLACEMENT_3D('',#5919,#4760,#4761);
#4260=AXIS2_PLACEMENT_3D('',#5928,#4766,#4767);
#4261=AXIS2_PLACEMENT_3D('',#5931,#4770,#4771);
#4262=AXIS2_PLACEMENT_3D('',#5933,#4772,#4773);
#4263=AXIS2_PLACEMENT_3D('',#5934,#4774,#4775);
#4264=AXIS2_PLACEMENT_3D('',#5935,#4776,#4777);
#4265=AXIS2_PLACEMENT_3D('',#5944,#4782,#4783);
#4266=AXIS2_PLACEMENT_3D('',#5947,#4786,#4787);
#4267=AXIS2_PLACEMENT_3D('',#5948,#4788,#4789);
#4268=AXIS2_PLACEMENT_3D('',#5949,#4790,#4791);
#4269=AXIS2_PLACEMENT_3D('',#5958,#4796,#4797);
#4270=AXIS2_PLACEMENT_3D('',#5961,#4800,#4801);
#4271=AXIS2_PLACEMENT_3D('',#5962,#4802,#4803);
#4272=AXIS2_PLACEMENT_3D('',#5963,#4804,#4805);
#4273=AXIS2_PLACEMENT_3D('',#5972,#4810,#4811);
#4274=AXIS2_PLACEMENT_3D('',#5975,#4814,#4815);
#4275=AXIS2_PLACEMENT_3D('',#5976,#4816,#4817);
#4276=AXIS2_PLACEMENT_3D('',#5977,#4818,#4819);
#4277=AXIS2_PLACEMENT_3D('',#5986,#4824,#4825);
#4278=AXIS2_PLACEMENT_3D('',#5989,#4828,#4829);
#4279=AXIS2_PLACEMENT_3D('',#5990,#4830,#4831);
#4280=AXIS2_PLACEMENT_3D('',#5991,#4832,#4833);
#4281=AXIS2_PLACEMENT_3D('',#6000,#4838,#4839);
#4282=AXIS2_PLACEMENT_3D('',#6003,#4842,#4843);
#4283=AXIS2_PLACEMENT_3D('',#6004,#4844,#4845);
#4284=AXIS2_PLACEMENT_3D('',#6005,#4846,#4847);
#4285=AXIS2_PLACEMENT_3D('',#6014,#4852,#4853);
#4286=AXIS2_PLACEMENT_3D('',#6017,#4856,#4857);
#4287=AXIS2_PLACEMENT_3D('',#6018,#4858,#4859);
#4288=AXIS2_PLACEMENT_3D('',#6019,#4860,#4861);
#4289=AXIS2_PLACEMENT_3D('',#6028,#4866,#4867);
#4290=AXIS2_PLACEMENT_3D('',#6031,#4870,#4871);
#4291=AXIS2_PLACEMENT_3D('',#6032,#4872,#4873);
#4292=AXIS2_PLACEMENT_3D('',#6033,#4874,#4875);
#4293=AXIS2_PLACEMENT_3D('',#6042,#4880,#4881);
#4294=AXIS2_PLACEMENT_3D('',#6045,#4884,#4885);
#4295=AXIS2_PLACEMENT_3D('',#6046,#4886,#4887);
#4296=AXIS2_PLACEMENT_3D('',#6047,#4888,#4889);
#4297=AXIS2_PLACEMENT_3D('',#6056,#4894,#4895);
#4298=AXIS2_PLACEMENT_3D('',#6059,#4898,#4899);
#4299=AXIS2_PLACEMENT_3D('',#6060,#4900,#4901);
#4300=AXIS2_PLACEMENT_3D('',#6061,#4902,#4903);
#4301=AXIS2_PLACEMENT_3D('',#6070,#4908,#4909);
#4302=AXIS2_PLACEMENT_3D('',#6073,#4912,#4913);
#4303=AXIS2_PLACEMENT_3D('',#6074,#4914,#4915);
#4304=AXIS2_PLACEMENT_3D('',#6075,#4916,#4917);
#4305=AXIS2_PLACEMENT_3D('',#6084,#4922,#4923);
#4306=AXIS2_PLACEMENT_3D('',#6087,#4926,#4927);
#4307=AXIS2_PLACEMENT_3D('',#6088,#4928,#4929);
#4308=AXIS2_PLACEMENT_3D('',#6089,#4930,#4931);
#4309=AXIS2_PLACEMENT_3D('',#6098,#4936,#4937);
#4310=AXIS2_PLACEMENT_3D('',#6101,#4940,#4941);
#4311=AXIS2_PLACEMENT_3D('',#6102,#4942,#4943);
#4312=AXIS2_PLACEMENT_3D('',#6103,#4944,#4945);
#4313=AXIS2_PLACEMENT_3D('',#6112,#4950,#4951);
#4314=AXIS2_PLACEMENT_3D('',#6115,#4954,#4955);
#4315=AXIS2_PLACEMENT_3D('',#6116,#4956,#4957);
#4316=AXIS2_PLACEMENT_3D('',#6117,#4958,#4959);
#4317=AXIS2_PLACEMENT_3D('',#6123,#4963,#4964);
#4318=AXIS2_PLACEMENT_3D('',#6126,#4967,#4968);
#4319=AXIS2_PLACEMENT_3D('',#6127,#4969,#4970);
#4320=AXIS2_PLACEMENT_3D('',#6128,#4971,#4972);
#4321=AXIS2_PLACEMENT_3D('',#6131,#4974,#4975);
#4322=AXIS2_PLACEMENT_3D('',#6132,#4976,#4977);
#4323=AXIS2_PLACEMENT_3D('',#6133,#4978,#4979);
#4324=AXIS2_PLACEMENT_3D('',#6142,#4984,#4985);
#4325=AXIS2_PLACEMENT_3D('',#6148,#4989,#4990);
#4326=AXIS2_PLACEMENT_3D('',#6154,#4994,#4995);
#4327=AXIS2_PLACEMENT_3D('',#6155,#4996,#4997);
#4328=AXIS2_PLACEMENT_3D('',#6156,#4998,#4999);
#4329=AXIS2_PLACEMENT_3D('',#6158,#5000,#5001);
#4330=AXIS2_PLACEMENT_3D('',#6160,#5003,#5004);
#4331=AXIS2_PLACEMENT_3D('',#6161,#5005,#5006);
#4332=AXIS2_PLACEMENT_3D('',#6162,#5007,#5008);
#4333=AXIS2_PLACEMENT_3D('',#6163,#5009,#5010);
#4334=AXIS2_PLACEMENT_3D('',#6164,#5011,#5012);
#4335=AXIS2_PLACEMENT_3D('',#6167,#5013,#5014);
#4336=AXIS2_PLACEMENT_3D('',#6169,#5015,#5016);
#4337=AXIS2_PLACEMENT_3D('',#6170,#5017,#5018);
#4338=AXIS2_PLACEMENT_3D('',#6200,#5019,#5020);
#4339=AXIS2_PLACEMENT_3D('',#6202,#5021,#5022);
#4340=AXIS2_PLACEMENT_3D('',#6203,#5023,#5024);
#4341=AXIS2_PLACEMENT_3D('',#6204,#5025,#5026);
#4342=AXIS2_PLACEMENT_3D('',#6255,#5027,#5028);
#4343=AXIS2_PLACEMENT_3D('',#6257,#5029,#5030);
#4344=AXIS2_PLACEMENT_3D('',#6259,#5032,#5033);
#4345=AXIS2_PLACEMENT_3D('',#6261,#5034,#5035);
#4346=AXIS2_PLACEMENT_3D('',#6262,#5036,#5037);
#4347=AXIS2_PLACEMENT_3D('',#6264,#5038,#5039);
#4348=AXIS2_PLACEMENT_3D('',#6266,#5041,#5042);
#4349=AXIS2_PLACEMENT_3D('',#6267,#5043,#5044);
#4350=AXIS2_PLACEMENT_3D('',#6269,#5045,#5046);
#4351=AXIS2_PLACEMENT_3D('',#6273,#5049,#5050);
#4352=AXIS2_PLACEMENT_3D('',#6274,#5051,#5052);
#4353=AXIS2_PLACEMENT_3D('',#6275,#5053,#5054);
#4354=AXIS2_PLACEMENT_3D('',#6277,#5055,#5056);
#4355=AXIS2_PLACEMENT_3D('',#6280,#5058,#5059);
#4356=AXIS2_PLACEMENT_3D('',#6281,#5060,#5061);
#4357=AXIS2_PLACEMENT_3D('',#6283,#5062,#5063);
#4358=AXIS2_PLACEMENT_3D('',#6286,#5065,#5066);
#4359=AXIS2_PLACEMENT_3D('',#6287,#5067,#5068);
#4360=AXIS2_PLACEMENT_3D('',#6289,#5069,#5070);
#4361=AXIS2_PLACEMENT_3D('',#6292,#5072,#5073);
#4362=AXIS2_PLACEMENT_3D('',#6293,#5074,#5075);
#4363=AXIS2_PLACEMENT_3D('',#6295,#5076,#5077);
#4364=AXIS2_PLACEMENT_3D('',#6298,#5079,#5080);
#4365=AXIS2_PLACEMENT_3D('',#6299,#5081,#5082);
#4366=AXIS2_PLACEMENT_3D('',#6308,#5087,#5088);
#4367=AXIS2_PLACEMENT_3D('',#6314,#5092,#5093);
#4368=AXIS2_PLACEMENT_3D('',#6320,#5097,#5098);
#4369=AXIS2_PLACEMENT_3D('',#6323,#5101,#5102);
#4370=AXIS2_PLACEMENT_3D('',#6324,#5103,#5104);
#4371=AXIS2_PLACEMENT_3D('',#6325,#5105,#5106);
#4372=AXIS2_PLACEMENT_3D('',#6326,#5107,#5108);
#4373=AXIS2_PLACEMENT_3D('',#6335,#5113,#5114);
#4374=AXIS2_PLACEMENT_3D('',#6344,#5119,#5120);
#4375=AXIS2_PLACEMENT_3D('',#6353,#5125,#5126);
#4376=AXIS2_PLACEMENT_3D('',#6362,#5131,#5132);
#4377=AXIS2_PLACEMENT_3D('',#6365,#5133,#5134);
#4378=AXIS2_PLACEMENT_3D('',#6369,#5136,#5137);
#4379=AXIS2_PLACEMENT_3D('',#6371,#5139,#5140);
#4380=AXIS2_PLACEMENT_3D('',#6373,#5141,#5142);
#4381=AXIS2_PLACEMENT_3D('',#6375,#5143,#5144);
#4382=AXIS2_PLACEMENT_3D('',#6377,#5146,#5147);
#4383=AXIS2_PLACEMENT_3D('',#6383,#5151,#5152);
#4384=AXIS2_PLACEMENT_3D('',#6387,#5155,#5156);
#4385=AXIS2_PLACEMENT_3D('',#6391,#5159,#5160);
#4386=AXIS2_PLACEMENT_3D('',#6393,#5162,#5163);
#4387=AXIS2_PLACEMENT_3D('',#6402,#5168,#5169);
#4388=AXIS2_PLACEMENT_3D('',#6411,#5174,#5175);
#4389=AXIS2_PLACEMENT_3D('',#6414,#5178,#5179);
#4390=AXIS2_PLACEMENT_3D('',#6420,#5183,#5184);
#4391=AXIS2_PLACEMENT_3D('',#6429,#5189,#5190);
#4392=AXIS2_PLACEMENT_3D('',#6438,#5195,#5196);
#4393=AXIS2_PLACEMENT_3D('',#6441,#5199,#5200);
#4394=AXIS2_PLACEMENT_3D('',#6447,#5204,#5205);
#4395=AXIS2_PLACEMENT_3D('',#6450,#5208,#5209);
#4396=AXIS2_PLACEMENT_3D('',#6456,#5213,#5214);
#4397=AXIS2_PLACEMENT_3D('',#6462,#5218,#5219);
#4398=AXIS2_PLACEMENT_3D('',#6464,#5221,#5222);
#4399=AXIS2_PLACEMENT_3D('',#6471,#5227,#5228);
#4400=AXIS2_PLACEMENT_3D('',#6477,#5232,#5233);
#4401=AXIS2_PLACEMENT_3D('',#6483,#5237,#5238);
#4402=AXIS2_PLACEMENT_3D('',#6485,#5240,#5241);
#4403=AXIS2_PLACEMENT_3D('',#6492,#5246,#5247);
#4404=AXIS2_PLACEMENT_3D('',#6495,#5250,#5251);
#4405=AXIS2_PLACEMENT_3D('',#6498,#5254,#5255);
#4406=AXIS2_PLACEMENT_3D('',#6501,#5258,#5259);
#4407=AXIS2_PLACEMENT_3D('',#6502,#5260,#5261);
#4408=AXIS2_PLACEMENT_3D('',#6503,#5262,#5263);
#4409=AXIS2_PLACEMENT_3D('',#6504,#5264,#5265);
#4410=AXIS2_PLACEMENT_3D('',#6505,#5266,#5267);
#4411=AXIS2_PLACEMENT_3D('',#6542,#5269,#5270);
#4412=AXIS2_PLACEMENT_3D('',#6579,#5272,#5273);
#4413=AXIS2_PLACEMENT_3D('',#6611,#5274,#5275);
#4414=AXIS2_PLACEMENT_3D('',#6613,#5276,#5277);
#4415=AXIS2_PLACEMENT_3D('',#6614,#5278,#5279);
#4416=AXIS2_PLACEMENT_3D('',#6615,#5280,#5281);
#4417=AXIS2_PLACEMENT_3D('',#6616,#5282,#5283);
#4418=AXIS2_PLACEMENT_3D('',#6617,#5284,#5285);
#4419=AXIS2_PLACEMENT_3D('',#6626,#5290,#5291);
#4420=AXIS2_PLACEMENT_3D('',#6635,#5296,#5297);
#4421=AXIS2_PLACEMENT_3D('',#6638,#5300,#5301);
#4422=AXIS2_PLACEMENT_3D('',#6639,#5302,#5303);
#4423=AXIS2_PLACEMENT_3D('',#6640,#5304,#5305);
#4424=AXIS2_PLACEMENT_3D('',#6642,#5306,#5307);
#4425=AXIS2_PLACEMENT_3D('',#6644,#5308,#5309);
#4426=AXIS2_PLACEMENT_3D('',#6645,#5310,#5311);
#4427=AXIS2_PLACEMENT_3D('',#6646,#5312,#5313);
#4428=AXIS2_PLACEMENT_3D('',#6655,#5318,#5319);
#4429=AXIS2_PLACEMENT_3D('',#6661,#5323,#5324);
#4430=AXIS2_PLACEMENT_3D('',#6667,#5328,#5329);
#4431=AXIS2_PLACEMENT_3D('',#6670,#5332,#5333);
#4432=AXIS2_PLACEMENT_3D('',#6671,#5334,#5335);
#4433=AXIS2_PLACEMENT_3D('',#6680,#5340,#5341);
#4434=AXIS2_PLACEMENT_3D('',#6686,#5345,#5346);
#4435=AXIS2_PLACEMENT_3D('',#6692,#5350,#5351);
#4436=AXIS2_PLACEMENT_3D('',#6695,#5354,#5355);
#4437=AXIS2_PLACEMENT_3D('',#6696,#5356,#5357);
#4438=AXIS2_PLACEMENT_3D('',#6705,#5362,#5363);
#4439=AXIS2_PLACEMENT_3D('',#6711,#5367,#5368);
#4440=AXIS2_PLACEMENT_3D('',#6717,#5372,#5373);
#4441=AXIS2_PLACEMENT_3D('',#6720,#5376,#5377);
#4442=AXIS2_PLACEMENT_3D('',#6721,#5378,#5379);
#4443=AXIS2_PLACEMENT_3D('',#6722,#5380,#5381);
#4444=AXIS2_PLACEMENT_3D('',#6724,#5383,#5384);
#4445=AXIS2_PLACEMENT_3D('',#6726,#5385,#5386);
#4446=AXIS2_PLACEMENT_3D('',#6728,#5388,#5389);
#4447=AXIS2_PLACEMENT_3D('',#6729,#5390,#5391);
#4448=AXIS2_PLACEMENT_3D('',#6730,#5392,#5393);
#4449=AXIS2_PLACEMENT_3D('',#6732,#5394,#5395);
#4450=AXIS2_PLACEMENT_3D('',#6733,#5396,#5397);
#4451=AXIS2_PLACEMENT_3D('',#6735,#5398,#5399);
#4452=AXIS2_PLACEMENT_3D('',#6738,#5401,#5402);
#4453=AXIS2_PLACEMENT_3D('',#6739,#5403,#5404);
#4454=AXIS2_PLACEMENT_3D('',#6740,#5405,#5406);
#4455=AXIS2_PLACEMENT_3D('',#6742,#5407,#5408);
#4456=AXIS2_PLACEMENT_3D('',#6745,#5410,#5411);
#4457=AXIS2_PLACEMENT_3D('',#6746,#5412,#5413);
#4458=AXIS2_PLACEMENT_3D('',#6748,#5414,#5415);
#4459=AXIS2_PLACEMENT_3D('',#6749,#5416,#5417);
#4460=AXIS2_PLACEMENT_3D('',#6751,#5419,#5420);
#4461=AXIS2_PLACEMENT_3D('',#6760,#5425,#5426);
#4462=AXIS2_PLACEMENT_3D('',#6766,#5430,#5431);
#4463=AXIS2_PLACEMENT_3D('',#6772,#5435,#5436);
#4464=AXIS2_PLACEMENT_3D('',#6778,#5440,#5441);
#4465=AXIS2_PLACEMENT_3D('',#6784,#5445,#5446);
#4466=AXIS2_PLACEMENT_3D('',#6785,#5447,#5448);
#4467=AXIS2_PLACEMENT_3D('',#6786,#5449,#5450);
#4468=AXIS2_PLACEMENT_3D('',#6787,#5451,#5452);
#4469=AXIS2_PLACEMENT_3D('',#6788,#5453,#5454);
#4470=AXIS2_PLACEMENT_3D('',#6789,#5455,#5456);
#4471=AXIS2_PLACEMENT_3D('',#6790,#5457,#5458);
#4472=AXIS2_PLACEMENT_3D('',#6799,#5463,#5464);
#4473=AXIS2_PLACEMENT_3D('',#6801,#5465,#5466);
#4474=AXIS2_PLACEMENT_3D('',#6803,#5467,#5468);
#4475=AXIS2_PLACEMENT_3D('',#6805,#5470,#5471);
#4476=AXIS2_PLACEMENT_3D('',#6811,#5475,#5476);
#4477=AXIS2_PLACEMENT_3D('',#6820,#5481,#5482);
#4478=AXIS2_PLACEMENT_3D('',#6822,#5483,#5484);
#4479=AXIS2_PLACEMENT_3D('',#6824,#5485,#5486);
#4480=AXIS2_PLACEMENT_3D('',#6826,#5488,#5489);
#4481=AXIS2_PLACEMENT_3D('',#6832,#5493,#5494);
#4482=AXIS2_PLACEMENT_3D('',#6834,#5495,#5496);
#4483=AXIS2_PLACEMENT_3D('',#6837,#5498,#5499);
#4484=AXIS2_PLACEMENT_3D('',#6839,#5500,#5501);
#4485=AXIS2_PLACEMENT_3D('',#6842,#5503,#5504);
#4486=AXIS2_PLACEMENT_3D('',#6843,#5505,#5506);
#4487=AXIS2_PLACEMENT_3D('',#6845,#5507,#5508);
#4488=AXIS2_PLACEMENT_3D('',#6847,#5509,#5510);
#4489=AXIS2_PLACEMENT_3D('',#6851,#5512,#5513);
#4490=AXIS2_PLACEMENT_3D('',#6854,#5515,#5516);
#4491=AXIS2_PLACEMENT_3D('',#6855,#5517,#5518);
#4492=AXIS2_PLACEMENT_3D('',#6857,#5519,#5520);
#4493=AXIS2_PLACEMENT_3D('',#6860,#5522,#5523);
#4494=AXIS2_PLACEMENT_3D('',#6861,#5524,#5525);
#4495=AXIS2_PLACEMENT_3D('',#6863,#5526,#5527);
#4496=AXIS2_PLACEMENT_3D('',#6865,#5529,#5530);
#4497=AXIS2_PLACEMENT_3D('',#6869,#5532,#5533);
#4498=AXIS2_PLACEMENT_3D('',#6871,#5535,#5536);
#4499=AXIS2_PLACEMENT_3D('',#6875,#5539,#5540);
#4500=AXIS2_PLACEMENT_3D('',#6877,#5541,#5542);
#4501=AXIS2_PLACEMENT_3D('',#6879,#5544,#5545);
#4502=AXIS2_PLACEMENT_3D('',#6883,#5548,#5549);
#4503=AXIS2_PLACEMENT_3D('',#6885,#5550,#5551);
#4504=AXIS2_PLACEMENT_3D('',#6888,#5553,#5554);
#4505=AXIS2_PLACEMENT_3D('',#6889,#5555,#5556);
#4506=AXIS2_PLACEMENT_3D('',#6895,#5560,#5561);
#4507=AXIS2_PLACEMENT_3D('',#6897,#5562,#5563);
#4508=AXIS2_PLACEMENT_3D('',#6899,#5564,#5565);
#4509=AXIS2_PLACEMENT_3D('',#6901,#5567,#5568);
#4510=AXIS2_PLACEMENT_3D('',#6907,#5572,#5573);
#4511=AXIS2_PLACEMENT_3D('',#6909,#5574,#5575);
#4512=AXIS2_PLACEMENT_3D('',#6911,#5577,#5578);
#4513=AXIS2_PLACEMENT_3D('',#6912,#5579,#5580);
#4514=AXIS2_PLACEMENT_3D('',#6916,#5583,#5584);
#4515=AXIS2_PLACEMENT_3D('',#6918,#5585,#5586);
#4516=AXIS2_PLACEMENT_3D('',#6920,#5588,#5589);
#4517=AXIS2_PLACEMENT_3D('',#6922,#5591,#5592);
#4518=AXIS2_PLACEMENT_3D('',#6923,#5593,#5594);
#4519=AXIS2_PLACEMENT_3D('',#6924,#5595,#5596);
#4520=AXIS2_PLACEMENT_3D('',#6925,#5597,#5598);
#4521=AXIS2_PLACEMENT_3D('',#6927,#5599,#5600);
#4522=AXIS2_PLACEMENT_3D('',#6930,#5602,#5603);
#4523=AXIS2_PLACEMENT_3D('',#6931,#5604,#5605);
#4524=AXIS2_PLACEMENT_3D('',#6933,#5606,#5607);
#4525=AXIS2_PLACEMENT_3D('',#6936,#5609,#5610);
#4526=AXIS2_PLACEMENT_3D('',#6937,#5611,#5612);
#4527=AXIS2_PLACEMENT_3D('',#6939,#5613,#5614);
#4528=AXIS2_PLACEMENT_3D('',#6942,#5616,#5617);
#4529=AXIS2_PLACEMENT_3D('',#6943,#5618,#5619);
#4530=AXIS2_PLACEMENT_3D('',#6945,#5620,#5621);
#4531=AXIS2_PLACEMENT_3D('',#6948,#5623,#5624);
#4532=AXIS2_PLACEMENT_3D('',#6949,#5625,#5626);
#4533=AXIS2_PLACEMENT_3D('',#6958,#5631,#5632);
#4534=AXIS2_PLACEMENT_3D('',#6964,#5636,#5637);
#4535=AXIS2_PLACEMENT_3D('',#6970,#5641,#5642);
#4536=AXIS2_PLACEMENT_3D('',#6972,#5644,#5645);
#4537=AXIS2_PLACEMENT_3D('',#6981,#5650,#5651);
#4538=AXIS2_PLACEMENT_3D('',#6990,#5656,#5657);
#4539=AXIS2_PLACEMENT_3D('',#6993,#5660,#5661);
#4540=AXIS2_PLACEMENT_3D('',#7003,#5667,#5668);
#4541=AXIS2_PLACEMENT_3D('',#7009,#5672,#5673);
#4542=AXIS2_PLACEMENT_3D('',#7014,#5677,#5678);
#4543=AXIS2_PLACEMENT_3D('',#7018,#5681,#5682);
#4544=AXIS2_PLACEMENT_3D('',#7021,#5685,#5686);
#4545=AXIS2_PLACEMENT_3D('',#7022,#5687,#5688);
#4546=AXIS2_PLACEMENT_3D('',#7023,#5689,#5690);
#4547=AXIS2_PLACEMENT_3D('',#7024,#5691,#5692);
#4548=AXIS2_PLACEMENT_3D('',#7025,#5693,#5694);
#4549=AXIS2_PLACEMENT_3D('',#7026,#5695,#5696);
#4550=AXIS2_PLACEMENT_3D('',#7027,#5697,#5698);
#4551=AXIS2_PLACEMENT_3D('',#7028,#5699,#5700);
#4552=AXIS2_PLACEMENT_3D('',#7029,#5701,#5702);
#4553=AXIS2_PLACEMENT_3D('',#7030,#5703,#5704);
#4554=AXIS2_PLACEMENT_3D('',#7031,#5705,#5706);
#4555=AXIS2_PLACEMENT_3D('',#7032,#5707,#5708);
#4556=AXIS2_PLACEMENT_3D('',#7033,#5709,#5710);
#4557=AXIS2_PLACEMENT_3D('',#7034,#5711,#5712);
#4558=AXIS2_PLACEMENT_3D('',#7035,#5713,#5714);
#4559=AXIS2_PLACEMENT_3D('',#7036,#5715,#5716);
#4560=AXIS2_PLACEMENT_3D('',#7037,#5717,#5718);
#4561=DIRECTION('axis',(0.,0.,1.));
#4562=DIRECTION('refdir',(1.,0.,0.));
#4563=DIRECTION('axis',(0.,0.,1.));
#4564=DIRECTION('refdir',(1.,0.,0.));
#4565=DIRECTION('center_axis',(0.,1.,0.));
#4566=DIRECTION('ref_axis',(-1.,0.,0.));
#4567=DIRECTION('',(-1.,0.,0.));
#4568=DIRECTION('',(0.,0.,1.));
#4569=DIRECTION('',(-1.,0.,0.));
#4570=DIRECTION('',(0.,0.,1.));
#4571=DIRECTION('center_axis',(1.,0.,0.));
#4572=DIRECTION('ref_axis',(0.,1.,0.));
#4573=DIRECTION('',(0.,1.,0.));
#4574=DIRECTION('',(0.,1.,0.));
#4575=DIRECTION('',(0.,0.,1.));
#4576=DIRECTION('center_axis',(0.,-1.,0.));
#4577=DIRECTION('ref_axis',(1.,0.,0.));
#4578=DIRECTION('',(1.,0.,0.));
#4579=DIRECTION('',(1.,0.,0.));
#4580=DIRECTION('',(0.,0.,1.));
#4581=DIRECTION('center_axis',(-1.,0.,0.));
#4582=DIRECTION('ref_axis',(0.,-1.,0.));
#4583=DIRECTION('',(0.,-1.,0.));
#4584=DIRECTION('',(0.,-1.,0.));
#4585=DIRECTION('center_axis',(0.,0.,1.));
#4586=DIRECTION('ref_axis',(1.,0.,0.));
#4587=DIRECTION('center_axis',(0.,0.,1.));
#4588=DIRECTION('ref_axis',(1.,0.,0.));
#4589=DIRECTION('axis',(0.,0.,1.));
#4590=DIRECTION('refdir',(1.,0.,0.));
#4591=DIRECTION('center_axis',(0.979340621765552,-0.202217572332036,0.));
#4592=DIRECTION('ref_axis',(-0.202217572332036,-0.979340621765552,0.));
#4593=DIRECTION('',(-0.202217572332036,-0.979340621765552,0.));
#4594=DIRECTION('',(0.,0.,-1.));
#4595=DIRECTION('',(-0.202217572332036,-0.979340621765552,0.));
#4596=DIRECTION('',(0.,0.,-1.));
#4597=DIRECTION('center_axis',(0.4226182617407,0.90630778703665,0.));
#4598=DIRECTION('ref_axis',(0.90630778703665,-0.4226182617407,0.));
#4599=DIRECTION('',(0.90630778703665,-0.4226182617407,0.));
#4600=DIRECTION('',(0.,0.,1.));
#4601=DIRECTION('',(0.90630778703665,-0.4226182617407,0.));
#4602=DIRECTION('center_axis',(0.,0.,1.));
#4603=DIRECTION('ref_axis',(-1.,0.,0.));
#4604=DIRECTION('center_axis',(0.,0.,-1.));
#4605=DIRECTION('ref_axis',(-1.,0.,0.));
#4606=DIRECTION('center_axis',(0.999576950082201,0.0290847187431115,0.));
#4607=DIRECTION('ref_axis',(0.0290847187431115,-0.9995769500822,0.));
#4608=DIRECTION('',(0.0290847187431115,-0.9995769500822,0.));
#4609=DIRECTION('',(0.,0.,-1.));
#4610=DIRECTION('',(0.0290847187431115,-0.9995769500822,0.));
#4611=DIRECTION('',(0.,0.,-1.));
#4612=DIRECTION('center_axis',(0.202217572332038,0.979340621765551,0.));
#4613=DIRECTION('ref_axis',(0.979340621765551,-0.202217572332038,0.));
#4614=DIRECTION('',(0.979340621765551,-0.202217572332038,0.));
#4615=DIRECTION('',(0.979340621765551,-0.202217572332038,0.));
#4616=DIRECTION('center_axis',(0.,0.,1.));
#4617=DIRECTION('ref_axis',(-1.,0.,0.));
#4618=DIRECTION('center_axis',(0.,0.,-1.));
#4619=DIRECTION('ref_axis',(-1.,0.,0.));
#4620=DIRECTION('center_axis',(0.965925826289068,0.25881904510252,0.));
#4621=DIRECTION('ref_axis',(0.25881904510252,-0.965925826289068,0.));
#4622=DIRECTION('',(0.25881904510252,-0.965925826289068,0.));
#4623=DIRECTION('',(0.,0.,-1.));
#4624=DIRECTION('',(0.25881904510252,-0.965925826289068,0.));
#4625=DIRECTION('',(0.,0.,-1.));
#4626=DIRECTION('center_axis',(-0.0290847187431115,0.999576950082201,0.));
#4627=DIRECTION('ref_axis',(0.9995769500822,0.0290847187431115,0.));
#4628=DIRECTION('',(0.9995769500822,0.0290847187431115,0.));
#4629=DIRECTION('',(0.9995769500822,0.0290847187431115,0.));
#4630=DIRECTION('center_axis',(0.,0.,1.));
#4631=DIRECTION('ref_axis',(-1.,0.,0.));
#4632=DIRECTION('center_axis',(0.,0.,-1.));
#4633=DIRECTION('ref_axis',(-1.,0.,0.));
#4634=DIRECTION('center_axis',(0.880201391180111,0.47460036974764,0.));
#4635=DIRECTION('ref_axis',(0.47460036974764,-0.880201391180111,0.));
#4636=DIRECTION('',(0.47460036974764,-0.880201391180111,0.));
#4637=DIRECTION('',(0.,0.,-1.));
#4638=DIRECTION('',(0.47460036974764,-0.880201391180111,0.));
#4639=DIRECTION('',(0.,0.,-1.));
#4640=DIRECTION('center_axis',(-0.25881904510252,0.965925826289069,0.));
#4641=DIRECTION('ref_axis',(0.965925826289069,0.25881904510252,0.));
#4642=DIRECTION('',(0.965925826289069,0.25881904510252,0.));
#4643=DIRECTION('',(0.965925826289069,0.25881904510252,0.));
#4644=DIRECTION('center_axis',(0.,0.,1.));
#4645=DIRECTION('ref_axis',(-1.,0.,0.));
#4646=DIRECTION('center_axis',(0.,0.,-1.));
#4647=DIRECTION('ref_axis',(-1.,0.,0.));
#4648=DIRECTION('center_axis',(0.747025071240996,0.664795865613938,0.));
#4649=DIRECTION('ref_axis',(0.664795865613938,-0.747025071240996,0.));
#4650=DIRECTION('',(0.664795865613938,-0.747025071240996,0.));
#4651=DIRECTION('',(0.,0.,-1.));
#4652=DIRECTION('',(0.664795865613938,-0.747025071240996,0.));
#4653=DIRECTION('',(0.,0.,-1.));
#4654=DIRECTION('center_axis',(-0.47460036974764,0.880201391180111,0.));
#4655=DIRECTION('ref_axis',(0.880201391180112,0.47460036974764,0.));
#4656=DIRECTION('',(0.880201391180112,0.47460036974764,0.));
#4657=DIRECTION('',(0.880201391180112,0.47460036974764,0.));
#4658=DIRECTION('center_axis',(0.,0.,1.));
#4659=DIRECTION('ref_axis',(-1.,0.,0.));
#4660=DIRECTION('center_axis',(0.,0.,-1.));
#4661=DIRECTION('ref_axis',(-1.,0.,0.));
#4662=DIRECTION('center_axis',(0.573576436351046,0.819152044288991,0.));
#4663=DIRECTION('ref_axis',(0.819152044288991,-0.573576436351046,0.));
#4664=DIRECTION('',(0.819152044288991,-0.573576436351046,0.));
#4665=DIRECTION('',(0.,0.,-1.));
#4666=DIRECTION('',(0.819152044288991,-0.573576436351046,0.));
#4667=DIRECTION('',(0.,0.,-1.));
#4668=DIRECTION('center_axis',(-0.664795865613937,0.747025071240997,0.));
#4669=DIRECTION('ref_axis',(0.747025071240997,0.664795865613937,0.));
#4670=DIRECTION('',(0.747025071240997,0.664795865613937,0.));
#4671=DIRECTION('',(0.747025071240997,0.664795865613937,0.));
#4672=DIRECTION('center_axis',(0.,0.,1.));
#4673=DIRECTION('ref_axis',(-1.,0.,0.));
#4674=DIRECTION('center_axis',(0.,0.,-1.));
#4675=DIRECTION('ref_axis',(-1.,0.,0.));
#4676=DIRECTION('center_axis',(0.369206147312684,0.929347524226823,0.));
#4677=DIRECTION('ref_axis',(0.929347524226823,-0.369206147312684,0.));
#4678=DIRECTION('',(0.929347524226823,-0.369206147312684,0.));
#4679=DIRECTION('',(0.,0.,-1.));
#4680=DIRECTION('',(0.929347524226823,-0.369206147312684,0.));
#4681=DIRECTION('',(0.,0.,-1.));
#4682=DIRECTION('center_axis',(-0.819152044288991,0.573576436351047,0.));
#4683=DIRECTION('ref_axis',(0.573576436351047,0.819152044288991,0.));
#4684=DIRECTION('',(0.573576436351047,0.819152044288991,0.));
#4685=DIRECTION('',(0.573576436351047,0.819152044288991,0.));
#4686=DIRECTION('center_axis',(0.,0.,1.));
#4687=DIRECTION('ref_axis',(-1.,0.,0.));
#4688=DIRECTION('center_axis',(0.,0.,-1.));
#4689=DIRECTION('ref_axis',(-1.,0.,0.));
#4690=DIRECTION('center_axis',(0.144931859307247,0.989441638580944,0.));
#4691=DIRECTION('ref_axis',(0.989441638580944,-0.144931859307247,0.));
#4692=DIRECTION('',(0.989441638580944,-0.144931859307247,0.));
#4693=DIRECTION('',(0.,0.,-1.));
#4694=DIRECTION('',(0.989441638580944,-0.144931859307247,0.));
#4695=DIRECTION('',(0.,0.,-1.));
#4696=DIRECTION('center_axis',(-0.929347524226822,0.369206147312685,0.));
#4697=DIRECTION('ref_axis',(0.369206147312685,0.929347524226822,0.));
#4698=DIRECTION('',(0.369206147312685,0.929347524226822,0.));
#4699=DIRECTION('',(0.369206147312685,0.929347524226822,0.));
#4700=DIRECTION('center_axis',(0.,0.,1.));
#4701=DIRECTION('ref_axis',(-1.,0.,0.));
#4702=DIRECTION('center_axis',(0.,0.,-1.));
#4703=DIRECTION('ref_axis',(-1.,0.,0.));
#4704=DIRECTION('center_axis',(-0.0871557427476583,0.996194698091746,0.));
#4705=DIRECTION('ref_axis',(0.996194698091746,0.0871557427476583,0.));
#4706=DIRECTION('',(0.996194698091746,0.0871557427476583,0.));
#4707=DIRECTION('',(0.,0.,-1.));
#4708=DIRECTION('',(0.996194698091746,0.0871557427476583,0.));
#4709=DIRECTION('',(0.,0.,-1.));
#4710=DIRECTION('center_axis',(-0.989441638580944,0.144931859307247,0.));
#4711=DIRECTION('ref_axis',(0.144931859307247,0.989441638580944,0.));
#4712=DIRECTION('',(0.144931859307247,0.989441638580944,0.));
#4713=DIRECTION('',(0.144931859307247,0.989441638580944,0.));
#4714=DIRECTION('center_axis',(0.,0.,1.));
#4715=DIRECTION('ref_axis',(-1.,0.,0.));
#4716=DIRECTION('center_axis',(0.,0.,-1.));
#4717=DIRECTION('ref_axis',(-1.,0.,0.));
#4718=DIRECTION('center_axis',(-0.314544756151614,0.949242643573034,0.));
#4719=DIRECTION('ref_axis',(0.949242643573034,0.314544756151614,0.));
#4720=DIRECTION('',(0.949242643573034,0.314544756151614,0.));
#4721=DIRECTION('',(0.,0.,-1.));
#4722=DIRECTION('',(0.949242643573034,0.314544756151614,0.));
#4723=DIRECTION('',(0.,0.,-1.));
#4724=DIRECTION('center_axis',(-0.996194698091746,-0.0871557427476566,0.));
#4725=DIRECTION('ref_axis',(-0.0871557427476566,0.996194698091746,0.));
#4726=DIRECTION('',(-0.0871557427476566,0.996194698091746,0.));
#4727=DIRECTION('',(-0.0871557427476566,0.996194698091746,0.));
#4728=DIRECTION('center_axis',(0.,0.,1.));
#4729=DIRECTION('ref_axis',(-1.,0.,0.));
#4730=DIRECTION('center_axis',(0.,0.,-1.));
#4731=DIRECTION('ref_axis',(-1.,0.,0.));
#4732=DIRECTION('center_axis',(-0.52497658033456,0.851116672437,0.));
#4733=DIRECTION('ref_axis',(0.851116672437,0.52497658033456,0.));
#4734=DIRECTION('',(0.851116672437,0.52497658033456,0.));
#4735=DIRECTION('',(0.,0.,-1.));
#4736=DIRECTION('',(0.851116672437,0.52497658033456,0.));
#4737=DIRECTION('',(0.,0.,-1.));
#4738=DIRECTION('center_axis',(-0.949242643573034,-0.314544756151612,0.));
#4739=DIRECTION('ref_axis',(-0.314544756151612,0.949242643573034,0.));
#4740=DIRECTION('',(-0.314544756151612,0.949242643573034,0.));
#4741=DIRECTION('',(-0.314544756151612,0.949242643573034,0.));
#4742=DIRECTION('center_axis',(0.,0.,1.));
#4743=DIRECTION('ref_axis',(-1.,0.,0.));
#4744=DIRECTION('center_axis',(0.,0.,-1.));
#4745=DIRECTION('ref_axis',(-1.,0.,0.));
#4746=DIRECTION('center_axis',(-0.851116672437,-0.52497658033456,0.));
#4747=DIRECTION('ref_axis',(-0.52497658033456,0.851116672437,0.));
#4748=DIRECTION('',(-0.52497658033456,0.851116672437,0.));
#4749=DIRECTION('',(-0.52497658033456,0.851116672437,0.));
#4750=DIRECTION('',(0.,0.,-1.));
#4751=DIRECTION('center_axis',(-0.707106781186548,0.707106781186547,0.));
#4752=DIRECTION('ref_axis',(0.707106781186547,0.707106781186548,0.));
#4753=DIRECTION('',(0.707106781186547,0.707106781186548,0.));
#4754=DIRECTION('',(0.707106781186547,0.707106781186548,0.));
#4755=DIRECTION('',(0.,0.,-1.));
#4756=DIRECTION('center_axis',(0.,0.,1.));
#4757=DIRECTION('ref_axis',(-1.,0.,0.));
#4758=DIRECTION('center_axis',(0.,0.,-1.));
#4759=DIRECTION('ref_axis',(-1.,0.,0.));
#4760=DIRECTION('center_axis',(-0.851116672437,0.524976580334561,0.));
#4761=DIRECTION('ref_axis',(0.524976580334561,0.851116672436999,0.));
#4762=DIRECTION('',(0.524976580334561,0.851116672436999,0.));
#4763=DIRECTION('',(0.,0.,-1.));
#4764=DIRECTION('',(0.524976580334561,0.851116672436999,0.));
#4765=DIRECTION('',(0.,0.,-1.));
#4766=DIRECTION('center_axis',(-0.707106781186548,-0.707106781186547,0.));
#4767=DIRECTION('ref_axis',(-0.707106781186547,0.707106781186548,0.));
#4768=DIRECTION('',(-0.707106781186547,0.707106781186548,0.));
#4769=DIRECTION('',(-0.707106781186547,0.707106781186548,0.));
#4770=DIRECTION('center_axis',(0.,0.,1.));
#4771=DIRECTION('ref_axis',(-1.,0.,0.));
#4772=DIRECTION('center_axis',(0.,0.,-1.));
#4773=DIRECTION('ref_axis',(-1.,0.,0.));
#4774=DIRECTION('center_axis',(0.,0.,-1.));
#4775=DIRECTION('ref_axis',(-1.,0.,0.));
#4776=DIRECTION('center_axis',(-0.949242643573034,0.314544756151614,0.));
#4777=DIRECTION('ref_axis',(0.314544756151614,0.949242643573034,0.));
#4778=DIRECTION('',(0.314544756151614,0.949242643573034,0.));
#4779=DIRECTION('',(0.,0.,-1.));
#4780=DIRECTION('',(0.314544756151614,0.949242643573034,0.));
#4781=DIRECTION('',(0.,0.,-1.));
#4782=DIRECTION('center_axis',(-0.52497658033456,-0.851116672437,0.));
#4783=DIRECTION('ref_axis',(-0.851116672437,0.52497658033456,0.));
#4784=DIRECTION('',(-0.851116672437,0.52497658033456,0.));
#4785=DIRECTION('',(-0.851116672437,0.52497658033456,0.));
#4786=DIRECTION('center_axis',(0.,0.,1.));
#4787=DIRECTION('ref_axis',(-1.,0.,0.));
#4788=DIRECTION('center_axis',(0.,0.,-1.));
#4789=DIRECTION('ref_axis',(-1.,0.,0.));
#4790=DIRECTION('center_axis',(-0.996194698091746,0.0871557427476577,0.));
#4791=DIRECTION('ref_axis',(0.0871557427476577,0.996194698091746,0.));
#4792=DIRECTION('',(0.0871557427476577,0.996194698091746,0.));
#4793=DIRECTION('',(0.,0.,-1.));
#4794=DIRECTION('',(0.0871557427476577,0.996194698091746,0.));
#4795=DIRECTION('',(0.,0.,-1.));
#4796=DIRECTION('center_axis',(-0.314544756151615,-0.949242643573034,0.));
#4797=DIRECTION('ref_axis',(-0.949242643573034,0.314544756151615,0.));
#4798=DIRECTION('',(-0.949242643573034,0.314544756151615,0.));
#4799=DIRECTION('',(-0.949242643573034,0.314544756151615,0.));
#4800=DIRECTION('center_axis',(0.,0.,1.));
#4801=DIRECTION('ref_axis',(-1.,0.,0.));
#4802=DIRECTION('center_axis',(0.,0.,-1.));
#4803=DIRECTION('ref_axis',(-1.,0.,0.));
#4804=DIRECTION('center_axis',(-0.989441638580945,-0.144931859307247,0.));
#4805=DIRECTION('ref_axis',(-0.144931859307247,0.989441638580944,0.));
#4806=DIRECTION('',(-0.144931859307247,0.989441638580944,0.));
#4807=DIRECTION('',(0.,0.,-1.));
#4808=DIRECTION('',(-0.144931859307247,0.989441638580944,0.));
#4809=DIRECTION('',(0.,0.,-1.));
#4810=DIRECTION('center_axis',(-0.0871557427476583,-0.996194698091746,0.));
#4811=DIRECTION('ref_axis',(-0.996194698091746,0.0871557427476583,0.));
#4812=DIRECTION('',(-0.996194698091746,0.0871557427476583,0.));
#4813=DIRECTION('',(-0.996194698091746,0.0871557427476583,0.));
#4814=DIRECTION('center_axis',(0.,0.,1.));
#4815=DIRECTION('ref_axis',(-1.,0.,0.));
#4816=DIRECTION('center_axis',(0.,0.,-1.));
#4817=DIRECTION('ref_axis',(-1.,0.,0.));
#4818=DIRECTION('center_axis',(-0.929347524226822,-0.369206147312685,0.));
#4819=DIRECTION('ref_axis',(-0.369206147312685,0.929347524226822,0.));
#4820=DIRECTION('',(-0.369206147312685,0.929347524226822,0.));
#4821=DIRECTION('',(0.,0.,-1.));
#4822=DIRECTION('',(-0.369206147312685,0.929347524226822,0.));
#4823=DIRECTION('',(0.,0.,-1.));
#4824=DIRECTION('center_axis',(0.144931859307247,-0.989441638580945,0.));
#4825=DIRECTION('ref_axis',(-0.989441638580944,-0.144931859307247,0.));
#4826=DIRECTION('',(-0.989441638580944,-0.144931859307247,0.));
#4827=DIRECTION('',(-0.989441638580944,-0.144931859307247,0.));
#4828=DIRECTION('center_axis',(0.,0.,1.));
#4829=DIRECTION('ref_axis',(-1.,0.,0.));
#4830=DIRECTION('center_axis',(0.,0.,-1.));
#4831=DIRECTION('ref_axis',(-1.,0.,0.));
#4832=DIRECTION('center_axis',(-0.819152044288992,-0.573576436351046,0.));
#4833=DIRECTION('ref_axis',(-0.573576436351046,0.819152044288992,0.));
#4834=DIRECTION('',(-0.573576436351046,0.819152044288992,0.));
#4835=DIRECTION('',(0.,0.,-1.));
#4836=DIRECTION('',(-0.573576436351046,0.819152044288992,0.));
#4837=DIRECTION('',(0.,0.,-1.));
#4838=DIRECTION('center_axis',(0.369206147312684,-0.929347524226823,0.));
#4839=DIRECTION('ref_axis',(-0.929347524226823,-0.369206147312684,0.));
#4840=DIRECTION('',(-0.929347524226823,-0.369206147312684,0.));
#4841=DIRECTION('',(-0.929347524226823,-0.369206147312684,0.));
#4842=DIRECTION('center_axis',(0.,0.,1.));
#4843=DIRECTION('ref_axis',(-1.,0.,0.));
#4844=DIRECTION('center_axis',(0.,0.,-1.));
#4845=DIRECTION('ref_axis',(-1.,0.,0.));
#4846=DIRECTION('center_axis',(-0.664795865613938,-0.747025071240996,0.));
#4847=DIRECTION('ref_axis',(-0.747025071240996,0.664795865613938,0.));
#4848=DIRECTION('',(-0.747025071240996,0.664795865613938,0.));
#4849=DIRECTION('',(0.,0.,-1.));
#4850=DIRECTION('',(-0.747025071240996,0.664795865613938,0.));
#4851=DIRECTION('',(0.,0.,-1.));
#4852=DIRECTION('center_axis',(0.573576436351046,-0.819152044288992,0.));
#4853=DIRECTION('ref_axis',(-0.819152044288992,-0.573576436351046,0.));
#4854=DIRECTION('',(-0.819152044288992,-0.573576436351046,0.));
#4855=DIRECTION('',(-0.819152044288992,-0.573576436351046,0.));
#4856=DIRECTION('center_axis',(0.,0.,1.));
#4857=DIRECTION('ref_axis',(-1.,0.,0.));
#4858=DIRECTION('center_axis',(0.,0.,-1.));
#4859=DIRECTION('ref_axis',(-1.,0.,0.));
#4860=DIRECTION('center_axis',(-0.47460036974764,-0.880201391180111,0.));
#4861=DIRECTION('ref_axis',(-0.880201391180111,0.47460036974764,0.));
#4862=DIRECTION('',(-0.880201391180111,0.47460036974764,0.));
#4863=DIRECTION('',(0.,0.,-1.));
#4864=DIRECTION('',(-0.880201391180111,0.47460036974764,0.));
#4865=DIRECTION('',(0.,0.,-1.));
#4866=DIRECTION('center_axis',(0.747025071240996,-0.664795865613938,0.));
#4867=DIRECTION('ref_axis',(-0.664795865613938,-0.747025071240996,0.));
#4868=DIRECTION('',(-0.664795865613938,-0.747025071240996,0.));
#4869=DIRECTION('',(-0.664795865613938,-0.747025071240996,0.));
#4870=DIRECTION('center_axis',(0.,0.,1.));
#4871=DIRECTION('ref_axis',(-1.,0.,0.));
#4872=DIRECTION('center_axis',(0.,0.,-1.));
#4873=DIRECTION('ref_axis',(-1.,0.,0.));
#4874=DIRECTION('center_axis',(-0.258819045102521,-0.965925826289068,0.));
#4875=DIRECTION('ref_axis',(-0.965925826289068,0.258819045102521,0.));
#4876=DIRECTION('',(-0.965925826289068,0.258819045102521,0.));
#4877=DIRECTION('',(0.,0.,-1.));
#4878=DIRECTION('',(-0.965925826289068,0.258819045102521,0.));
#4879=DIRECTION('',(0.,0.,-1.));
#4880=DIRECTION('center_axis',(0.880201391180111,-0.47460036974764,0.));
#4881=DIRECTION('ref_axis',(-0.47460036974764,-0.880201391180111,0.));
#4882=DIRECTION('',(-0.47460036974764,-0.880201391180111,0.));
#4883=DIRECTION('',(-0.47460036974764,-0.880201391180111,0.));
#4884=DIRECTION('center_axis',(0.,0.,1.));
#4885=DIRECTION('ref_axis',(-1.,0.,0.));
#4886=DIRECTION('center_axis',(0.,0.,-1.));
#4887=DIRECTION('ref_axis',(-1.,0.,0.));
#4888=DIRECTION('center_axis',(-0.0290847187431115,-0.999576950082201,0.));
#4889=DIRECTION('ref_axis',(-0.9995769500822,0.0290847187431115,0.));
#4890=DIRECTION('',(-0.9995769500822,0.0290847187431115,0.));
#4891=DIRECTION('',(0.,0.,-1.));
#4892=DIRECTION('',(-0.9995769500822,0.0290847187431115,0.));
#4893=DIRECTION('',(0.,0.,-1.));
#4894=DIRECTION('center_axis',(0.965925826289068,-0.258819045102522,0.));
#4895=DIRECTION('ref_axis',(-0.258819045102522,-0.965925826289068,0.));
#4896=DIRECTION('',(-0.258819045102522,-0.965925826289068,0.));
#4897=DIRECTION('',(-0.258819045102522,-0.965925826289068,0.));
#4898=DIRECTION('center_axis',(0.,0.,1.));
#4899=DIRECTION('ref_axis',(-1.,0.,0.));
#4900=DIRECTION('center_axis',(0.,0.,-1.));
#4901=DIRECTION('ref_axis',(-1.,0.,0.));
#4902=DIRECTION('center_axis',(0.202217572332038,-0.979340621765551,0.));
#4903=DIRECTION('ref_axis',(-0.979340621765551,-0.202217572332038,0.));
#4904=DIRECTION('',(-0.979340621765551,-0.202217572332038,0.));
#4905=DIRECTION('',(0.,0.,-1.));
#4906=DIRECTION('',(-0.979340621765551,-0.202217572332038,0.));
#4907=DIRECTION('',(0.,0.,-1.));
#4908=DIRECTION('center_axis',(0.999576950082201,-0.029084718743112,0.));
#4909=DIRECTION('ref_axis',(-0.029084718743112,-0.9995769500822,0.));
#4910=DIRECTION('',(-0.029084718743112,-0.9995769500822,0.));
#4911=DIRECTION('',(-0.029084718743112,-0.9995769500822,0.));
#4912=DIRECTION('center_axis',(0.,0.,1.));
#4913=DIRECTION('ref_axis',(-1.,0.,0.));
#4914=DIRECTION('center_axis',(0.,0.,-1.));
#4915=DIRECTION('ref_axis',(-1.,0.,0.));
#4916=DIRECTION('center_axis',(0.422618261740699,-0.90630778703665,0.));
#4917=DIRECTION('ref_axis',(-0.90630778703665,-0.422618261740699,0.));
#4918=DIRECTION('',(-0.90630778703665,-0.422618261740699,0.));
#4919=DIRECTION('',(0.,0.,-1.));
#4920=DIRECTION('',(-0.90630778703665,-0.422618261740699,0.));
#4921=DIRECTION('',(0.,0.,-1.));
#4922=DIRECTION('center_axis',(0.979340621765552,0.202217572332036,0.));
#4923=DIRECTION('ref_axis',(0.202217572332036,-0.979340621765552,0.));
#4924=DIRECTION('',(0.202217572332036,-0.979340621765552,0.));
#4925=DIRECTION('',(0.202217572332036,-0.979340621765552,0.));
#4926=DIRECTION('center_axis',(0.,0.,1.));
#4927=DIRECTION('ref_axis',(-1.,0.,0.));
#4928=DIRECTION('center_axis',(0.,0.,-1.));
#4929=DIRECTION('ref_axis',(-1.,0.,0.));
#4930=DIRECTION('center_axis',(0.62023549126826,-0.784415664919576,0.));
#4931=DIRECTION('ref_axis',(-0.784415664919576,-0.62023549126826,0.));
#4932=DIRECTION('',(-0.784415664919576,-0.62023549126826,0.));
#4933=DIRECTION('',(0.,0.,-1.));
#4934=DIRECTION('',(-0.784415664919576,-0.62023549126826,0.));
#4935=DIRECTION('',(0.,0.,-1.));
#4936=DIRECTION('center_axis',(0.90630778703665,0.422618261740699,0.));
#4937=DIRECTION('ref_axis',(0.422618261740699,-0.90630778703665,0.));
#4938=DIRECTION('',(0.422618261740699,-0.90630778703665,0.));
#4939=DIRECTION('',(0.422618261740699,-0.90630778703665,0.));
#4940=DIRECTION('center_axis',(0.,0.,1.));
#4941=DIRECTION('ref_axis',(-1.,0.,0.));
#4942=DIRECTION('center_axis',(0.,0.,-1.));
#4943=DIRECTION('ref_axis',(-1.,0.,0.));
#4944=DIRECTION('center_axis',(0.784415664919576,-0.62023549126826,0.));
#4945=DIRECTION('ref_axis',(-0.62023549126826,-0.784415664919576,0.));
#4946=DIRECTION('',(-0.62023549126826,-0.784415664919576,0.));
#4947=DIRECTION('',(0.,0.,-1.));
#4948=DIRECTION('',(-0.62023549126826,-0.784415664919576,0.));
#4949=DIRECTION('',(0.,0.,-1.));
#4950=DIRECTION('center_axis',(0.784415664919576,0.62023549126826,0.));
#4951=DIRECTION('ref_axis',(0.62023549126826,-0.784415664919576,0.));
#4952=DIRECTION('',(0.62023549126826,-0.784415664919576,0.));
#4953=DIRECTION('',(0.62023549126826,-0.784415664919576,0.));
#4954=DIRECTION('center_axis',(0.,0.,1.));
#4955=DIRECTION('ref_axis',(-1.,0.,0.));
#4956=DIRECTION('center_axis',(0.,0.,-1.));
#4957=DIRECTION('ref_axis',(-1.,0.,0.));
#4958=DIRECTION('center_axis',(0.90630778703665,-0.422618261740698,0.));
#4959=DIRECTION('ref_axis',(-0.422618261740698,-0.90630778703665,0.));
#4960=DIRECTION('',(-0.422618261740698,-0.90630778703665,0.));
#4961=DIRECTION('',(0.,0.,-1.));
#4962=DIRECTION('',(-0.422618261740698,-0.90630778703665,0.));
#4963=DIRECTION('center_axis',(0.62023549126826,0.784415664919576,0.));
#4964=DIRECTION('ref_axis',(0.784415664919576,-0.62023549126826,0.));
#4965=DIRECTION('',(0.784415664919576,-0.62023549126826,0.));
#4966=DIRECTION('',(0.784415664919576,-0.62023549126826,0.));
#4967=DIRECTION('center_axis',(0.,0.,1.));
#4968=DIRECTION('ref_axis',(-1.,0.,0.));
#4969=DIRECTION('center_axis',(0.,0.,-1.));
#4970=DIRECTION('ref_axis',(-1.,0.,0.));
#4971=DIRECTION('center_axis',(0.,0.,1.));
#4972=DIRECTION('ref_axis',(-1.,0.,0.));
#4973=DIRECTION('',(0.,0.,-1.));
#4974=DIRECTION('center_axis',(0.,0.,-1.));
#4975=DIRECTION('ref_axis',(-1.,0.,0.));
#4976=DIRECTION('center_axis',(0.,0.,1.));
#4977=DIRECTION('ref_axis',(-1.,0.,0.));
#4978=DIRECTION('center_axis',(0.,-1.,0.));
#4979=DIRECTION('ref_axis',(-1.,0.,0.));
#4980=DIRECTION('',(1.,0.,0.));
#4981=DIRECTION('',(0.,0.,-1.));
#4982=DIRECTION('',(-1.,0.,0.));
#4983=DIRECTION('',(0.,0.,-1.));
#4984=DIRECTION('center_axis',(1.,0.,0.));
#4985=DIRECTION('ref_axis',(0.,-1.,0.));
#4986=DIRECTION('',(0.,1.,0.));
#4987=DIRECTION('',(0.,-1.,0.));
#4988=DIRECTION('',(0.,0.,-1.));
#4989=DIRECTION('center_axis',(-1.,0.,0.));
#4990=DIRECTION('ref_axis',(0.,1.,0.));
#4991=DIRECTION('',(0.,-1.,0.));
#4992=DIRECTION('',(0.,0.,-1.));
#4993=DIRECTION('',(0.,1.,0.));
#4994=DIRECTION('center_axis',(0.,0.,1.));
#4995=DIRECTION('ref_axis',(1.,0.,0.));
#4996=DIRECTION('center_axis',(0.,0.,-1.));
#4997=DIRECTION('ref_axis',(1.,0.,0.));
#4998=DIRECTION('center_axis',(0.,0.,-1.));
#4999=DIRECTION('ref_axis',(1.,0.,0.));
#5000=DIRECTION('center_axis',(0.,0.,-1.));
#5001=DIRECTION('ref_axis',(1.,0.,0.));
#5002=DIRECTION('',(0.,0.,1.));
#5003=DIRECTION('center_axis',(0.,0.,1.));
#5004=DIRECTION('ref_axis',(1.,0.,0.));
#5005=DIRECTION('center_axis',(0.,0.,1.));
#5006=DIRECTION('ref_axis',(1.,0.,0.));
#5007=DIRECTION('center_axis',(0.,0.,1.));
#5008=DIRECTION('ref_axis',(1.,0.,0.));
#5009=DIRECTION('axis',(0.,0.,1.));
#5010=DIRECTION('refdir',(1.,0.,0.));
#5011=DIRECTION('center_axis',(0.,0.,-1.));
#5012=DIRECTION('ref_axis',(-1.,0.,0.));
#5013=DIRECTION('center_axis',(0.,0.,-1.));
#5014=DIRECTION('ref_axis',(1.,0.,0.));
#5015=DIRECTION('center_axis',(0.,0.,1.));
#5016=DIRECTION('ref_axis',(1.,0.,0.));
#5017=DIRECTION('center_axis',(0.,0.,-1.));
#5018=DIRECTION('ref_axis',(1.,0.,0.));
#5019=DIRECTION('center_axis',(0.,0.,1.));
#5020=DIRECTION('ref_axis',(1.,0.,0.));
#5021=DIRECTION('center_axis',(1.50517457429959E-16,-1.,0.));
#5022=DIRECTION('ref_axis',(-1.,-1.50517457429959E-16,0.));
#5023=DIRECTION('center_axis',(0.,0.,-1.));
#5024=DIRECTION('ref_axis',(1.,0.,0.));
#5025=DIRECTION('center_axis',(0.,0.,1.));
#5026=DIRECTION('ref_axis',(1.,0.,0.));
#5027=DIRECTION('center_axis',(0.,0.,1.));
#5028=DIRECTION('ref_axis',(-1.,-7.86491508709775E-16,0.));
#5029=DIRECTION('center_axis',(0.,0.,1.));
#5030=DIRECTION('ref_axis',(1.,0.,0.));
#5031=DIRECTION('',(0.,0.,-1.));
#5032=DIRECTION('center_axis',(0.,0.,-1.));
#5033=DIRECTION('ref_axis',(-1.,0.,0.));
#5034=DIRECTION('center_axis',(0.,0.,1.));
#5035=DIRECTION('ref_axis',(1.,0.,0.));
#5036=DIRECTION('center_axis',(0.,0.,1.));
#5037=DIRECTION('ref_axis',(-1.,-7.86491508709776E-16,0.));
#5038=DIRECTION('center_axis',(0.,0.,1.));
#5039=DIRECTION('ref_axis',(1.,0.,0.));
#5040=DIRECTION('',(0.,0.,-1.));
#5041=DIRECTION('center_axis',(0.,0.,1.));
#5042=DIRECTION('ref_axis',(1.,0.,0.));
#5043=DIRECTION('center_axis',(0.,0.,1.));
#5044=DIRECTION('ref_axis',(1.,0.,0.));
#5045=DIRECTION('center_axis',(0.,0.,1.));
#5046=DIRECTION('ref_axis',(1.,0.,0.));
#5047=DIRECTION('',(0.,0.,-1.));
#5048=DIRECTION('',(0.,0.,-1.));
#5049=DIRECTION('center_axis',(0.,0.,-1.));
#5050=DIRECTION('ref_axis',(1.,0.,0.));
#5051=DIRECTION('center_axis',(0.,0.,1.));
#5052=DIRECTION('ref_axis',(1.,0.,0.));
#5053=DIRECTION('center_axis',(0.,0.,-1.));
#5054=DIRECTION('ref_axis',(1.,0.,0.));
#5055=DIRECTION('center_axis',(0.,0.,1.));
#5056=DIRECTION('ref_axis',(1.,0.,0.));
#5057=DIRECTION('',(0.,0.,1.));
#5058=DIRECTION('center_axis',(0.,0.,-1.));
#5059=DIRECTION('ref_axis',(1.,0.,0.));
#5060=DIRECTION('center_axis',(0.,0.,-1.));
#5061=DIRECTION('ref_axis',(1.,0.,0.));
#5062=DIRECTION('center_axis',(0.,0.,1.));
#5063=DIRECTION('ref_axis',(1.,0.,0.));
#5064=DIRECTION('',(0.,0.,1.));
#5065=DIRECTION('center_axis',(0.,0.,-1.));
#5066=DIRECTION('ref_axis',(1.,0.,0.));
#5067=DIRECTION('center_axis',(0.,0.,-1.));
#5068=DIRECTION('ref_axis',(1.,0.,0.));
#5069=DIRECTION('center_axis',(0.,0.,1.));
#5070=DIRECTION('ref_axis',(1.,0.,0.));
#5071=DIRECTION('',(0.,0.,1.));
#5072=DIRECTION('center_axis',(0.,0.,-1.));
#5073=DIRECTION('ref_axis',(1.,0.,0.));
#5074=DIRECTION('center_axis',(0.,0.,-1.));
#5075=DIRECTION('ref_axis',(1.,0.,0.));
#5076=DIRECTION('center_axis',(0.,0.,1.));
#5077=DIRECTION('ref_axis',(1.,0.,0.));
#5078=DIRECTION('',(0.,0.,1.));
#5079=DIRECTION('center_axis',(0.,0.,-1.));
#5080=DIRECTION('ref_axis',(1.,0.,0.));
#5081=DIRECTION('center_axis',(1.,0.,0.));
#5082=DIRECTION('ref_axis',(0.,-1.,0.));
#5083=DIRECTION('',(0.,1.,0.));
#5084=DIRECTION('',(0.,0.,-1.));
#5085=DIRECTION('',(0.,-1.,0.));
#5086=DIRECTION('',(0.,0.,-1.));
#5087=DIRECTION('center_axis',(0.,1.,0.));
#5088=DIRECTION('ref_axis',(1.,0.,0.));
#5089=DIRECTION('',(-1.,0.,0.));
#5090=DIRECTION('',(1.,0.,0.));
#5091=DIRECTION('',(0.,0.,-1.));
#5092=DIRECTION('center_axis',(-1.,2.88369616785755E-17,0.));
#5093=DIRECTION('ref_axis',(2.88369616785755E-17,1.,0.));
#5094=DIRECTION('',(-2.88369616785755E-17,-1.,0.));
#5095=DIRECTION('',(2.88369616785755E-17,1.,0.));
#5096=DIRECTION('',(0.,0.,-1.));
#5097=DIRECTION('center_axis',(-2.88369616785755E-17,-1.,0.));
#5098=DIRECTION('ref_axis',(-1.,2.88369616785755E-17,0.));
#5099=DIRECTION('',(1.,-2.88369616785755E-17,0.));
#5100=DIRECTION('',(-1.,2.88369616785755E-17,0.));
#5101=DIRECTION('center_axis',(0.,0.,1.));
#5102=DIRECTION('ref_axis',(1.,0.,0.));
#5103=DIRECTION('center_axis',(0.,0.,1.));
#5104=DIRECTION('ref_axis',(1.,0.,0.));
#5105=DIRECTION('axis',(0.,0.,1.));
#5106=DIRECTION('refdir',(1.,0.,0.));
#5107=DIRECTION('center_axis',(1.,0.,0.));
#5108=DIRECTION('ref_axis',(0.,0.,-1.));
#5109=DIRECTION('',(0.,1.,0.));
#5110=DIRECTION('',(0.,0.,1.));
#5111=DIRECTION('',(0.,-1.,0.));
#5112=DIRECTION('',(0.,0.,-1.));
#5113=DIRECTION('center_axis',(1.,0.,0.));
#5114=DIRECTION('ref_axis',(0.,-1.,0.));
#5115=DIRECTION('',(0.,-1.,0.));
#5116=DIRECTION('',(0.,0.,-1.));
#5117=DIRECTION('',(0.,-1.,0.));
#5118=DIRECTION('',(0.,0.,-1.));
#5119=DIRECTION('center_axis',(-1.,0.,0.));
#5120=DIRECTION('ref_axis',(0.,0.,1.));
#5121=DIRECTION('',(0.,-1.,0.));
#5122=DIRECTION('',(0.,1.12370751480279E-16,1.));
#5123=DIRECTION('',(0.,1.,0.));
#5124=DIRECTION('',(0.,0.,-1.));
#5125=DIRECTION('center_axis',(-1.,-1.03244546617343E-16,0.));
#5126=DIRECTION('ref_axis',(-1.03244546617343E-16,1.,0.));
#5127=DIRECTION('',(-1.03244546617343E-16,1.,0.));
#5128=DIRECTION('',(0.,0.,-1.));
#5129=DIRECTION('',(0.,1.,0.));
#5130=DIRECTION('',(0.,0.,-1.));
#5131=DIRECTION('center_axis',(0.,1.,0.));
#5132=DIRECTION('ref_axis',(1.,0.,0.));
#5133=DIRECTION('center_axis',(0.,-1.,0.));
#5134=DIRECTION('ref_axis',(1.,0.,0.));
#5135=DIRECTION('',(0.,1.,0.));
#5136=DIRECTION('center_axis',(0.,1.,0.));
#5137=DIRECTION('ref_axis',(1.,0.,0.));
#5138=DIRECTION('',(0.,-1.,0.));
#5139=DIRECTION('center_axis',(0.,1.,0.));
#5140=DIRECTION('ref_axis',(1.,0.,0.));
#5141=DIRECTION('center_axis',(0.,1.,0.));
#5142=DIRECTION('ref_axis',(1.,0.,0.));
#5143=DIRECTION('center_axis',(0.,-1.,0.));
#5144=DIRECTION('ref_axis',(1.,0.,0.));
#5145=DIRECTION('',(0.,-1.,0.));
#5146=DIRECTION('center_axis',(1.,0.,0.));
#5147=DIRECTION('ref_axis',(0.,1.,0.));
#5148=DIRECTION('',(0.,0.,1.));
#5149=DIRECTION('',(0.,-1.,0.));
#5150=DIRECTION('',(0.,0.,1.));
#5151=DIRECTION('center_axis',(0.,-1.,0.));
#5152=DIRECTION('ref_axis',(1.,0.,0.));
#5153=DIRECTION('',(0.,0.,1.));
#5154=DIRECTION('',(-1.,0.,0.));
#5155=DIRECTION('center_axis',(0.,1.,0.));
#5156=DIRECTION('ref_axis',(-1.,0.,0.));
#5157=DIRECTION('',(1.,0.,0.));
#5158=DIRECTION('',(0.,0.,1.));
#5159=DIRECTION('center_axis',(-1.,0.,0.));
#5160=DIRECTION('ref_axis',(0.,-1.,0.));
#5161=DIRECTION('',(0.,1.,0.));
#5162=DIRECTION('center_axis',(-1.,0.,0.));
#5163=DIRECTION('ref_axis',(0.,1.,0.));
#5164=DIRECTION('',(0.,-1.,0.));
#5165=DIRECTION('',(0.,0.,-1.));
#5166=DIRECTION('',(0.,1.,0.));
#5167=DIRECTION('',(0.,0.,-1.));
#5168=DIRECTION('center_axis',(1.,0.,0.));
#5169=DIRECTION('ref_axis',(0.,-1.,0.));
#5170=DIRECTION('',(0.,1.,0.));
#5171=DIRECTION('',(0.,0.,-1.));
#5172=DIRECTION('',(0.,-1.,0.));
#5173=DIRECTION('',(0.,0.,-1.));
#5174=DIRECTION('center_axis',(0.,0.,-1.));
#5175=DIRECTION('ref_axis',(-1.,0.,0.));
#5176=DIRECTION('',(-1.,0.,0.));
#5177=DIRECTION('',(1.,0.,0.));
#5178=DIRECTION('center_axis',(0.,0.,1.));
#5179=DIRECTION('ref_axis',(1.,0.,0.));
#5180=DIRECTION('',(-1.,0.,0.));
#5181=DIRECTION('',(0.,1.,0.));
#5182=DIRECTION('',(1.,0.,0.));
#5183=DIRECTION('center_axis',(-1.,0.,0.));
#5184=DIRECTION('ref_axis',(0.,1.,0.));
#5185=DIRECTION('',(0.,-1.,0.));
#5186=DIRECTION('',(0.,0.,-1.));
#5187=DIRECTION('',(0.,1.,0.));
#5188=DIRECTION('',(0.,0.,-1.));
#5189=DIRECTION('center_axis',(1.,0.,0.));
#5190=DIRECTION('ref_axis',(0.,-1.,0.));
#5191=DIRECTION('',(0.,1.,0.));
#5192=DIRECTION('',(0.,0.,-1.));
#5193=DIRECTION('',(0.,-1.,0.));
#5194=DIRECTION('',(0.,0.,-1.));
#5195=DIRECTION('center_axis',(0.,0.,-1.));
#5196=DIRECTION('ref_axis',(-1.,0.,0.));
#5197=DIRECTION('',(1.,0.,0.));
#5198=DIRECTION('',(-1.,0.,0.));
#5199=DIRECTION('center_axis',(0.,0.,1.));
#5200=DIRECTION('ref_axis',(1.,0.,0.));
#5201=DIRECTION('',(1.,0.,0.));
#5202=DIRECTION('',(0.,-1.,0.));
#5203=DIRECTION('',(-1.,0.,0.));
#5204=DIRECTION('center_axis',(0.,0.,1.));
#5205=DIRECTION('ref_axis',(1.,0.,0.));
#5206=DIRECTION('',(1.,0.,0.));
#5207=DIRECTION('',(-1.,0.,0.));
#5208=DIRECTION('center_axis',(0.,1.,0.));
#5209=DIRECTION('ref_axis',(1.,0.,0.));
#5210=DIRECTION('',(-1.,0.,0.));
#5211=DIRECTION('',(0.,0.,1.));
#5212=DIRECTION('',(1.,0.,0.));
#5213=DIRECTION('center_axis',(0.,-1.,0.));
#5214=DIRECTION('ref_axis',(-1.,0.,0.));
#5215=DIRECTION('',(1.,0.,0.));
#5216=DIRECTION('',(-1.,0.,0.));
#5217=DIRECTION('',(0.,0.,-1.));
#5218=DIRECTION('center_axis',(0.,0.,-1.));
#5219=DIRECTION('ref_axis',(-1.,0.,0.));
#5220=DIRECTION('',(0.,1.,0.));
#5221=DIRECTION('center_axis',(-1.,0.,0.));
#5222=DIRECTION('ref_axis',(0.,-1.,0.));
#5223=DIRECTION('',(0.,1.,0.));
#5224=DIRECTION('',(0.,0.,1.));
#5225=DIRECTION('',(0.,0.,1.));
#5226=DIRECTION('',(0.,1.,0.));
#5227=DIRECTION('center_axis',(0.,-1.,0.));
#5228=DIRECTION('ref_axis',(-1.,0.,0.));
#5229=DIRECTION('',(1.,0.,0.));
#5230=DIRECTION('',(0.,0.,1.));
#5231=DIRECTION('',(-1.,0.,0.));
#5232=DIRECTION('center_axis',(0.,1.,0.));
#5233=DIRECTION('ref_axis',(1.,0.,0.));
#5234=DIRECTION('',(-1.,0.,0.));
#5235=DIRECTION('',(1.,0.,0.));
#5236=DIRECTION('',(0.,0.,-1.));
#5237=DIRECTION('center_axis',(0.,0.,-1.));
#5238=DIRECTION('ref_axis',(-1.,0.,0.));
#5239=DIRECTION('',(0.,-1.,0.));
#5240=DIRECTION('center_axis',(1.,0.,0.));
#5241=DIRECTION('ref_axis',(0.,1.,0.));
#5242=DIRECTION('',(0.,-1.,0.));
#5243=DIRECTION('',(0.,0.,1.));
#5244=DIRECTION('',(0.,0.,1.));
#5245=DIRECTION('',(0.,-1.,0.));
#5246=DIRECTION('center_axis',(0.,-1.,0.));
#5247=DIRECTION('ref_axis',(-1.,0.,0.));
#5248=DIRECTION('',(1.,0.,0.));
#5249=DIRECTION('',(1.,0.,0.));
#5250=DIRECTION('center_axis',(0.,1.,0.));
#5251=DIRECTION('ref_axis',(1.,0.,0.));
#5252=DIRECTION('',(-1.,0.,0.));
#5253=DIRECTION('',(-1.,0.,0.));
#5254=DIRECTION('center_axis',(0.,0.,-1.));
#5255=DIRECTION('ref_axis',(-1.,0.,0.));
#5256=DIRECTION('',(1.,0.,0.));
#5257=DIRECTION('',(-1.,0.,0.));
#5258=DIRECTION('center_axis',(0.,-1.,0.));
#5259=DIRECTION('ref_axis',(1.,0.,0.));
#5260=DIRECTION('center_axis',(0.,1.,0.));
#5261=DIRECTION('ref_axis',(-1.,0.,0.));
#5262=DIRECTION('center_axis',(0.,0.,1.));
#5263=DIRECTION('ref_axis',(1.,0.,0.));
#5264=DIRECTION('axis',(0.,0.,1.));
#5265=DIRECTION('refdir',(1.,0.,0.));
#5266=DIRECTION('center_axis',(0.,1.,0.));
#5267=DIRECTION('ref_axis',(-1.,0.,0.));
#5268=DIRECTION('',(0.,1.,0.));
#5269=DIRECTION('center_axis',(0.,1.,0.));
#5270=DIRECTION('ref_axis',(-1.,0.,0.));
#5271=DIRECTION('',(0.,1.,0.));
#5272=DIRECTION('center_axis',(0.,1.,0.));
#5273=DIRECTION('ref_axis',(-1.,0.,0.));
#5274=DIRECTION('center_axis',(0.,0.,1.));
#5275=DIRECTION('ref_axis',(1.,0.,0.));
#5276=DIRECTION('center_axis',(0.,0.,1.));
#5277=DIRECTION('ref_axis',(1.,0.,0.));
#5278=DIRECTION('center_axis',(0.,0.,-1.));
#5279=DIRECTION('ref_axis',(1.,0.,0.));
#5280=DIRECTION('center_axis',(0.,0.,-1.));
#5281=DIRECTION('ref_axis',(1.,0.,0.));
#5282=DIRECTION('center_axis',(0.,0.,1.));
#5283=DIRECTION('ref_axis',(1.,0.,0.));
#5284=DIRECTION('center_axis',(1.,0.,0.));
#5285=DIRECTION('ref_axis',(0.,-1.,0.));
#5286=DIRECTION('',(0.,1.,0.));
#5287=DIRECTION('',(0.,0.,-1.));
#5288=DIRECTION('',(0.,-1.,0.));
#5289=DIRECTION('',(0.,0.,-1.));
#5290=DIRECTION('center_axis',(-1.,0.,0.));
#5291=DIRECTION('ref_axis',(0.,1.,0.));
#5292=DIRECTION('',(0.,-1.,0.));
#5293=DIRECTION('',(0.,0.,1.));
#5294=DIRECTION('',(0.,1.,0.));
#5295=DIRECTION('',(0.,0.,-1.));
#5296=DIRECTION('center_axis',(0.,-1.,0.));
#5297=DIRECTION('ref_axis',(-1.,0.,0.));
#5298=DIRECTION('',(1.,0.,0.));
#5299=DIRECTION('',(-1.,0.,0.));
#5300=DIRECTION('center_axis',(0.,0.,-1.));
#5301=DIRECTION('ref_axis',(1.,0.,0.));
#5302=DIRECTION('center_axis',(0.,0.,-1.));
#5303=DIRECTION('ref_axis',(1.,0.,0.));
#5304=DIRECTION('center_axis',(0.,0.,1.));
#5305=DIRECTION('ref_axis',(1.,0.,0.));
#5306=DIRECTION('center_axis',(0.,0.,1.));
#5307=DIRECTION('ref_axis',(1.,0.,0.));
#5308=DIRECTION('center_axis',(0.,0.,1.));
#5309=DIRECTION('ref_axis',(1.,0.,0.));
#5310=DIRECTION('center_axis',(0.,0.,1.));
#5311=DIRECTION('ref_axis',(1.,0.,0.));
#5312=DIRECTION('center_axis',(0.,1.,0.));
#5313=DIRECTION('ref_axis',(1.,0.,0.));
#5314=DIRECTION('',(-1.,0.,0.));
#5315=DIRECTION('',(0.,0.,-1.));
#5316=DIRECTION('',(1.,0.,0.));
#5317=DIRECTION('',(0.,0.,-1.));
#5318=DIRECTION('center_axis',(-1.,0.,0.));
#5319=DIRECTION('ref_axis',(0.,1.,0.));
#5320=DIRECTION('',(0.,-1.,0.));
#5321=DIRECTION('',(0.,1.,0.));
#5322=DIRECTION('',(0.,0.,-1.));
#5323=DIRECTION('center_axis',(0.,-1.,0.));
#5324=DIRECTION('ref_axis',(-1.,0.,0.));
#5325=DIRECTION('',(1.,0.,0.));
#5326=DIRECTION('',(-1.,0.,0.));
#5327=DIRECTION('',(0.,0.,-1.));
#5328=DIRECTION('center_axis',(1.,0.,0.));
#5329=DIRECTION('ref_axis',(0.,-1.,0.));
#5330=DIRECTION('',(0.,1.,0.));
#5331=DIRECTION('',(0.,-1.,0.));
#5332=DIRECTION('center_axis',(0.,0.,-1.));
#5333=DIRECTION('ref_axis',(-1.,0.,0.));
#5334=DIRECTION('center_axis',(0.,1.,0.));
#5335=DIRECTION('ref_axis',(1.,0.,0.));
#5336=DIRECTION('',(-1.,0.,0.));
#5337=DIRECTION('',(0.,0.,-1.));
#5338=DIRECTION('',(1.,0.,0.));
#5339=DIRECTION('',(0.,0.,-1.));
#5340=DIRECTION('center_axis',(-1.,0.,0.));
#5341=DIRECTION('ref_axis',(0.,1.,0.));
#5342=DIRECTION('',(0.,-1.,0.));
#5343=DIRECTION('',(0.,1.,0.));
#5344=DIRECTION('',(0.,0.,-1.));
#5345=DIRECTION('center_axis',(0.,-1.,0.));
#5346=DIRECTION('ref_axis',(-1.,0.,0.));
#5347=DIRECTION('',(1.,0.,0.));
#5348=DIRECTION('',(-1.,0.,0.));
#5349=DIRECTION('',(0.,0.,-1.));
#5350=DIRECTION('center_axis',(1.,0.,0.));
#5351=DIRECTION('ref_axis',(0.,-1.,0.));
#5352=DIRECTION('',(0.,1.,0.));
#5353=DIRECTION('',(0.,-1.,0.));
#5354=DIRECTION('center_axis',(0.,0.,-1.));
#5355=DIRECTION('ref_axis',(-1.,0.,0.));
#5356=DIRECTION('center_axis',(0.,1.,0.));
#5357=DIRECTION('ref_axis',(1.,0.,0.));
#5358=DIRECTION('',(-1.,0.,0.));
#5359=DIRECTION('',(0.,0.,-1.));
#5360=DIRECTION('',(1.,0.,0.));
#5361=DIRECTION('',(0.,0.,-1.));
#5362=DIRECTION('center_axis',(-1.,0.,0.));
#5363=DIRECTION('ref_axis',(0.,1.,0.));
#5364=DIRECTION('',(0.,-1.,0.));
#5365=DIRECTION('',(0.,1.,0.));
#5366=DIRECTION('',(0.,0.,-1.));
#5367=DIRECTION('center_axis',(0.,-1.,0.));
#5368=DIRECTION('ref_axis',(-1.,0.,0.));
#5369=DIRECTION('',(1.,0.,0.));
#5370=DIRECTION('',(-1.,0.,0.));
#5371=DIRECTION('',(0.,0.,-1.));
#5372=DIRECTION('center_axis',(1.,0.,0.));
#5373=DIRECTION('ref_axis',(0.,-1.,0.));
#5374=DIRECTION('',(0.,1.,0.));
#5375=DIRECTION('',(0.,-1.,0.));
#5376=DIRECTION('center_axis',(0.,0.,-1.));
#5377=DIRECTION('ref_axis',(-1.,0.,0.));
#5378=DIRECTION('center_axis',(0.,0.,1.));
#5379=DIRECTION('ref_axis',(1.,0.,0.));
#5380=DIRECTION('center_axis',(0.,0.,1.));
#5381=DIRECTION('ref_axis',(1.,0.,0.));
#5382=DIRECTION('',(0.,0.,-1.));
#5383=DIRECTION('center_axis',(0.,0.,-1.));
#5384=DIRECTION('ref_axis',(1.,0.,0.));
#5385=DIRECTION('center_axis',(0.,0.,-1.));
#5386=DIRECTION('ref_axis',(1.,0.,0.));
#5387=DIRECTION('',(0.,0.,1.));
#5388=DIRECTION('center_axis',(0.,0.,1.));
#5389=DIRECTION('ref_axis',(1.,0.,0.));
#5390=DIRECTION('axis',(0.,0.,1.));
#5391=DIRECTION('refdir',(1.,0.,0.));
#5392=DIRECTION('center_axis',(-1.,0.,0.));
#5393=DIRECTION('ref_axis',(0.,-1.,0.));
#5394=DIRECTION('center_axis',(1.,0.,0.));
#5395=DIRECTION('ref_axis',(0.,1.,0.));
#5396=DIRECTION('center_axis',(-1.,0.,0.));
#5397=DIRECTION('ref_axis',(0.,-1.,0.));
#5398=DIRECTION('center_axis',(-1.,0.,0.));
#5399=DIRECTION('ref_axis',(0.,-1.,0.));
#5400=DIRECTION('',(1.,0.,0.));
#5401=DIRECTION('center_axis',(1.,0.,0.));
#5402=DIRECTION('ref_axis',(0.,-1.,0.));
#5403=DIRECTION('center_axis',(-1.,0.,0.));
#5404=DIRECTION('ref_axis',(0.,-1.,0.));
#5405=DIRECTION('center_axis',(1.,0.,0.));
#5406=DIRECTION('ref_axis',(0.,1.,0.));
#5407=DIRECTION('center_axis',(1.,0.,0.));
#5408=DIRECTION('ref_axis',(0.,1.,0.));
#5409=DIRECTION('',(-1.,0.,0.));
#5410=DIRECTION('center_axis',(-1.,0.,0.));
#5411=DIRECTION('ref_axis',(0.,1.,0.));
#5412=DIRECTION('center_axis',(1.,0.,0.));
#5413=DIRECTION('ref_axis',(0.,1.,0.));
#5414=DIRECTION('center_axis',(-1.,0.,0.));
#5415=DIRECTION('ref_axis',(0.,1.,0.));
#5416=DIRECTION('center_axis',(-1.,0.,0.));
#5417=DIRECTION('ref_axis',(0.,1.,0.));
#5418=DIRECTION('',(1.,0.,0.));
#5419=DIRECTION('center_axis',(0.,0.,1.));
#5420=DIRECTION('ref_axis',(0.,1.,0.));
#5421=DIRECTION('',(0.,-1.,0.));
#5422=DIRECTION('',(-1.,0.,0.));
#5423=DIRECTION('',(0.,1.,0.));
#5424=DIRECTION('',(-1.,0.,0.));
#5425=DIRECTION('center_axis',(0.,-1.,0.));
#5426=DIRECTION('ref_axis',(0.,0.,1.));
#5427=DIRECTION('',(0.,0.,-1.));
#5428=DIRECTION('',(0.,0.,1.));
#5429=DIRECTION('',(-1.,0.,0.));
#5430=DIRECTION('center_axis',(0.,0.,-1.));
#5431=DIRECTION('ref_axis',(0.,-1.,0.));
#5432=DIRECTION('',(0.,1.,0.));
#5433=DIRECTION('',(0.,-1.,0.));
#5434=DIRECTION('',(-1.,0.,0.));
#5435=DIRECTION('center_axis',(0.,1.,0.));
#5436=DIRECTION('ref_axis',(0.,0.,-1.));
#5437=DIRECTION('',(0.,0.,1.));
#5438=DIRECTION('',(0.,0.,-1.));
#5439=DIRECTION('',(-1.,0.,0.));
#5440=DIRECTION('center_axis',(0.,0.,1.));
#5441=DIRECTION('ref_axis',(0.,1.,0.));
#5442=DIRECTION('',(0.,-1.,0.));
#5443=DIRECTION('',(0.,1.,0.));
#5444=DIRECTION('',(-1.,0.,0.));
#5445=DIRECTION('center_axis',(-1.,0.,0.));
#5446=DIRECTION('ref_axis',(0.,1.,0.));
#5447=DIRECTION('center_axis',(1.,0.,0.));
#5448=DIRECTION('ref_axis',(0.,1.,0.));
#5449=DIRECTION('center_axis',(-1.,0.,0.));
#5450=DIRECTION('ref_axis',(0.,1.,0.));
#5451=DIRECTION('center_axis',(1.,0.,0.));
#5452=DIRECTION('ref_axis',(0.,1.,0.));
#5453=DIRECTION('center_axis',(1.,0.,0.));
#5454=DIRECTION('ref_axis',(0.,1.,0.));
#5455=DIRECTION('axis',(0.,0.,1.));
#5456=DIRECTION('refdir',(1.,0.,0.));
#5457=DIRECTION('center_axis',(1.,0.,0.));
#5458=DIRECTION('ref_axis',(0.,-1.,0.));
#5459=DIRECTION('',(0.,1.,0.));
#5460=DIRECTION('',(0.,0.,-1.));
#5461=DIRECTION('',(0.,-1.,0.));
#5462=DIRECTION('',(0.,0.,-1.));
#5463=DIRECTION('center_axis',(0.,0.,-1.));
#5464=DIRECTION('ref_axis',(-1.,-1.22464679914735E-16,0.));
#5465=DIRECTION('center_axis',(0.,0.,-1.));
#5466=DIRECTION('ref_axis',(1.,0.,0.));
#5467=DIRECTION('center_axis',(0.,0.,1.));
#5468=DIRECTION('ref_axis',(1.,0.,0.));
#5469=DIRECTION('',(0.,0.,-1.));
#5470=DIRECTION('center_axis',(1.,0.,0.));
#5471=DIRECTION('ref_axis',(0.,-1.,0.));
#5472=DIRECTION('',(0.,1.,0.));
#5473=DIRECTION('',(0.,-1.,0.));
#5474=DIRECTION('',(0.,0.,-1.));
#5475=DIRECTION('center_axis',(-1.,0.,0.));
#5476=DIRECTION('ref_axis',(0.,1.,0.));
#5477=DIRECTION('',(0.,-1.,0.));
#5478=DIRECTION('',(0.,0.,-1.));
#5479=DIRECTION('',(0.,1.,0.));
#5480=DIRECTION('',(0.,0.,-1.));
#5481=DIRECTION('center_axis',(0.,0.,-1.));
#5482=DIRECTION('ref_axis',(1.,0.,0.));
#5483=DIRECTION('center_axis',(0.,0.,-1.));
#5484=DIRECTION('ref_axis',(1.,0.,0.));
#5485=DIRECTION('center_axis',(0.,0.,1.));
#5486=DIRECTION('ref_axis',(1.,0.,0.));
#5487=DIRECTION('',(0.,0.,-1.));
#5488=DIRECTION('center_axis',(-1.,0.,0.));
#5489=DIRECTION('ref_axis',(0.,1.,0.));
#5490=DIRECTION('',(0.,-1.,0.));
#5491=DIRECTION('',(0.,1.,0.));
#5492=DIRECTION('',(0.,0.,-1.));
#5493=DIRECTION('center_axis',(0.,0.,1.));
#5494=DIRECTION('ref_axis',(1.,0.,0.));
#5495=DIRECTION('center_axis',(0.,0.,-1.));
#5496=DIRECTION('ref_axis',(7.7715611723761E-16,1.,0.));
#5497=DIRECTION('',(1.,0.,0.));
#5498=DIRECTION('center_axis',(0.,0.,-1.));
#5499=DIRECTION('ref_axis',(1.,1.77635683940025E-15,0.));
#5500=DIRECTION('center_axis',(0.,0.,-1.));
#5501=DIRECTION('ref_axis',(-8.88178419700126E-16,-1.,0.));
#5502=DIRECTION('',(-1.,0.,0.));
#5503=DIRECTION('center_axis',(0.,0.,-1.));
#5504=DIRECTION('ref_axis',(-1.,1.11022302462516E-15,0.));
#5505=DIRECTION('center_axis',(0.,0.,1.));
#5506=DIRECTION('ref_axis',(1.,0.,0.));
#5507=DIRECTION('center_axis',(0.,0.,1.));
#5508=DIRECTION('ref_axis',(7.7715611723761E-16,1.,0.));
#5509=DIRECTION('center_axis',(0.,0.,1.));
#5510=DIRECTION('ref_axis',(-1.,1.11022302462516E-15,0.));
#5511=DIRECTION('',(0.847498637222016,-0.530797569612772,0.));
#5512=DIRECTION('center_axis',(0.,0.,1.));
#5513=DIRECTION('ref_axis',(1.,0.,0.));
#5514=DIRECTION('',(0.847498637222016,0.530797569612772,0.));
#5515=DIRECTION('center_axis',(0.,0.,-1.));
#5516=DIRECTION('ref_axis',(1.,0.,0.));
#5517=DIRECTION('center_axis',(0.,0.,1.));
#5518=DIRECTION('ref_axis',(1.,0.,0.));
#5519=DIRECTION('center_axis',(0.,0.,-1.));
#5520=DIRECTION('ref_axis',(1.,0.,0.));
#5521=DIRECTION('',(0.,0.,-1.));
#5522=DIRECTION('center_axis',(0.,0.,-1.));
#5523=DIRECTION('ref_axis',(1.,0.,0.));
#5524=DIRECTION('center_axis',(0.,0.,1.));
#5525=DIRECTION('ref_axis',(1.,0.,0.));
#5526=DIRECTION('center_axis',(0.,0.,-1.));
#5527=DIRECTION('ref_axis',(1.,0.,0.));
#5528=DIRECTION('',(0.,0.,-1.));
#5529=DIRECTION('center_axis',(0.,0.,1.));
#5530=DIRECTION('ref_axis',(-1.,-7.6571373978539E-16,0.));
#5531=DIRECTION('',(0.,0.,1.));
#5532=DIRECTION('center_axis',(0.,0.,1.));
#5533=DIRECTION('ref_axis',(1.,0.,0.));
#5534=DIRECTION('',(0.,0.,1.));
#5535=DIRECTION('center_axis',(-0.530797569612772,0.847498637222016,0.));
#5536=DIRECTION('ref_axis',(-0.847498637222016,-0.530797569612772,0.));
#5537=DIRECTION('',(-0.847498637222016,-0.530797569612772,0.));
#5538=DIRECTION('',(0.,0.,1.));
#5539=DIRECTION('center_axis',(0.,0.,1.));
#5540=DIRECTION('ref_axis',(7.7715611723761E-16,1.,0.));
#5541=DIRECTION('center_axis',(0.,0.,1.));
#5542=DIRECTION('ref_axis',(7.7715611723761E-16,1.,0.));
#5543=DIRECTION('',(0.,0.,1.));
#5544=DIRECTION('center_axis',(0.,1.,0.));
#5545=DIRECTION('ref_axis',(-1.,0.,0.));
#5546=DIRECTION('',(-1.,0.,0.));
#5547=DIRECTION('',(0.,0.,1.));
#5548=DIRECTION('center_axis',(0.,0.,1.));
#5549=DIRECTION('ref_axis',(1.,1.77635683940025E-15,0.));
#5550=DIRECTION('center_axis',(0.,0.,1.));
#5551=DIRECTION('ref_axis',(1.,1.77635683940025E-15,0.));
#5552=DIRECTION('',(0.,0.,1.));
#5553=DIRECTION('center_axis',(0.,0.,1.));
#5554=DIRECTION('ref_axis',(1.,1.77635683940025E-15,0.));
#5555=DIRECTION('center_axis',(0.540141004762058,0.841574533226045,0.));
#5556=DIRECTION('ref_axis',(-0.841574533226045,0.540141004762058,0.));
#5557=DIRECTION('',(-0.841574533226045,0.540141004762058,0.));
#5558=DIRECTION('',(-0.841574533226045,0.540141004762058,0.));
#5559=DIRECTION('',(0.,0.,1.));
#5560=DIRECTION('center_axis',(0.,0.,1.));
#5561=DIRECTION('ref_axis',(1.,0.,0.));
#5562=DIRECTION('center_axis',(0.,0.,1.));
#5563=DIRECTION('ref_axis',(1.,0.,0.));
#5564=DIRECTION('center_axis',(0.,0.,1.));
#5565=DIRECTION('ref_axis',(1.,0.,0.));
#5566=DIRECTION('',(0.,0.,1.));
#5567=DIRECTION('center_axis',(0.530797569612772,-0.847498637222016,0.));
#5568=DIRECTION('ref_axis',(0.847498637222016,0.530797569612772,0.));
#5569=DIRECTION('',(-0.847498637222016,-0.530797569612772,0.));
#5570=DIRECTION('',(0.847498637222016,0.530797569612772,0.));
#5571=DIRECTION('',(0.,0.,1.));
#5572=DIRECTION('center_axis',(0.,0.,1.));
#5573=DIRECTION('ref_axis',(-8.88178419700126E-16,-1.,0.));
#5574=DIRECTION('center_axis',(0.,0.,1.));
#5575=DIRECTION('ref_axis',(-8.88178419700126E-16,-1.,0.));
#5576=DIRECTION('',(0.,0.,1.));
#5577=DIRECTION('center_axis',(0.,0.,1.));
#5578=DIRECTION('ref_axis',(-8.88178419700126E-16,-1.,0.));
#5579=DIRECTION('center_axis',(0.,-1.,0.));
#5580=DIRECTION('ref_axis',(1.,0.,0.));
#5581=DIRECTION('',(1.,0.,0.));
#5582=DIRECTION('',(0.,0.,1.));
#5583=DIRECTION('center_axis',(0.,0.,1.));
#5584=DIRECTION('ref_axis',(-1.,1.11022302462516E-15,0.));
#5585=DIRECTION('center_axis',(0.,0.,1.));
#5586=DIRECTION('ref_axis',(-1.,1.11022302462516E-15,0.));
#5587=DIRECTION('',(0.,0.,1.));
#5588=DIRECTION('center_axis',(-0.530797569612772,-0.847498637222016,0.));
#5589=DIRECTION('ref_axis',(0.847498637222016,-0.530797569612772,0.));
#5590=DIRECTION('',(0.847498637222016,-0.530797569612772,0.));
#5591=DIRECTION('center_axis',(0.,0.,1.));
#5592=DIRECTION('ref_axis',(1.,0.,0.));
#5593=DIRECTION('center_axis',(0.,0.,1.));
#5594=DIRECTION('ref_axis',(1.,0.,0.));
#5595=DIRECTION('axis',(0.,0.,1.));
#5596=DIRECTION('refdir',(1.,0.,0.));
#5597=DIRECTION('center_axis',(0.,0.,1.));
#5598=DIRECTION('ref_axis',(1.,0.,0.));
#5599=DIRECTION('center_axis',(0.,0.,1.));
#5600=DIRECTION('ref_axis',(1.,0.,0.));
#5601=DIRECTION('',(0.,0.,1.));
#5602=DIRECTION('center_axis',(0.,0.,-1.));
#5603=DIRECTION('ref_axis',(1.,0.,0.));
#5604=DIRECTION('center_axis',(0.,0.,1.));
#5605=DIRECTION('ref_axis',(1.,0.,0.));
#5606=DIRECTION('center_axis',(0.,0.,1.));
#5607=DIRECTION('ref_axis',(1.,0.,0.));
#5608=DIRECTION('',(0.,0.,1.));
#5609=DIRECTION('center_axis',(0.,0.,-1.));
#5610=DIRECTION('ref_axis',(1.,0.,0.));
#5611=DIRECTION('center_axis',(0.,0.,1.));
#5612=DIRECTION('ref_axis',(1.,0.,0.));
#5613=DIRECTION('center_axis',(0.,0.,1.));
#5614=DIRECTION('ref_axis',(1.,0.,0.));
#5615=DIRECTION('',(0.,0.,1.));
#5616=DIRECTION('center_axis',(0.,0.,-1.));
#5617=DIRECTION('ref_axis',(1.,0.,0.));
#5618=DIRECTION('center_axis',(0.,0.,1.));
#5619=DIRECTION('ref_axis',(1.,0.,0.));
#5620=DIRECTION('center_axis',(0.,0.,1.));
#5621=DIRECTION('ref_axis',(1.,0.,0.));
#5622=DIRECTION('',(0.,0.,1.));
#5623=DIRECTION('center_axis',(0.,0.,-1.));
#5624=DIRECTION('ref_axis',(1.,0.,0.));
#5625=DIRECTION('center_axis',(0.,1.,0.));
#5626=DIRECTION('ref_axis',(1.,0.,0.));
#5627=DIRECTION('',(-1.,0.,0.));
#5628=DIRECTION('',(0.,0.,-1.));
#5629=DIRECTION('',(1.,0.,0.));
#5630=DIRECTION('',(0.,0.,-1.));
#5631=DIRECTION('center_axis',(-1.,0.,0.));
#5632=DIRECTION('ref_axis',(0.,1.,0.));
#5633=DIRECTION('',(0.,-1.,0.));
#5634=DIRECTION('',(0.,1.,0.));
#5635=DIRECTION('',(0.,0.,-1.));
#5636=DIRECTION('center_axis',(0.,-1.,0.));
#5637=DIRECTION('ref_axis',(-1.,0.,0.));
#5638=DIRECTION('',(1.,0.,0.));
#5639=DIRECTION('',(-1.,0.,0.));
#5640=DIRECTION('',(0.,0.,-1.));
#5641=DIRECTION('center_axis',(0.,0.,-1.));
#5642=DIRECTION('ref_axis',(-1.,0.,0.));
#5643=DIRECTION('',(0.,-1.,0.));
#5644=DIRECTION('center_axis',(-1.,0.,0.));
#5645=DIRECTION('ref_axis',(0.,-1.,0.));
#5646=DIRECTION('',(0.,1.,0.));
#5647=DIRECTION('',(0.,0.,1.));
#5648=DIRECTION('',(0.,-1.,0.));
#5649=DIRECTION('',(0.,0.,1.));
#5650=DIRECTION('center_axis',(1.,0.,0.));
#5651=DIRECTION('ref_axis',(0.,1.,0.));
#5652=DIRECTION('',(0.,-1.,0.));
#5653=DIRECTION('',(0.,0.,1.));
#5654=DIRECTION('',(0.,1.,0.));
#5655=DIRECTION('',(0.,0.,1.));
#5656=DIRECTION('center_axis',(0.,0.,1.));
#5657=DIRECTION('ref_axis',(1.,0.,0.));
#5658=DIRECTION('',(1.,0.,0.));
#5659=DIRECTION('',(-1.,0.,0.));
#5660=DIRECTION('center_axis',(0.,0.,1.));
#5661=DIRECTION('ref_axis',(1.,0.,0.));
#5662=DIRECTION('',(0.,1.,0.));
#5663=DIRECTION('',(1.,0.,0.));
#5664=DIRECTION('',(0.,-1.,0.));
#5665=DIRECTION('',(-1.,0.,0.));
#5666=DIRECTION('',(0.,1.,0.));
#5667=DIRECTION('center_axis',(0.,0.,1.));
#5668=DIRECTION('ref_axis',(1.,0.,0.));
#5669=DIRECTION('',(1.,0.,0.));
#5670=DIRECTION('',(0.,1.,0.));
#5671=DIRECTION('',(-1.,0.,0.));
#5672=DIRECTION('center_axis',(0.,-1.,0.));
#5673=DIRECTION('ref_axis',(1.,0.,0.));
#5674=DIRECTION('',(1.,0.,0.));
#5675=DIRECTION('',(0.,0.,1.));
#5676=DIRECTION('',(0.,0.,1.));
#5677=DIRECTION('center_axis',(-1.,0.,0.));
#5678=DIRECTION('ref_axis',(0.,-1.,0.));
#5679=DIRECTION('',(0.,-1.,0.));
#5680=DIRECTION('',(0.,0.,1.));
#5681=DIRECTION('center_axis',(0.,1.,0.));
#5682=DIRECTION('ref_axis',(-1.,0.,0.));
#5683=DIRECTION('',(-1.,0.,0.));
#5684=DIRECTION('',(0.,0.,1.));
#5685=DIRECTION('center_axis',(1.,0.,0.));
#5686=DIRECTION('ref_axis',(0.,1.,0.));
#5687=DIRECTION('center_axis',(0.,0.,1.));
#5688=DIRECTION('ref_axis',(1.,0.,0.));
#5689=DIRECTION('',(0.,0.,1.));
#5690=DIRECTION('',(1.,0.,0.));
#5691=DIRECTION('',(1.34578678448762E-16,-1.38777878078184E-17,1.));
#5692=DIRECTION('',(1.,4.43900625422099E-18,5.11555784240396E-17));
#5693=DIRECTION('',(1.34578678448762E-16,-1.38777878078184E-17,1.));
#5694=DIRECTION('',(1.,4.43900625422099E-18,5.11555784240396E-17));
#5695=DIRECTION('',(1.34578678448762E-16,-1.38777878078184E-17,1.));
#5696=DIRECTION('',(1.,4.43900625422099E-18,5.11555784240396E-17));
#5697=DIRECTION('',(1.34578678448761E-16,2.08166817117212E-16,0.999999999999996));
#5698=DIRECTION('',(1.,4.4390062542211E-18,5.11555784240397E-17));
#5699=DIRECTION('',(1.34578678448763E-16,-1.38777878078185E-17,0.999999999999999));
#5700=DIRECTION('',(1.,4.43900625422099E-18,5.11555784240396E-17));
#5701=DIRECTION('',(1.34578678448763E-16,-1.38777878078185E-17,0.999999999999999));
#5702=DIRECTION('',(1.,4.43900625422099E-18,5.11555784240396E-17));
#5703=DIRECTION('',(1.34578678448761E-16,4.30211422042242E-16,0.999999999999997));
#5704=DIRECTION('',(1.,4.439006254221E-18,5.11555784240397E-17));
#5705=DIRECTION('',(1.34578678448761E-16,-1.38777878078186E-17,0.999999999999997));
#5706=DIRECTION('',(1.,4.439006254221E-18,5.11555784240397E-17));
#5707=DIRECTION('',(3.88578058618804E-16,1.88737914186276E-15,0.999999999999996));
#5708=DIRECTION('',(1.,-2.8041539990295E-31,-3.88578058618805E-16));
#5709=DIRECTION('',(-2.66453525910034E-15,1.48492329543615E-15,0.999999999999999));
#5710=DIRECTION('',(1.31006316905769E-14,1.,-1.48492329543611E-15));
#5711=DIRECTION('',(-7.05939299238695E-15,-7.09737096098991E-16,0.999999999999997));
#5712=DIRECTION('',(3.06819992801356E-16,1.,7.09737096098988E-16));
#5713=DIRECTION('',(-3.60822483003175E-16,1.,1.38777878078144E-15));
#5714=DIRECTION('',(7.77156117237607E-16,-1.38777878078145E-15,0.999999999999999));
#5715=DIRECTION('',(1.4432899320127E-15,6.38378239159454E-16,0.999999999999992));
#5716=DIRECTION('',(-1.97064586870966E-15,-1.,6.38378239159465E-16));
#5717=DIRECTION('',(1.4294121442049E-15,-1.87350135405468E-16,0.999999999999998));
#5718=DIRECTION('',(-1.34614541735801E-14,-1.,-1.87350135405544E-16));
#5719=CARTESIAN_POINT('',(0.,0.,0.));
#5720=CARTESIAN_POINT('',(0.,0.,0.));
#5721=CARTESIAN_POINT('Origin',(406.4,152.4,0.));
#5722=CARTESIAN_POINT('',(406.4,152.4,0.));
#5723=CARTESIAN_POINT('',(0.,152.4,0.));
#5724=CARTESIAN_POINT('',(406.4,152.4,0.));
#5725=CARTESIAN_POINT('',(0.,152.4,3.175));
#5726=CARTESIAN_POINT('',(0.,152.4,0.));
#5727=CARTESIAN_POINT('',(406.4,152.4,3.175));
#5728=CARTESIAN_POINT('',(406.4,152.4,3.175));
#5729=CARTESIAN_POINT('',(406.4,152.4,0.));
#5730=CARTESIAN_POINT('Origin',(406.4,0.,0.));
#5731=CARTESIAN_POINT('',(406.4,0.,0.));
#5732=CARTESIAN_POINT('',(406.4,0.,0.));
#5733=CARTESIAN_POINT('',(406.4,0.,3.175));
#5734=CARTESIAN_POINT('',(406.4,0.,3.175));
#5735=CARTESIAN_POINT('',(406.4,0.,0.));
#5736=CARTESIAN_POINT('Origin',(0.,0.,0.));
#5737=CARTESIAN_POINT('',(0.,0.,0.));
#5738=CARTESIAN_POINT('',(0.,0.,0.));
#5739=CARTESIAN_POINT('',(0.,0.,3.175));
#5740=CARTESIAN_POINT('',(0.,0.,3.175));
#5741=CARTESIAN_POINT('',(0.,0.,0.));
#5742=CARTESIAN_POINT('Origin',(0.,152.4,0.));
#5743=CARTESIAN_POINT('',(0.,152.4,0.));
#5744=CARTESIAN_POINT('',(0.,152.4,3.175));
#5745=CARTESIAN_POINT('Origin',(203.2,76.2,3.175));
#5746=CARTESIAN_POINT('Origin',(203.2,76.2,0.));
#5747=CARTESIAN_POINT('',(0.,0.,0.));
#5748=CARTESIAN_POINT('Origin',(-2.70069836804617,-1.35116761092838,20.));
#5749=CARTESIAN_POINT('',(-2.70069836804617,-1.35116761092838,20.));
#5750=CARTESIAN_POINT('',(-2.80111075357176,-1.83746525034479,20.));
#5751=CARTESIAN_POINT('',(-2.5116874235719,-0.435786747894425,20.));
#5752=CARTESIAN_POINT('',(-2.70069836804617,-1.35116761092838,8.));
#5753=CARTESIAN_POINT('',(-2.70069836804617,-1.35116761092838,20.));
#5754=CARTESIAN_POINT('',(-2.80111075357176,-1.83746525034479,8.));
#5755=CARTESIAN_POINT('',(-2.80111075357176,-1.83746525034479,8.));
#5756=CARTESIAN_POINT('',(-2.80111075357176,-1.8374652503448,0.));
#5757=CARTESIAN_POINT('Origin',(-3.14935509935622,-1.14195554123571,20.));
#5758=CARTESIAN_POINT('',(-3.14935509935622,-1.14195554123571,20.));
#5759=CARTESIAN_POINT('',(-2.07462188958798,-1.64311186742415,20.));
#5760=CARTESIAN_POINT('',(-3.14935509935622,-1.14195554123571,8.));
#5761=CARTESIAN_POINT('',(-3.14935509935623,-1.14195554123571,0.));
#5762=CARTESIAN_POINT('',(-3.14935509935622,-1.14195554123571,8.));
#5763=CARTESIAN_POINT('Origin',(-2.9250267337012,-1.48971039579025,8.));
#5764=CARTESIAN_POINT('Origin',(0.,0.,8.));
#5765=CARTESIAN_POINT('Origin',(-2.3162999988974,-1.93757061886711,20.));
#5766=CARTESIAN_POINT('',(-2.3162999988974,-1.93757061886711,20.));
#5767=CARTESIAN_POINT('',(-2.30185780202174,-2.43391673219764,20.));
#5768=CARTESIAN_POINT('',(-2.3434852236828,-1.0032750419252,20.));
#5769=CARTESIAN_POINT('',(-2.3162999988974,-1.93757061886711,8.));
#5770=CARTESIAN_POINT('',(-2.3162999988974,-1.93757061886711,20.));
#5771=CARTESIAN_POINT('',(-2.30185780202174,-2.43391673219764,8.));
#5772=CARTESIAN_POINT('',(-2.30185780202174,-2.43391673219764,8.));
#5773=CARTESIAN_POINT('',(-2.30185780202174,-2.43391673219764,0.));
#5774=CARTESIAN_POINT('Origin',(-2.80111075357176,-1.83746525034479,20.));
#5775=CARTESIAN_POINT('',(-1.63977251402295,-2.07726230791456,20.));
#5776=CARTESIAN_POINT('',(-2.80111075357176,-1.83746525034479,8.));
#5777=CARTESIAN_POINT('Origin',(-2.55148427779675,-2.13569099127122,8.));
#5778=CARTESIAN_POINT('Origin',(0.,0.,8.));
#5779=CARTESIAN_POINT('Origin',(-1.80702929725616,-2.41951869322125,20.));
#5780=CARTESIAN_POINT('',(-1.80702929725616,-2.41951869322125,20.));
#5781=CARTESIAN_POINT('',(-1.67851110055105,-2.89915513302184,20.));
#5782=CARTESIAN_POINT('',(-2.04894512879642,-1.51667651875772,20.));
#5783=CARTESIAN_POINT('',(-1.80702929725616,-2.41951869322125,8.));
#5784=CARTESIAN_POINT('',(-1.80702929725616,-2.41951869322125,20.));
#5785=CARTESIAN_POINT('',(-1.67851110055105,-2.89915513302184,8.));
#5786=CARTESIAN_POINT('',(-1.67851110055105,-2.89915513302184,8.));
#5787=CARTESIAN_POINT('',(-1.67851110055105,-2.89915513302184,0.));
#5788=CARTESIAN_POINT('Origin',(-2.30185780202174,-2.43391673219764,20.));
#5789=CARTESIAN_POINT('',(-1.11652257778764,-2.39942699970599,20.));
#5790=CARTESIAN_POINT('',(-2.30185780202174,-2.43391673219764,8.));
#5791=CARTESIAN_POINT('Origin',(-1.9901844512864,-2.65933691312155,8.));
#5792=CARTESIAN_POINT('Origin',(0.,0.,8.));
#5793=CARTESIAN_POINT('Origin',(-1.20034117846774,-2.77102988855477,20.));
#5794=CARTESIAN_POINT('',(-1.20034117846774,-2.77102988855477,20.));
#5795=CARTESIAN_POINT('',(-0.964675431183251,-3.2080993302065,20.));
#5796=CARTESIAN_POINT('',(-1.64394587166695,-1.94831357188694,20.));
#5797=CARTESIAN_POINT('',(-1.20034117846774,-2.77102988855477,8.));
#5798=CARTESIAN_POINT('',(-1.20034117846774,-2.77102988855477,20.));
#5799=CARTESIAN_POINT('',(-0.964675431183251,-3.2080993302065,8.));
#5800=CARTESIAN_POINT('',(-0.964675431183251,-3.2080993302065,8.));
#5801=CARTESIAN_POINT('',(-0.964675431183251,-3.2080993302065,0.));
#5802=CARTESIAN_POINT('Origin',(-1.67851110055105,-2.89915513302184,20.));
#5803=CARTESIAN_POINT('',(-0.533080620382713,-2.59223796087474,20.));
#5804=CARTESIAN_POINT('',(-1.67851110055105,-2.89915513302184,8.));
#5805=CARTESIAN_POINT('Origin',(-1.32159326586715,-2.98956460938063,8.));
#5806=CARTESIAN_POINT('Origin',(0.,0.,8.));
#5807=CARTESIAN_POINT('Origin',(-0.528942356051392,-2.97315414534194,20.));
#5808=CARTESIAN_POINT('',(-0.528942356051392,-2.97315414534194,20.));
#5809=CARTESIAN_POINT('',(-0.19883385962343,-3.34409406211417,20.));
#5810=CARTESIAN_POINT('',(-1.15032106707638,-2.27491653605355,20.));
#5811=CARTESIAN_POINT('',(-0.528942356051392,-2.97315414534194,8.));
#5812=CARTESIAN_POINT('',(-0.528942356051392,-2.97315414534194,20.));
#5813=CARTESIAN_POINT('',(-0.19883385962343,-3.34409406211417,8.));
#5814=CARTESIAN_POINT('',(-0.19883385962343,-3.34409406211417,8.));
#5815=CARTESIAN_POINT('',(-0.19883385962343,-3.34409406211417,0.));
#5816=CARTESIAN_POINT('Origin',(-0.964675431183251,-3.2080993302065,20.));
#5817=CARTESIAN_POINT('',(0.0790998512498269,-2.64530070259695,20.));
#5818=CARTESIAN_POINT('',(-0.964675431183251,-3.2080993302065,8.));
#5819=CARTESIAN_POINT('Origin',(-0.58175464540334,-3.15862410372806,8.));
#5820=CARTESIAN_POINT('Origin',(0.,0.,8.));
#5821=CARTESIAN_POINT('Origin',(0.170971885691314,-3.01499489258146,20.));
#5822=CARTESIAN_POINT('',(0.170971885691314,-3.01499489258146,20.));
#5823=CARTESIAN_POINT('',(0.577726896774916,-3.29980781754678,20.));
#5824=CARTESIAN_POINT('',(-0.594682156010217,-2.47887816092132,20.));
#5825=CARTESIAN_POINT('',(0.170971885691314,-3.01499489258146,8.));
#5826=CARTESIAN_POINT('',(0.170971885691314,-3.01499489258146,20.));
#5827=CARTESIAN_POINT('',(0.577726896774916,-3.29980781754678,8.));
#5828=CARTESIAN_POINT('',(0.577726896774916,-3.29980781754678,8.));
#5829=CARTESIAN_POINT('',(0.577726896774917,-3.29980781754678,0.));
#5830=CARTESIAN_POINT('Origin',(-0.19883385962343,-3.34409406211417,20.));
#5831=CARTESIAN_POINT('',(0.687016029427256,-2.55575459873159,20.));
#5832=CARTESIAN_POINT('',(-0.19883385962343,-3.34409406211417,8.));
#5833=CARTESIAN_POINT('Origin',(0.189446518575743,-3.18249744629073,8.));
#5834=CARTESIAN_POINT('Origin',(0.,0.,8.));
#5835=CARTESIAN_POINT('Origin',(0.861668988821977,-2.89429648475958,20.));
#5836=CARTESIAN_POINT('',(0.861668988821977,-2.89429648475958,20.));
#5837=CARTESIAN_POINT('',(1.32314224662909,-3.07762807941202,20.));
#5838=CARTESIAN_POINT('',(-0.00698377598580255,-2.54920282250013,20.));
#5839=CARTESIAN_POINT('',(0.861668988821977,-2.89429648475958,8.));
#5840=CARTESIAN_POINT('',(0.861668988821977,-2.89429648475958,20.));
#5841=CARTESIAN_POINT('',(1.32314224662909,-3.07762807941202,8.));
#5842=CARTESIAN_POINT('',(1.32314224662909,-3.07762807941202,8.));
#5843=CARTESIAN_POINT('',(1.32314224662909,-3.07762807941202,0.));
#5844=CARTESIAN_POINT('Origin',(0.577726896774916,-3.29980781754678,20.));
#5845=CARTESIAN_POINT('',(1.25789499563079,-2.32842710291619,20.));
#5846=CARTESIAN_POINT('',(0.577726896774916,-3.29980781754678,8.));
#5847=CARTESIAN_POINT('Origin',(0.950434571702005,-3.09705215115318,8.));
#5848=CARTESIAN_POINT('Origin',(0.,0.,8.));
#5849=CARTESIAN_POINT('Origin',(1.50591329373054,-2.61756580428359,20.));
#5850=CARTESIAN_POINT('',(1.50591329373054,-2.61756580428359,20.));
#5851=CARTESIAN_POINT('',(1.99722665548489,-2.68953261490182,20.));
#5852=CARTESIAN_POINT('',(0.581091101209689,-2.48209930008139,20.));
#5853=CARTESIAN_POINT('',(1.50591329373054,-2.61756580428359,8.));
#5854=CARTESIAN_POINT('',(1.50591329373054,-2.61756580428359,20.));
#5855=CARTESIAN_POINT('',(1.99722665548489,-2.68953261490182,8.));
#5856=CARTESIAN_POINT('',(1.99722665548489,-2.68953261490182,8.));
#5857=CARTESIAN_POINT('',(1.99722665548489,-2.68953261490182,0.));
#5858=CARTESIAN_POINT('Origin',(1.32314224662909,-3.07762807941202,20.));
#5859=CARTESIAN_POINT('',(1.76096051702588,-1.97557349929168,20.));
#5860=CARTESIAN_POINT('',(1.32314224662909,-3.07762807941202,8.));
#5861=CARTESIAN_POINT('Origin',(1.66018445105699,-2.8475969418478,8.));
#5862=CARTESIAN_POINT('Origin',(0.,0.,8.));
#5863=CARTESIAN_POINT('Origin',(2.06897342318297,-2.19972147376701,20.));
#5864=CARTESIAN_POINT('',(2.06897342318297,-2.19972147376701,20.));
#5865=CARTESIAN_POINT('',(2.56364005838065,-2.1564437509627,20.));
#5866=CARTESIAN_POINT('',(1.13783920672914,-2.28118516192782,20.));
#5867=CARTESIAN_POINT('',(2.06897342318297,-2.19972147376701,8.));
#5868=CARTESIAN_POINT('',(2.06897342318297,-2.19972147376701,20.));
#5869=CARTESIAN_POINT('',(2.56364005838065,-2.1564437509627,8.));
#5870=CARTESIAN_POINT('',(2.56364005838065,-2.1564437509627,8.));
#5871=CARTESIAN_POINT('',(2.56364005838065,-2.1564437509627,0.));
#5872=CARTESIAN_POINT('Origin',(1.99722665548489,-2.68953261490182,20.));
#5873=CARTESIAN_POINT('',(2.16909220114047,-1.51621621696223,20.));
#5874=CARTESIAN_POINT('',(1.99722665548489,-2.68953261490182,8.));
#5875=CARTESIAN_POINT('Origin',(2.28043335693277,-2.42298818293226,8.));
#5876=CARTESIAN_POINT('Origin',(0.,0.,8.));
#5877=CARTESIAN_POINT('Origin',(2.52049465985779,-1.66328958922297,20.));
#5878=CARTESIAN_POINT('',(2.52049465985779,-1.66328958922297,20.));
#5879=CARTESIAN_POINT('',(2.9918469621556,-1.50710044623452,20.));
#5880=CARTESIAN_POINT('',(1.63324610609512,-1.95729174123194,20.));
#5881=CARTESIAN_POINT('',(2.52049465985779,-1.66328958922297,8.));
#5882=CARTESIAN_POINT('',(2.52049465985779,-1.66328958922297,20.));
#5883=CARTESIAN_POINT('',(2.9918469621556,-1.50710044623452,8.));
#5884=CARTESIAN_POINT('',(2.9918469621556,-1.50710044623452,8.));
#5885=CARTESIAN_POINT('',(2.9918469621556,-1.50710044623452,0.));
#5886=CARTESIAN_POINT('Origin',(2.56364005838065,-2.1564437509627,20.));
#5887=CARTESIAN_POINT('',(2.46028756324299,-0.975119325918393,20.));
#5888=CARTESIAN_POINT('',(2.56364005838065,-2.1564437509627,8.));
#5889=CARTESIAN_POINT('Origin',(2.7561708110067,-1.83177209859861,8.));
#5890=CARTESIAN_POINT('Origin',(0.,0.,8.));
#5891=CARTESIAN_POINT('Origin',(2.83613537701395,-1.03718933239746,20.));
#5892=CARTESIAN_POINT('',(2.83613537701395,-1.03718933239746,20.));
#5893=CARTESIAN_POINT('',(3.25876262179003,-0.776508966351423,20.));
#5894=CARTESIAN_POINT('',(2.04060428513152,-1.52788021614016,20.));
#5895=CARTESIAN_POINT('',(2.83613537701395,-1.03718933239746,8.));
#5896=CARTESIAN_POINT('',(2.83613537701395,-1.03718933239746,20.));
#5897=CARTESIAN_POINT('',(3.25876262179003,-0.776508966351423,8.));
#5898=CARTESIAN_POINT('',(3.25876262179003,-0.776508966351423,8.));
#5899=CARTESIAN_POINT('',(3.25876262179003,-0.776508966351422,0.));
#5900=CARTESIAN_POINT('Origin',(2.9918469621556,-1.50710044623452,20.));
#5901=CARTESIAN_POINT('',(2.61884818598938,-0.381453499614069,20.));
#5902=CARTESIAN_POINT('',(2.9918469621556,-1.50710044623452,8.));
#5903=CARTESIAN_POINT('Origin',(3.04744899940199,-1.14180470629297,8.));
#5904=CARTESIAN_POINT('Origin',(0.,0.,8.));
#5905=CARTESIAN_POINT('Origin',(3.25876262179003,-0.776508966351423,20.));
#5906=CARTESIAN_POINT('',(2.99887930188901,-0.355173930195951,20.));
#5907=CARTESIAN_POINT('',(2.63622602516549,0.232776583590008,20.));
#5908=CARTESIAN_POINT('',(2.99887930188901,-0.355173930195951,8.));
#5909=CARTESIAN_POINT('',(3.25876262179003,-0.776508966351423,8.));
#5910=CARTESIAN_POINT('',(2.99887930188901,-0.355173930195951,20.));
#5911=CARTESIAN_POINT('Origin',(2.99887930188901,-0.35517393019595,20.));
#5912=CARTESIAN_POINT('',(3.34999754498449,-0.00405568710046617,20.));
#5913=CARTESIAN_POINT('',(2.33795295896575,-1.01610027311922,20.));
#5914=CARTESIAN_POINT('',(3.34999754498449,-0.00405568710046617,8.));
#5915=CARTESIAN_POINT('',(3.34999754498449,-0.00405568710046617,8.));
#5916=CARTESIAN_POINT('',(3.3499975449845,-0.00405568710046572,0.));
#5917=CARTESIAN_POINT('Origin',(3.17443842343675,-0.390282326725945,8.));
#5918=CARTESIAN_POINT('Origin',(0.,0.,8.));
#5919=CARTESIAN_POINT('Origin',(2.99995286736826,0.34598899051577,20.));
#5920=CARTESIAN_POINT('',(2.99995286736826,0.34598899051577,20.));
#5921=CARTESIAN_POINT('',(3.2606332334143,0.768616235291851,20.));
#5922=CARTESIAN_POINT('',(2.50926198362556,-0.449542101366661,20.));
#5923=CARTESIAN_POINT('',(2.99995286736826,0.34598899051577,8.));
#5924=CARTESIAN_POINT('',(2.99995286736826,0.34598899051577,20.));
#5925=CARTESIAN_POINT('',(3.2606332334143,0.768616235291851,8.));
#5926=CARTESIAN_POINT('',(3.2606332334143,0.768616235291851,8.));
#5927=CARTESIAN_POINT('',(3.2606332334143,0.768616235291851,0.));
#5928=CARTESIAN_POINT('Origin',(3.34999754498449,-0.00405568710046617,20.));
#5929=CARTESIAN_POINT('',(2.51148423696326,0.834457620920774,20.));
#5930=CARTESIAN_POINT('',(3.34999754498449,-0.00405568710046617,8.));
#5931=CARTESIAN_POINT('Origin',(3.17497643368413,0.382280274095692,8.));
#5932=CARTESIAN_POINT('',(3.35,4.10256677714363E-16,8.));
#5933=CARTESIAN_POINT('Origin',(0.,0.,8.));
#5934=CARTESIAN_POINT('Origin',(0.,0.,8.));
#5935=CARTESIAN_POINT('Origin',(2.83929819725883,1.02849955519287,20.));
#5936=CARTESIAN_POINT('',(2.83929819725883,1.02849955519287,20.));
#5937=CARTESIAN_POINT('',(2.99548734024728,1.49985185749069,20.));
#5938=CARTESIAN_POINT('',(2.54529604524986,0.141251001430207,20.));
#5939=CARTESIAN_POINT('',(2.83929819725883,1.02849955519287,8.));
#5940=CARTESIAN_POINT('',(2.83929819725883,1.02849955519287,20.));
#5941=CARTESIAN_POINT('',(2.99548734024728,1.49985185749069,8.));
#5942=CARTESIAN_POINT('',(2.99548734024728,1.49985185749069,8.));
#5943=CARTESIAN_POINT('',(2.99548734024728,1.49985185749069,0.));
#5944=CARTESIAN_POINT('Origin',(3.2606332334143,0.768616235291851,20.));
#5945=CARTESIAN_POINT('',(2.25134768347287,1.3911528319164,20.));
#5946=CARTESIAN_POINT('',(3.2606332334143,0.768616235291851,8.));
#5947=CARTESIAN_POINT('Origin',(3.04996571533656,1.13423404639127,8.));
#5948=CARTESIAN_POINT('Origin',(0.,0.,8.));
#5949=CARTESIAN_POINT('Origin',(2.52557622641023,1.65556344263234,20.));
#5950=CARTESIAN_POINT('',(2.52557622641023,1.65556344263234,20.));
#5951=CARTESIAN_POINT('',(2.56885394921454,2.15023007783002,20.));
#5952=CARTESIAN_POINT('',(2.44411253824942,0.724429226178513,20.));
#5953=CARTESIAN_POINT('',(2.52557622641023,1.65556344263234,8.));
#5954=CARTESIAN_POINT('',(2.52557622641023,1.65556344263234,20.));
#5955=CARTESIAN_POINT('',(2.56885394921454,2.15023007783002,8.));
#5956=CARTESIAN_POINT('',(2.56885394921454,2.15023007783002,8.));
#5957=CARTESIAN_POINT('',(2.56885394921454,2.15023007783002,0.));
#5958=CARTESIAN_POINT('Origin',(2.99548734024728,1.49985185749069,20.));
#5959=CARTESIAN_POINT('',(1.86984039362683,1.87285063365692,20.));
#5960=CARTESIAN_POINT('',(2.99548734024728,1.49985185749069,8.));
#5961=CARTESIAN_POINT('Origin',(2.76053178332875,1.82504096766035,8.));
#5962=CARTESIAN_POINT('Origin',(0.,0.,8.));
#5963=CARTESIAN_POINT('Origin',(2.07569978747481,2.19337547635287,20.));
#5964=CARTESIAN_POINT('',(2.07569978747481,2.19337547635287,20.));
#5965=CARTESIAN_POINT('',(2.00373297685657,2.68468883810722,20.));
#5966=CARTESIAN_POINT('',(2.211166291677,1.26855328383202,20.));
#5967=CARTESIAN_POINT('',(2.07569978747481,2.19337547635287,8.));
#5968=CARTESIAN_POINT('',(2.07569978747481,2.19337547635287,20.));
#5969=CARTESIAN_POINT('',(2.00373297685657,2.68468883810722,8.));
#5970=CARTESIAN_POINT('',(2.00373297685657,2.68468883810722,8.));
#5971=CARTESIAN_POINT('',(2.00373297685657,2.68468883810722,0.));
#5972=CARTESIAN_POINT('Origin',(2.56885394921454,2.15023007783002,20.));
#5973=CARTESIAN_POINT('',(1.38752952417023,2.25358257296767,20.));
#5974=CARTESIAN_POINT('',(2.56885394921454,2.15023007783002,8.));
#5975=CARTESIAN_POINT('Origin',(2.28629346303555,2.41745945796862,8.));
#5976=CARTESIAN_POINT('Origin',(0.,0.,8.));
#5977=CARTESIAN_POINT('Origin',(1.51392183572176,2.61294207040914,20.));
#5978=CARTESIAN_POINT('',(1.51392183572176,2.61294207040914,20.));
#5979=CARTESIAN_POINT('',(1.33059024106932,3.07441532821626,20.));
#5980=CARTESIAN_POINT('',(1.85901549798122,1.74428930560136,20.));
#5981=CARTESIAN_POINT('',(1.51392183572176,2.61294207040914,8.));
#5982=CARTESIAN_POINT('',(1.51392183572176,2.61294207040914,20.));
#5983=CARTESIAN_POINT('',(1.33059024106932,3.07441532821626,8.));
#5984=CARTESIAN_POINT('',(1.33059024106932,3.07441532821626,8.));
#5985=CARTESIAN_POINT('',(1.33059024106932,3.07441532821626,0.));
#5986=CARTESIAN_POINT('Origin',(2.00373297685657,2.68468883810722,20.));
#5987=CARTESIAN_POINT('',(0.830416578916974,2.51282329245164,20.));
#5988=CARTESIAN_POINT('',(2.00373297685657,2.68468883810722,8.));
#5989=CARTESIAN_POINT('Origin',(1.66716160896295,2.8436786993127,8.));
#5990=CARTESIAN_POINT('Origin',(0.,0.,8.));
#5991=CARTESIAN_POINT('Origin',(0.870527965940891,2.89164428111481,20.));
#5992=CARTESIAN_POINT('',(0.870527965940891,2.89164428111481,20.));
#5993=CARTESIAN_POINT('',(0.585715040975579,3.29839929219841,20.));
#5994=CARTESIAN_POINT('',(1.40664469760103,2.12599023941328,20.));
#5995=CARTESIAN_POINT('',(0.870527965940891,2.89164428111481,8.));
#5996=CARTESIAN_POINT('',(0.870527965940891,2.89164428111481,20.));
#5997=CARTESIAN_POINT('',(0.585715040975579,3.29839929219841,8.));
#5998=CARTESIAN_POINT('',(0.585715040975579,3.29839929219841,8.));
#5999=CARTESIAN_POINT('',(0.585715040975579,3.29839929219841,0.));
#6000=CARTESIAN_POINT('Origin',(1.33059024106932,3.07441532821626,20.));
#6001=CARTESIAN_POINT('',(0.228535660948988,2.63659705781947,20.));
#6002=CARTESIAN_POINT('',(1.33059024106932,3.07441532821626,8.));
#6003=CARTESIAN_POINT('Origin',(0.958152641022451,3.09502178665661,8.));
#6004=CARTESIAN_POINT('Origin',(0.,0.,8.));
#6005=CARTESIAN_POINT('Origin',(0.180203708188383,3.01445720015135,20.));
#6006=CARTESIAN_POINT('',(0.180203708188383,3.01445720015135,20.));
#6007=CARTESIAN_POINT('',(-0.190736208583847,3.34456569657931,20.));
#6008=CARTESIAN_POINT('',(0.878441317476772,2.39307848912636,20.));
#6009=CARTESIAN_POINT('',(0.180203708188383,3.01445720015135,8.));
#6010=CARTESIAN_POINT('',(0.180203708188383,3.01445720015135,20.));
#6011=CARTESIAN_POINT('',(-0.190736208583847,3.34456569657931,8.));
#6012=CARTESIAN_POINT('',(-0.190736208583847,3.34456569657931,8.));
#6013=CARTESIAN_POINT('',(-0.190736208583847,3.34456569657931,0.));
#6014=CARTESIAN_POINT('Origin',(0.585715040975579,3.29839929219841,20.));
#6015=CARTESIAN_POINT('',(-0.385665673655009,2.61823119334254,20.));
#6016=CARTESIAN_POINT('',(0.585715040975579,3.29839929219841,8.));
#6017=CARTESIAN_POINT('Origin',(0.197489416195866,3.18222860007567,8.));
#6018=CARTESIAN_POINT('Origin',(0.,0.,8.));
#6019=CARTESIAN_POINT('Origin',(-0.519835378116553,2.97475995126457,20.));
#6020=CARTESIAN_POINT('',(-0.519835378116553,2.97475995126457,20.));
#6021=CARTESIAN_POINT('',(-0.956904819768289,3.21042569854906,20.));
#6022=CARTESIAN_POINT('',(0.302880938551277,2.53115525806536,20.));
#6023=CARTESIAN_POINT('',(-0.519835378116553,2.97475995126457,8.));
#6024=CARTESIAN_POINT('',(-0.519835378116553,2.97475995126457,20.));
#6025=CARTESIAN_POINT('',(-0.956904819768289,3.21042569854906,8.));
#6026=CARTESIAN_POINT('',(-0.956904819768289,3.21042569854906,8.));
#6027=CARTESIAN_POINT('',(-0.95690481976829,3.21042569854906,0.));
#6028=CARTESIAN_POINT('Origin',(-0.190736208583847,3.34456569657931,20.));
#6029=CARTESIAN_POINT('',(-0.979075671966428,2.45871580752863,20.));
#6030=CARTESIAN_POINT('',(-0.190736208583847,3.34456569657931,8.));
#6031=CARTESIAN_POINT('Origin',(-0.573820514176068,3.15966282392194,8.));
#6032=CARTESIAN_POINT('Origin',(0.,0.,8.));
#6033=CARTESIAN_POINT('Origin',(-1.19185000463285,2.7746926234172,20.));
#6034=CARTESIAN_POINT('',(-1.19185000463285,2.7746926234172,20.));
#6035=CARTESIAN_POINT('',(-1.67148644443344,2.90321082012231,20.));
#6036=CARTESIAN_POINT('',(-0.289007830169325,2.53277679187694,20.));
#6037=CARTESIAN_POINT('',(-1.19185000463285,2.7746926234172,8.));
#6038=CARTESIAN_POINT('',(-1.19185000463285,2.7746926234172,20.));
#6039=CARTESIAN_POINT('',(-1.67148644443344,2.90321082012231,8.));
#6040=CARTESIAN_POINT('',(-1.67148644443344,2.90321082012231,8.));
#6041=CARTESIAN_POINT('',(-1.67148644443344,2.90321082012231,0.));
#6042=CARTESIAN_POINT('Origin',(-0.956904819768289,3.21042569854906,20.));
#6043=CARTESIAN_POINT('',(-1.51970344737784,2.16665041611598,20.));
#6044=CARTESIAN_POINT('',(-0.956904819768289,3.21042569854906,8.));
#6045=CARTESIAN_POINT('Origin',(-1.31419563210087,2.99255916098313,8.));
#6046=CARTESIAN_POINT('Origin',(0.,0.,8.));
#6047=CARTESIAN_POINT('Origin',(-1.79961168890052,2.425040898039,20.));
#6048=CARTESIAN_POINT('',(-1.79961168890052,2.425040898039,20.));
#6049=CARTESIAN_POINT('',(-2.29595780223105,2.43948309491465,20.));
#6050=CARTESIAN_POINT('',(-0.865316111958612,2.3978556732536,20.));
#6051=CARTESIAN_POINT('',(-1.79961168890052,2.425040898039,8.));
#6052=CARTESIAN_POINT('',(-1.79961168890052,2.425040898039,20.));
#6053=CARTESIAN_POINT('',(-2.29595780223105,2.43948309491465,8.));
#6054=CARTESIAN_POINT('',(-2.29595780223105,2.43948309491465,8.));
#6055=CARTESIAN_POINT('',(-2.29595780223105,2.43948309491465,0.));
#6056=CARTESIAN_POINT('Origin',(-1.67148644443344,2.90321082012231,20.));
#6057=CARTESIAN_POINT('',(-1.97840361658054,1.75778033995397,20.));
#6058=CARTESIAN_POINT('',(-1.67148644443344,2.90321082012231,8.));
#6059=CARTESIAN_POINT('Origin',(-1.98372212333225,2.66412585908065,8.));
#6060=CARTESIAN_POINT('Origin',(0.,0.,8.));
#6061=CARTESIAN_POINT('Origin',(-2.31035584120744,1.94465459014907,20.));
#6062=CARTESIAN_POINT('',(-2.31035584120744,1.94465459014907,20.));
#6063=CARTESIAN_POINT('',(-2.79665348062385,1.84424220462348,20.));
#6064=CARTESIAN_POINT('',(-1.39497497817348,2.13366553462334,20.));
#6065=CARTESIAN_POINT('',(-2.31035584120744,1.94465459014907,8.));
#6066=CARTESIAN_POINT('',(-2.31035584120744,1.94465459014907,20.));
#6067=CARTESIAN_POINT('',(-2.79665348062385,1.84424220462348,8.));
#6068=CARTESIAN_POINT('',(-2.79665348062385,1.84424220462348,8.));
#6069=CARTESIAN_POINT('',(-2.79665348062385,1.84424220462348,0.));
#6070=CARTESIAN_POINT('Origin',(-2.29595780223105,2.43948309491465,20.));
#6071=CARTESIAN_POINT('',(-2.3304475347227,1.25414787068055,20.));
#6072=CARTESIAN_POINT('',(-2.29595780223105,2.43948309491465,8.));
#6073=CARTESIAN_POINT('Origin',(-2.54630564142745,2.14186264976907,8.));
#6074=CARTESIAN_POINT('Origin',(0.,0.,8.));
#6075=CARTESIAN_POINT('Origin',(-2.69654811210154,1.35943144994912,20.));
#6076=CARTESIAN_POINT('',(-2.69654811210154,1.35943144994912,20.));
#6077=CARTESIAN_POINT('',(-3.14658084598945,1.14957773971676,20.));
#6078=CARTESIAN_POINT('',(-1.84943038223921,1.75444893474281,20.));
#6079=CARTESIAN_POINT('',(-2.69654811210154,1.35943144994912,8.));
#6080=CARTESIAN_POINT('',(-2.69654811210154,1.35943144994912,20.));
#6081=CARTESIAN_POINT('',(-3.14658084598945,1.14957773971676,8.));
#6082=CARTESIAN_POINT('',(-3.14658084598945,1.14957773971676,8.));
#6083=CARTESIAN_POINT('',(-3.14658084598945,1.14957773971676,0.));
#6084=CARTESIAN_POINT('Origin',(-2.79665348062385,1.84424220462348,20.));
#6085=CARTESIAN_POINT('',(-2.55685642305409,0.682903965074674,20.));
#6086=CARTESIAN_POINT('',(-2.79665348062385,1.84424220462348,8.));
#6087=CARTESIAN_POINT('Origin',(-2.9215644790455,1.49690997217012,8.));
#6088=CARTESIAN_POINT('Origin',(0.,0.,8.));
#6089=CARTESIAN_POINT('Origin',(-2.93736877629679,0.700921008406709,20.));
#6090=CARTESIAN_POINT('',(-2.93736877629679,0.700921008406709,20.));
#6091=CARTESIAN_POINT('',(-3.32687522348567,0.3929392413048,20.));
#6092=CARTESIAN_POINT('',(-2.2041825156912,1.28064953866811,20.));
#6093=CARTESIAN_POINT('',(-2.93736877629679,0.700921008406709,8.));
#6094=CARTESIAN_POINT('',(-2.93736877629679,0.700921008406709,20.));
#6095=CARTESIAN_POINT('',(-3.32687522348567,0.3929392413048,8.));
#6096=CARTESIAN_POINT('',(-3.32687522348567,0.3929392413048,8.));
#6097=CARTESIAN_POINT('',(-3.32687522348567,0.392939241304799,0.));
#6098=CARTESIAN_POINT('Origin',(-3.14658084598945,1.14957773971676,20.));
#6099=CARTESIAN_POINT('',(-2.64542451980102,0.0748445299485142,20.));
#6100=CARTESIAN_POINT('',(-3.14658084598945,1.14957773971676,8.));
#6101=CARTESIAN_POINT('Origin',(-3.13212199989123,0.77125849051078,8.));
#6102=CARTESIAN_POINT('Origin',(0.,0.,8.));
#6103=CARTESIAN_POINT('Origin',(-3.0198351294523,0.00462373387444578,20.));
#6104=CARTESIAN_POINT('',(-3.0198351294523,0.00462373387444578,20.));
#6105=CARTESIAN_POINT('',(-3.32781689655421,-0.384882713314435,20.));
#6106=CARTESIAN_POINT('',(-2.44010659919091,0.737809994480031,20.));
#6107=CARTESIAN_POINT('',(-3.0198351294523,0.00462373387444578,8.));
#6108=CARTESIAN_POINT('',(-3.0198351294523,0.00462373387444578,20.));
#6109=CARTESIAN_POINT('',(-3.32781689655421,-0.384882713314435,8.));
#6110=CARTESIAN_POINT('',(-3.32781689655421,-0.384882713314435,8.));
#6111=CARTESIAN_POINT('',(-3.32781689655421,-0.384882713314436,0.));
#6112=CARTESIAN_POINT('Origin',(-3.32687522348567,0.3929392413048,20.));
#6113=CARTESIAN_POINT('',(-2.59137709594286,-0.537249793159954,20.));
#6114=CARTESIAN_POINT('',(-3.32687522348567,0.3929392413048,8.));
#6115=CARTESIAN_POINT('Origin',(-3.18491756472615,0.00402826399518261,8.));
#6116=CARTESIAN_POINT('Origin',(0.,0.,8.));
#6117=CARTESIAN_POINT('Origin',(-2.93950138912386,-0.691922807347797,20.));
#6118=CARTESIAN_POINT('',(-2.93950138912386,-0.691922807347797,20.));
#6119=CARTESIAN_POINT('',(-2.54448390433018,0.155194922514536,20.));
#6120=CARTESIAN_POINT('',(-2.93950138912386,-0.691922807347797,8.));
#6121=CARTESIAN_POINT('',(-2.93950138912386,-0.691922807347797,20.));
#6122=CARTESIAN_POINT('',(-3.14935509935622,-1.14195554123571,8.));
#6123=CARTESIAN_POINT('Origin',(-3.32781689655421,-0.384882713314435,20.));
#6124=CARTESIAN_POINT('',(-2.39762786208946,-1.12038084085724,20.));
#6125=CARTESIAN_POINT('',(-3.32781689655421,-0.384882713314435,8.));
#6126=CARTESIAN_POINT('Origin',(-3.13365914283904,-0.763419127275072,8.));
#6127=CARTESIAN_POINT('Origin',(0.,0.,8.));
#6128=CARTESIAN_POINT('Origin',(0.,0.,0.));
#6129=CARTESIAN_POINT('',(3.35,4.10256677714363E-16,0.));
#6130=CARTESIAN_POINT('',(3.35,4.10256677714363E-16,0.));
#6131=CARTESIAN_POINT('Origin',(0.,0.,0.));
#6132=CARTESIAN_POINT('Origin',(0.,0.,20.));
#6133=CARTESIAN_POINT('Origin',(8.24,-12.,0.));
#6134=CARTESIAN_POINT('',(-8.24,-12.,0.));
#6135=CARTESIAN_POINT('',(8.24,-12.,0.));
#6136=CARTESIAN_POINT('',(-8.24,-12.,0.));
#6137=CARTESIAN_POINT('',(-8.24,-12.,-2.));
#6138=CARTESIAN_POINT('',(-8.24,-12.,0.));
#6139=CARTESIAN_POINT('',(8.24,-12.,-2.));
#6140=CARTESIAN_POINT('',(-8.24,-12.,-2.));
#6141=CARTESIAN_POINT('',(8.24,-12.,0.));
#6142=CARTESIAN_POINT('Origin',(8.24,0.,0.));
#6143=CARTESIAN_POINT('',(8.24,0.,0.));
#6144=CARTESIAN_POINT('',(8.24,-12.,0.));
#6145=CARTESIAN_POINT('',(8.24,0.,-2.));
#6146=CARTESIAN_POINT('',(8.24,-12.,-2.));
#6147=CARTESIAN_POINT('',(8.24,0.,0.));
#6148=CARTESIAN_POINT('Origin',(-8.24,-12.,0.));
#6149=CARTESIAN_POINT('',(-8.24,-1.00910896249742E-15,0.));
#6150=CARTESIAN_POINT('',(-8.24,0.,0.));
#6151=CARTESIAN_POINT('',(-8.24,0.,-2.));
#6152=CARTESIAN_POINT('',(-8.24,0.,0.));
#6153=CARTESIAN_POINT('',(-8.24,0.,-2.));
#6154=CARTESIAN_POINT('Origin',(0.,-6.,-2.));
#6155=CARTESIAN_POINT('Origin',(0.,0.,-2.));
#6156=CARTESIAN_POINT('Origin',(0.,0.,0.));
#6157=CARTESIAN_POINT('',(-8.24,-1.00910896249742E-15,-9.2));
#6158=CARTESIAN_POINT('Origin',(0.,0.,-9.2));
#6159=CARTESIAN_POINT('',(-8.24,1.00910896249742E-15,0.));
#6160=CARTESIAN_POINT('Origin',(0.,0.,0.));
#6161=CARTESIAN_POINT('Origin',(0.,0.,0.));
#6162=CARTESIAN_POINT('Origin',(0.,0.,-9.2));
#6163=CARTESIAN_POINT('',(0.,0.,0.));
#6164=CARTESIAN_POINT('Origin',(1.50000022351742,16.7076241933949,15.0000002384186));
#6165=CARTESIAN_POINT('',(15.1250001117586,3.20820290846796,15.0000002384186));
#6166=CARTESIAN_POINT('',(1.75,16.7076241933949,15.0000002384186));
#6167=CARTESIAN_POINT('Origin',(15.25,16.7076241933949,15.0000002384186));
#6168=CARTESIAN_POINT('',(15.1250001117586,30.2070454783219,15.0000002384186));
#6169=CARTESIAN_POINT('Origin',(15.0000002235174,16.7076241933949,15.0000002384186));
#6170=CARTESIAN_POINT('Origin',(15.25,16.7076241933949,15.0000002384186));
#6171=CARTESIAN_POINT('Ctrl Pts',(1.98114558080995,16.7076241933949,16.));
#6172=CARTESIAN_POINT('Ctrl Pts',(1.98114558080995,3.68876955068748,16.));
#6173=CARTESIAN_POINT('Ctrl Pts',(15.0000002235174,3.68876955068747,16.));
#6174=CARTESIAN_POINT('Ctrl Pts',(28.0188548662249,3.68876955068748,16.));
#6175=CARTESIAN_POINT('Ctrl Pts',(28.0188548662249,16.7076241933949,16.));
#6176=CARTESIAN_POINT('Ctrl Pts',(28.0188548662249,29.7264788361024,16.));
#6177=CARTESIAN_POINT('Ctrl Pts',(15.0000002235174,29.7264788361024,16.));
#6178=CARTESIAN_POINT('Ctrl Pts',(1.98114558080995,29.7264788361024,16.));
#6179=CARTESIAN_POINT('Ctrl Pts',(1.98114558080995,16.7076241933949,16.));
#6180=CARTESIAN_POINT('Ctrl Pts',(4.93296305788863,16.7076241933949,21.5953198472874));
#6181=CARTESIAN_POINT('Ctrl Pts',(4.93296305788863,6.64058702776616,21.5953198472874));
#6182=CARTESIAN_POINT('Ctrl Pts',(15.0000002235174,6.64058702776615,21.5953198472874));
#6183=CARTESIAN_POINT('Ctrl Pts',(25.0670373891462,6.64058702776616,21.5953198472874));
#6184=CARTESIAN_POINT('Ctrl Pts',(25.0670373891462,16.7076241933949,21.5953198472874));
#6185=CARTESIAN_POINT('Ctrl Pts',(25.0670373891462,26.7746613590237,21.5953198472874));
#6186=CARTESIAN_POINT('Ctrl Pts',(15.0000002235174,26.7746613590237,21.5953198472874));
#6187=CARTESIAN_POINT('Ctrl Pts',(4.93296305788863,26.7746613590237,21.5953198472874));
#6188=CARTESIAN_POINT('Ctrl Pts',(4.93296305788863,16.7076241933949,21.5953198472874));
#6189=CARTESIAN_POINT('Ctrl Pts',(11.0000001639128,16.7076241933949,23.3874948849333));
#6190=CARTESIAN_POINT('Ctrl Pts',(11.0000001639128,12.7076241337903,23.3874948849333));
#6191=CARTESIAN_POINT('Ctrl Pts',(15.0000002235174,12.7076241337903,23.3874948849333));
#6192=CARTESIAN_POINT('Ctrl Pts',(19.0000002831221,12.7076241337903,23.3874948849333));
#6193=CARTESIAN_POINT('Ctrl Pts',(19.0000002831221,16.7076241933949,23.3874948849333));
#6194=CARTESIAN_POINT('Ctrl Pts',(19.0000002831221,20.7076242529996,23.3874948849333));
#6195=CARTESIAN_POINT('Ctrl Pts',(15.0000002235174,20.7076242529996,23.3874948849333));
#6196=CARTESIAN_POINT('Ctrl Pts',(11.0000001639128,20.7076242529996,23.3874948849333));
#6197=CARTESIAN_POINT('Ctrl Pts',(11.0000001639128,16.7076241933949,23.3874948849333));
#6198=CARTESIAN_POINT('',(11.0000001639128,16.7076241933949,23.3874948849333));
#6199=CARTESIAN_POINT('',(19.0000002831221,16.7076241933949,23.3874948849333));
#6200=CARTESIAN_POINT('Origin',(15.0000002235174,16.7076241933949,23.3874948849333));
#6201=CARTESIAN_POINT('',(1.98114558080995,16.7076241933949,16.));
#6202=CARTESIAN_POINT('Origin',(15.2500003245744,16.7076241933949,9.00000028551528));
#6203=CARTESIAN_POINT('Origin',(15.0000002235174,16.7076241933949,16.));
#6204=CARTESIAN_POINT('Origin',(15.0000002235174,16.7076241933949,23.3874948849333));
#6205=CARTESIAN_POINT('Ctrl Pts',(15.1250001117586,30.2070454783219,15.0000002384186));
#6206=CARTESIAN_POINT('Ctrl Pts',(7.27545233170408,30.2797295271075,15.0000002384186));
#6207=CARTESIAN_POINT('Ctrl Pts',(3.32954653899198,23.4936768602512,15.0000002384186));
#6208=CARTESIAN_POINT('Ctrl Pts',(-0.616359253720116,16.7076241933949,15.0000002384186));
#6209=CARTESIAN_POINT('Ctrl Pts',(3.32954653899204,9.9215715265386,15.0000002384186));
#6210=CARTESIAN_POINT('Ctrl Pts',(7.2754523317042,3.13551885968232,15.0000002384186));
#6211=CARTESIAN_POINT('Ctrl Pts',(15.1250001117587,3.20820290846796,15.0000002384186));
#6212=CARTESIAN_POINT('Ctrl Pts',(15.1238928228444,30.087463295112,15.2740544938716));
#6213=CARTESIAN_POINT('Ctrl Pts',(7.34387884286452,30.1595034853902,15.2740544938716));
#6214=CARTESIAN_POINT('Ctrl Pts',(3.43292714332975,23.4335638393926,15.2740544938716));
#6215=CARTESIAN_POINT('Ctrl Pts',(-0.478024556205032,16.7076241933949,15.2740544938716));
#6216=CARTESIAN_POINT('Ctrl Pts',(3.43292714332981,9.98168454739722,15.2740544938716));
#6217=CARTESIAN_POINT('Ctrl Pts',(7.34387884286465,3.25574490139957,15.2740544938716));
#6218=CARTESIAN_POINT('Ctrl Pts',(15.1238928228445,3.32778509167788,15.2740544938716));
#6219=CARTESIAN_POINT('Ctrl Pts',(15.122685301083,29.9570564187756,15.5431259491716));
#6220=CARTESIAN_POINT('Ctrl Pts',(7.41849938699165,30.0283944678611,15.5431259491716));
#6221=CARTESIAN_POINT('Ctrl Pts',(3.54566585844247,23.368009330628,15.5431259491716));
#6222=CARTESIAN_POINT('Ctrl Pts',(-0.327167670106707,16.7076241933949,15.5431259491716));
#6223=CARTESIAN_POINT('Ctrl Pts',(3.54566585844254,10.0472390561618,15.5431259491716));
#6224=CARTESIAN_POINT('Ctrl Pts',(7.41849938699178,3.38685391892871,15.5431259491716));
#6225=CARTESIAN_POINT('Ctrl Pts',(15.1226853010831,3.45819196801432,15.5431259491716));
#6226=CARTESIAN_POINT('',(1.75,16.7076241933949,15.5431259491716));
#6227=CARTESIAN_POINT('Ctrl Pts',(15.1250001117586,30.2070454783219,15.0000002384186));
#6228=CARTESIAN_POINT('Ctrl Pts',(13.3389780863632,30.1905075431869,15.0757958596101));
#6229=CARTESIAN_POINT('Ctrl Pts',(11.5737024279114,29.8196857957724,15.1492373563132));
#6230=CARTESIAN_POINT('Ctrl Pts',(8.32018018239362,28.4252095587875,15.2825198678652));
#6231=CARTESIAN_POINT('Ctrl Pts',(6.85826861222506,27.4269957496458,15.3413517427645));
#6232=CARTESIAN_POINT('Ctrl Pts',(4.42917138522188,24.9587438177182,15.4381642598622));
#6233=CARTESIAN_POINT('Ctrl Pts',(3.47231865489979,23.5237132442782,15.4757843689191));
#6234=CARTESIAN_POINT('Ctrl Pts',(2.4090458760937,20.9994355241806,15.5174384573511));
#6235=CARTESIAN_POINT('Ctrl Pts',(2.11923585560685,20.0080750970845,15.5287397657017));
#6236=CARTESIAN_POINT('Ctrl Pts',(1.83948732359535,18.379713357536,15.5396426665962));
#6237=CARTESIAN_POINT('Ctrl Pts',(1.77664114070262,17.759455768714,15.54208880199));
#6238=CARTESIAN_POINT('Ctrl Pts',(1.75227690815703,16.9939438909583,15.5430373134122));
#6239=CARTESIAN_POINT('Ctrl Pts',(1.75,16.8507750880736,15.5431259491716));
#6240=CARTESIAN_POINT('Ctrl Pts',(1.75,16.7076241933949,15.5431259491716));
#6241=CARTESIAN_POINT('Ctrl Pts',(1.75,16.7076241933949,15.5431259491716));
#6242=CARTESIAN_POINT('Ctrl Pts',(1.75,16.2824655959659,15.5431259491716));
#6243=CARTESIAN_POINT('Ctrl Pts',(1.77008444795884,15.8574649653585,15.5423442227444));
#6244=CARTESIAN_POINT('Ctrl Pts',(1.88065313125654,14.6906583674401,15.5380383684709));
#6245=CARTESIAN_POINT('Ctrl Pts',(2.01265283458821,13.9544117959892,15.5328974826978));
#6246=CARTESIAN_POINT('Ctrl Pts',(2.59220450747102,11.7786105692473,15.5102751363012));
#6247=CARTESIAN_POINT('Ctrl Pts',(3.21999973308324,10.3994384256656,15.4857339371406));
#6248=CARTESIAN_POINT('Ctrl Pts',(4.89354813891891,7.92120422108154,15.4196734350074));
#6249=CARTESIAN_POINT('Ctrl Pts',(5.92246063049426,6.835789336878,15.3788152460093));
#6250=CARTESIAN_POINT('Ctrl Pts',(8.32241106619302,5.02088133594511,15.2822733312832));
#6251=CARTESIAN_POINT('Ctrl Pts',(9.68436700154987,4.31431896173413,15.2269139949965));
#6252=CARTESIAN_POINT('Ctrl Pts',(12.4254226029276,3.43708796510362,15.1137272632124));
#6253=CARTESIAN_POINT('Ctrl Pts',(13.7704684956649,3.22074539433141,15.0574841685189));
#6254=CARTESIAN_POINT('Ctrl Pts',(15.1250001117587,3.20820290846796,15.0000002384186));
#6255=CARTESIAN_POINT('Origin',(15.0000002235174,16.7076241933949,26.9437476808852));
#6256=CARTESIAN_POINT('',(19.0000002831221,16.7076241933949,30.5000004768372));
#6257=CARTESIAN_POINT('Origin',(15.0000002235174,16.7076241933949,30.5000004768372));
#6258=CARTESIAN_POINT('',(19.0000002831221,16.7076241933949,26.9437476808852));
#6259=CARTESIAN_POINT('Origin',(8.50000016391277,16.7076241933949,30.5000004768372));
#6260=CARTESIAN_POINT('',(21.5000002831221,16.7076241933949,30.5000004768372));
#6261=CARTESIAN_POINT('Origin',(15.0000002235174,16.7076241933949,30.5000004768372));
#6262=CARTESIAN_POINT('Origin',(15.0000002235174,16.7076241933949,31.2500004768372));
#6263=CARTESIAN_POINT('',(21.5000002831221,16.7076241933949,32.0000004768372));
#6264=CARTESIAN_POINT('Origin',(15.0000002235174,16.7076241933949,32.0000004768372));
#6265=CARTESIAN_POINT('',(21.5000002831221,16.7076241933949,31.2500004768372));
#6266=CARTESIAN_POINT('Origin',(15.0000002235174,16.7076241933949,32.0000004768372));
#6267=CARTESIAN_POINT('Origin',(15.25,16.7076241933949,0.));
#6268=CARTESIAN_POINT('',(1.75,16.7076241933949,16.));
#6269=CARTESIAN_POINT('Origin',(15.25,16.7076241933949,16.));
#6270=CARTESIAN_POINT('',(1.75,16.7076241933949,0.));
#6271=CARTESIAN_POINT('',(1.75,16.7076241933949,0.));
#6272=CARTESIAN_POINT('',(1.75,16.7076241933949,0.));
#6273=CARTESIAN_POINT('Origin',(15.25,16.7076241933949,0.));
#6274=CARTESIAN_POINT('Origin',(15.25,16.7076241933949,16.));
#6275=CARTESIAN_POINT('Origin',(0.,1.45762419339494,0.));
#6276=CARTESIAN_POINT('',(-1.6,1.45762419339494,-2.));
#6277=CARTESIAN_POINT('Origin',(0.,1.45762419339494,-2.));
#6278=CARTESIAN_POINT('',(-1.6,1.45762419339494,0.));
#6279=CARTESIAN_POINT('',(-1.6,1.45762419339494,0.));
#6280=CARTESIAN_POINT('Origin',(0.,1.45762419339494,0.));
#6281=CARTESIAN_POINT('Origin',(30.5,31.9576241933949,0.));
#6282=CARTESIAN_POINT('',(28.9,31.9576241933949,-2.));
#6283=CARTESIAN_POINT('Origin',(30.5,31.9576241933949,-2.));
#6284=CARTESIAN_POINT('',(28.9,31.9576241933949,0.));
#6285=CARTESIAN_POINT('',(28.9,31.9576241933949,0.));
#6286=CARTESIAN_POINT('Origin',(30.5,31.9576241933949,0.));
#6287=CARTESIAN_POINT('Origin',(30.5,1.45762419339494,0.));
#6288=CARTESIAN_POINT('',(28.9,1.45762419339494,-2.));
#6289=CARTESIAN_POINT('Origin',(30.5,1.45762419339494,-2.));
#6290=CARTESIAN_POINT('',(28.9,1.45762419339494,0.));
#6291=CARTESIAN_POINT('',(28.9,1.45762419339494,0.));
#6292=CARTESIAN_POINT('Origin',(30.5,1.45762419339494,0.));
#6293=CARTESIAN_POINT('Origin',(0.,31.9576241933949,0.));
#6294=CARTESIAN_POINT('',(-1.6,31.9576241933949,-2.));
#6295=CARTESIAN_POINT('Origin',(0.,31.9576241933949,-2.));
#6296=CARTESIAN_POINT('',(-1.6,31.9576241933949,0.));
#6297=CARTESIAN_POINT('',(-1.6,31.9576241933949,0.));
#6298=CARTESIAN_POINT('Origin',(0.,31.9576241933949,0.));
#6299=CARTESIAN_POINT('Origin',(34.5,35.9576241933949,0.));
#6300=CARTESIAN_POINT('',(34.5,-2.54237580660506,0.));
#6301=CARTESIAN_POINT('',(34.5,35.9576241933949,0.));
#6302=CARTESIAN_POINT('',(34.5,-2.54237580660506,0.));
#6303=CARTESIAN_POINT('',(34.5,-2.54237580660506,-2.));
#6304=CARTESIAN_POINT('',(34.5,-2.54237580660506,0.));
#6305=CARTESIAN_POINT('',(34.5,35.9576241933949,-2.));
#6306=CARTESIAN_POINT('',(34.5,-2.54237580660506,-2.));
#6307=CARTESIAN_POINT('',(34.5,35.9576241933949,0.));
#6308=CARTESIAN_POINT('Origin',(-4.,35.9576241933949,0.));
#6309=CARTESIAN_POINT('',(-4.,35.9576241933949,0.));
#6310=CARTESIAN_POINT('',(34.5,35.9576241933949,0.));
#6311=CARTESIAN_POINT('',(-4.,35.9576241933949,-2.));
#6312=CARTESIAN_POINT('',(34.5,35.9576241933949,-2.));
#6313=CARTESIAN_POINT('',(-4.,35.9576241933949,0.));
#6314=CARTESIAN_POINT('Origin',(-4.,-2.54237580660506,0.));
#6315=CARTESIAN_POINT('',(-4.,-2.54237580660506,0.));
#6316=CARTESIAN_POINT('',(-4.,35.9576241933949,0.));
#6317=CARTESIAN_POINT('',(-4.,-2.54237580660506,-2.));
#6318=CARTESIAN_POINT('',(-4.,35.9576241933949,-2.));
#6319=CARTESIAN_POINT('',(-4.,-2.54237580660506,0.));
#6320=CARTESIAN_POINT('Origin',(34.5,-2.54237580660506,0.));
#6321=CARTESIAN_POINT('',(-4.,-2.54237580660506,0.));
#6322=CARTESIAN_POINT('',(-4.,-2.54237580660506,-2.));
#6323=CARTESIAN_POINT('Origin',(15.25,16.7076241933949,0.));
#6324=CARTESIAN_POINT('Origin',(15.25,16.7076241933949,-2.));
#6325=CARTESIAN_POINT('',(0.,0.,0.));
#6326=CARTESIAN_POINT('Origin',(29.3,6.065,19.415));
#6327=CARTESIAN_POINT('',(29.3,-2.,18.18));
#6328=CARTESIAN_POINT('',(29.3,14.13,18.18));
#6329=CARTESIAN_POINT('',(29.3,5.315,18.18));
#6330=CARTESIAN_POINT('',(29.3,14.13,20.65));
#6331=CARTESIAN_POINT('',(29.3,14.13,18.18));
#6332=CARTESIAN_POINT('',(29.3,-2.,20.65));
#6333=CARTESIAN_POINT('',(29.3,14.13,20.65));
#6334=CARTESIAN_POINT('',(29.3,-2.,20.65));
#6335=CARTESIAN_POINT('Origin',(27.3,14.13,20.65));
#6336=CARTESIAN_POINT('',(27.3,6.815,18.18));
#6337=CARTESIAN_POINT('',(27.3,5.315,18.18));
#6338=CARTESIAN_POINT('',(27.3,6.065,18.18));
#6339=CARTESIAN_POINT('',(27.3,5.315,14.18));
#6340=CARTESIAN_POINT('',(27.3,5.315,18.18));
#6341=CARTESIAN_POINT('',(27.3,6.815,14.18));
#6342=CARTESIAN_POINT('',(27.3,5.315,14.18));
#6343=CARTESIAN_POINT('',(27.3,6.815,18.18));
#6344=CARTESIAN_POINT('Origin',(-4.,6.065,19.415));
#6345=CARTESIAN_POINT('',(-4.,14.13,18.18));
#6346=CARTESIAN_POINT('',(-4.,-2.,18.18));
#6347=CARTESIAN_POINT('',(-4.,6.815,18.18));
#6348=CARTESIAN_POINT('',(-4.,-2.,20.65));
#6349=CARTESIAN_POINT('',(-4.,-2.,18.18));
#6350=CARTESIAN_POINT('',(-4.,14.13,20.65));
#6351=CARTESIAN_POINT('',(-4.,-2.,20.65));
#6352=CARTESIAN_POINT('',(-4.,14.13,20.65));
#6353=CARTESIAN_POINT('Origin',(-2.,-2.,20.65));
#6354=CARTESIAN_POINT('',(-2.,5.315,18.18));
#6355=CARTESIAN_POINT('',(-2.,6.815,18.18));
#6356=CARTESIAN_POINT('',(-2.,6.065,18.18));
#6357=CARTESIAN_POINT('',(-2.,6.815,14.18));
#6358=CARTESIAN_POINT('',(-2.,6.815,18.18));
#6359=CARTESIAN_POINT('',(-2.,5.315,14.18));
#6360=CARTESIAN_POINT('',(-2.,5.315,14.18));
#6361=CARTESIAN_POINT('',(-2.,5.315,18.18));
#6362=CARTESIAN_POINT('Origin',(1.59436771445344,2.19394043891604,43.1658749811377));
#6363=CARTESIAN_POINT('',(2.19394043891604,9.93605956108397,21.15));
#6364=CARTESIAN_POINT('',(16.1643406809498,9.93605956108397,26.65));
#6365=CARTESIAN_POINT('Origin',(1.59436771445344,9.93605956108397,43.1658749811377));
#6366=CARTESIAN_POINT('',(2.19394043891604,2.19394043891604,21.15));
#6367=CARTESIAN_POINT('',(2.19394043891604,2.19394043891604,21.15));
#6368=CARTESIAN_POINT('',(16.1643406809498,2.19394043891604,26.65));
#6369=CARTESIAN_POINT('Origin',(1.59436771445344,2.19394043891604,43.1658749811377));
#6370=CARTESIAN_POINT('',(16.1643406809498,2.19394043891604,26.65));
#6371=CARTESIAN_POINT('Origin',(13.8416322184636,2.19394043891604,16.5877600559103));
#6372=CARTESIAN_POINT('',(23.106059561084,9.93605956108397,21.15));
#6373=CARTESIAN_POINT('Origin',(13.8416322184636,9.93605956108397,16.5877600559103));
#6374=CARTESIAN_POINT('',(23.106059561084,2.19394043891604,21.15));
#6375=CARTESIAN_POINT('Origin',(13.8416322184636,2.19394043891604,16.5877600559103));
#6376=CARTESIAN_POINT('',(23.106059561084,2.19394043891604,21.15));
#6377=CARTESIAN_POINT('Origin',(23.106059561084,2.19394043891604,20.65));
#6378=CARTESIAN_POINT('',(23.106059561084,2.19394043891604,20.65));
#6379=CARTESIAN_POINT('',(23.106059561084,2.19394043891604,20.65));
#6380=CARTESIAN_POINT('',(23.106059561084,9.93605956108397,20.65));
#6381=CARTESIAN_POINT('',(23.106059561084,4.12947021945802,20.65));
#6382=CARTESIAN_POINT('',(23.106059561084,9.93605956108397,20.65));
#6383=CARTESIAN_POINT('Origin',(2.19394043891604,2.19394043891604,20.65));
#6384=CARTESIAN_POINT('',(2.19394043891604,2.19394043891604,20.65));
#6385=CARTESIAN_POINT('',(2.19394043891604,2.19394043891604,20.65));
#6386=CARTESIAN_POINT('',(7.42197021945802,2.19394043891604,20.65));
#6387=CARTESIAN_POINT('Origin',(23.106059561084,9.93605956108397,20.65));
#6388=CARTESIAN_POINT('',(2.19394043891604,9.93605956108397,20.65));
#6389=CARTESIAN_POINT('',(17.878029780542,9.93605956108397,20.65));
#6390=CARTESIAN_POINT('',(2.19394043891604,9.93605956108397,20.65));
#6391=CARTESIAN_POINT('Origin',(2.19394043891604,9.93605956108397,20.65));
#6392=CARTESIAN_POINT('',(2.19394043891604,8.00052978054198,20.65));
#6393=CARTESIAN_POINT('Origin',(22.65,0.,0.));
#6394=CARTESIAN_POINT('',(22.65,12.13,0.));
#6395=CARTESIAN_POINT('',(22.65,0.,0.));
#6396=CARTESIAN_POINT('',(22.65,3.0325,0.));
#6397=CARTESIAN_POINT('',(22.65,12.13,-9.));
#6398=CARTESIAN_POINT('',(22.65,12.13,0.));
#6399=CARTESIAN_POINT('',(22.65,0.,-9.));
#6400=CARTESIAN_POINT('',(22.65,0.,-9.));
#6401=CARTESIAN_POINT('',(22.65,0.,0.));
#6402=CARTESIAN_POINT('Origin',(23.65,12.13,0.));
#6403=CARTESIAN_POINT('',(23.65,0.,0.));
#6404=CARTESIAN_POINT('',(23.65,12.13,0.));
#6405=CARTESIAN_POINT('',(23.65,9.0975,0.));
#6406=CARTESIAN_POINT('',(23.65,0.,-9.));
#6407=CARTESIAN_POINT('',(23.65,0.,0.));
#6408=CARTESIAN_POINT('',(23.65,12.13,-9.));
#6409=CARTESIAN_POINT('',(23.65,12.13,-9.));
#6410=CARTESIAN_POINT('',(23.65,12.13,0.));
#6411=CARTESIAN_POINT('Origin',(23.15,6.065,-9.));
#6412=CARTESIAN_POINT('',(23.65,0.,-9.));
#6413=CARTESIAN_POINT('',(22.65,12.13,-9.));
#6414=CARTESIAN_POINT('Origin',(12.65,6.065,0.));
#6415=CARTESIAN_POINT('',(25.3,12.13,0.));
#6416=CARTESIAN_POINT('',(25.3,12.13,0.));
#6417=CARTESIAN_POINT('',(25.3,0.,0.));
#6418=CARTESIAN_POINT('',(25.3,0.,0.));
#6419=CARTESIAN_POINT('',(0.,0.,0.));
#6420=CARTESIAN_POINT('Origin',(12.15,0.,0.));
#6421=CARTESIAN_POINT('',(12.15,12.13,0.));
#6422=CARTESIAN_POINT('',(12.15,0.,0.));
#6423=CARTESIAN_POINT('',(12.15,3.0325,0.));
#6424=CARTESIAN_POINT('',(12.15,12.13,-9.));
#6425=CARTESIAN_POINT('',(12.15,12.13,0.));
#6426=CARTESIAN_POINT('',(12.15,0.,-9.));
#6427=CARTESIAN_POINT('',(12.15,12.13,-9.));
#6428=CARTESIAN_POINT('',(12.15,0.,0.));
#6429=CARTESIAN_POINT('Origin',(13.15,12.13,0.));
#6430=CARTESIAN_POINT('',(13.15,0.,0.));
#6431=CARTESIAN_POINT('',(13.15,12.13,0.));
#6432=CARTESIAN_POINT('',(13.15,9.0975,0.));
#6433=CARTESIAN_POINT('',(13.15,0.,-9.));
#6434=CARTESIAN_POINT('',(13.15,0.,0.));
#6435=CARTESIAN_POINT('',(13.15,12.13,-9.));
#6436=CARTESIAN_POINT('',(13.15,0.,-9.));
#6437=CARTESIAN_POINT('',(13.15,12.13,0.));
#6438=CARTESIAN_POINT('Origin',(12.65,6.065,-9.));
#6439=CARTESIAN_POINT('',(13.15,12.13,-9.));
#6440=CARTESIAN_POINT('',(12.15,0.,-9.));
#6441=CARTESIAN_POINT('Origin',(12.65,6.065,0.));
#6442=CARTESIAN_POINT('',(0.,0.,0.));
#6443=CARTESIAN_POINT('',(0.,0.,0.));
#6444=CARTESIAN_POINT('',(0.,12.13,0.));
#6445=CARTESIAN_POINT('',(0.,12.13,0.));
#6446=CARTESIAN_POINT('',(25.3,12.13,0.));
#6447=CARTESIAN_POINT('Origin',(12.65,6.065,0.));
#6448=CARTESIAN_POINT('',(0.,0.,0.));
#6449=CARTESIAN_POINT('',(25.3,12.13,0.));
#6450=CARTESIAN_POINT('Origin',(-2.,6.815,18.18));
#6451=CARTESIAN_POINT('',(0.,6.815,18.18));
#6452=CARTESIAN_POINT('',(5.325,6.815,18.18));
#6453=CARTESIAN_POINT('',(0.,6.815,14.18));
#6454=CARTESIAN_POINT('',(0.,6.815,9.09));
#6455=CARTESIAN_POINT('',(-2.,6.815,14.18));
#6456=CARTESIAN_POINT('Origin',(0.,5.315,18.18));
#6457=CARTESIAN_POINT('',(0.,5.315,18.18));
#6458=CARTESIAN_POINT('',(6.325,5.315,18.18));
#6459=CARTESIAN_POINT('',(0.,5.315,14.18));
#6460=CARTESIAN_POINT('',(0.,5.315,14.18));
#6461=CARTESIAN_POINT('',(0.,5.315,9.09));
#6462=CARTESIAN_POINT('Origin',(-1.,6.065,14.18));
#6463=CARTESIAN_POINT('',(0.,9.0975,14.18));
#6464=CARTESIAN_POINT('Origin',(0.,12.13,0.));
#6465=CARTESIAN_POINT('',(0.,12.13,18.18));
#6466=CARTESIAN_POINT('',(0.,9.0975,18.18));
#6467=CARTESIAN_POINT('',(0.,12.13,0.));
#6468=CARTESIAN_POINT('',(0.,0.,18.18));
#6469=CARTESIAN_POINT('',(0.,0.,0.));
#6470=CARTESIAN_POINT('',(0.,9.0975,18.18));
#6471=CARTESIAN_POINT('Origin',(27.3,5.315,18.18));
#6472=CARTESIAN_POINT('',(25.3,5.315,18.18));
#6473=CARTESIAN_POINT('',(19.975,5.315,18.18));
#6474=CARTESIAN_POINT('',(25.3,5.315,14.18));
#6475=CARTESIAN_POINT('',(25.3,5.315,9.09));
#6476=CARTESIAN_POINT('',(0.,5.315,14.18));
#6477=CARTESIAN_POINT('Origin',(25.3,6.815,18.18));
#6478=CARTESIAN_POINT('',(25.3,6.815,18.18));
#6479=CARTESIAN_POINT('',(18.975,6.815,18.18));
#6480=CARTESIAN_POINT('',(25.3,6.815,14.18));
#6481=CARTESIAN_POINT('',(27.3,6.815,14.18));
#6482=CARTESIAN_POINT('',(25.3,6.815,9.09));
#6483=CARTESIAN_POINT('Origin',(26.3,6.065,14.18));
#6484=CARTESIAN_POINT('',(25.3,3.0325,14.18));
#6485=CARTESIAN_POINT('Origin',(25.3,0.,0.));
#6486=CARTESIAN_POINT('',(25.3,0.,18.18));
#6487=CARTESIAN_POINT('',(25.3,3.0325,18.18));
#6488=CARTESIAN_POINT('',(25.3,0.,0.));
#6489=CARTESIAN_POINT('',(25.3,12.13,18.18));
#6490=CARTESIAN_POINT('',(25.3,12.13,0.));
#6491=CARTESIAN_POINT('',(25.3,3.0325,18.18));
#6492=CARTESIAN_POINT('Origin',(27.3,-2.,20.65));
#6493=CARTESIAN_POINT('',(-2.,-2.,20.65));
#6494=CARTESIAN_POINT('',(27.3,-2.,18.18));
#6495=CARTESIAN_POINT('Origin',(-2.,14.13,20.65));
#6496=CARTESIAN_POINT('',(-2.,14.13,20.65));
#6497=CARTESIAN_POINT('',(-2.,14.13,18.18));
#6498=CARTESIAN_POINT('Origin',(12.65,6.065,18.18));
#6499=CARTESIAN_POINT('',(18.975,12.13,18.18));
#6500=CARTESIAN_POINT('',(6.325,0.,18.18));
#6501=CARTESIAN_POINT('Origin',(0.,0.,0.));
#6502=CARTESIAN_POINT('Origin',(25.3,12.13,0.));
#6503=CARTESIAN_POINT('Origin',(12.65,6.065,20.65));
#6504=CARTESIAN_POINT('',(0.,0.,0.));
#6505=CARTESIAN_POINT('Origin',(-0.92039295382371,-8.,1.21980238968031));
#6506=CARTESIAN_POINT('',(7.28278957304604,3.31073647920397,4.73544169450506));
#6507=CARTESIAN_POINT('',(8.00000011920929,0.,1.50000002235174));
#6508=CARTESIAN_POINT('Ctrl Pts',(7.28278957304604,3.31073647920397,4.73544169450506));
#6509=CARTESIAN_POINT('Ctrl Pts',(7.38524788877193,3.08535389193754,4.49637158735793));
#6510=CARTESIAN_POINT('Ctrl Pts',(7.4741929032545,2.86182169729203,4.25984812317877));
#6511=CARTESIAN_POINT('Ctrl Pts',(7.71966091560858,2.16064518162666,3.51971024827284));
#6512=CARTESIAN_POINT('Ctrl Pts',(7.8323585782377,1.68487502268192,3.01938307792262));
#6513=CARTESIAN_POINT('Ctrl Pts',(7.9339196466266,1.04837057332727,2.36101982440329));
#6514=CARTESIAN_POINT('Ctrl Pts',(7.95751342367936,0.845898506615935,2.15290326544555));
#6515=CARTESIAN_POINT('Ctrl Pts',(7.98123381276187,0.556145558975867,1.86938539341192));
#6516=CARTESIAN_POINT('Ctrl Pts',(7.98716275979444,0.463468374350732,1.78052752996903));
#6517=CARTESIAN_POINT('Ctrl Pts',(7.9938784879,0.316723594963132,1.65504123571495));
#6518=CARTESIAN_POINT('Ctrl Pts',(7.99570758822354,0.267925965690759,1.61531062879332));
#6519=CARTESIAN_POINT('Ctrl Pts',(7.99792842604717,0.184170526390641,1.56010855358598));
#6520=CARTESIAN_POINT('Ctrl Pts',(7.99857197907845,0.154882943374879,1.54261403737403));
#6521=CARTESIAN_POINT('Ctrl Pts',(7.99959508187929,0.0872961013695422,1.51298599124544));
#6522=CARTESIAN_POINT('Ctrl Pts',(8.,0.0493724345821859,1.50000381748199));
#6523=CARTESIAN_POINT('Ctrl Pts',(8.,0.,1.50000381748199));
#6524=CARTESIAN_POINT('',(7.28278957304604,-3.31073647920397,4.73544169450506));
#6525=CARTESIAN_POINT('',(7.28278957304604,-8.,4.73544169450506));
#6526=CARTESIAN_POINT('Ctrl Pts',(8.,0.,1.50000381748199));
#6527=CARTESIAN_POINT('Ctrl Pts',(8.,-0.0493724345821872,1.50000381748199));
#6528=CARTESIAN_POINT('Ctrl Pts',(7.99959508187929,-0.0872961013695438,
1.51298599124544));
#6529=CARTESIAN_POINT('Ctrl Pts',(7.99857197907845,-0.15488294337488,1.54261403737403));
#6530=CARTESIAN_POINT('Ctrl Pts',(7.99792842604717,-0.18417052639064,1.56010855358598));
#6531=CARTESIAN_POINT('Ctrl Pts',(7.99570758822354,-0.267925965690756,1.61531062879332));
#6532=CARTESIAN_POINT('Ctrl Pts',(7.9938784879,-0.316723594963128,1.65504123571496));
#6533=CARTESIAN_POINT('Ctrl Pts',(7.98716275979444,-0.463468374350727,1.78052752996904));
#6534=CARTESIAN_POINT('Ctrl Pts',(7.98123381276187,-0.556145558975877,1.86938539341192));
#6535=CARTESIAN_POINT('Ctrl Pts',(7.95751342367936,-0.845898506615944,2.15290326544555));
#6536=CARTESIAN_POINT('Ctrl Pts',(7.9339196466266,-1.04837057332727,2.36101982440329));
#6537=CARTESIAN_POINT('Ctrl Pts',(7.8323585782377,-1.68487502268192,3.01938307792262));
#6538=CARTESIAN_POINT('Ctrl Pts',(7.71966091560858,-2.16064518162666,3.51971024827285));
#6539=CARTESIAN_POINT('Ctrl Pts',(7.4741929032545,-2.86182169729203,4.25984812317877));
#6540=CARTESIAN_POINT('Ctrl Pts',(7.38524788877193,-3.08535389193754,4.49637158735793));
#6541=CARTESIAN_POINT('Ctrl Pts',(7.28278957304604,-3.31073647920397,4.73544169450506));
#6542=CARTESIAN_POINT('Origin',(0.92039295382371,-8.,1.21980238968031));
#6543=CARTESIAN_POINT('',(-8.,-9.79717439317883E-16,1.5));
#6544=CARTESIAN_POINT('',(-7.28278957304603,3.31073647920398,4.73544169450507));
#6545=CARTESIAN_POINT('Ctrl Pts',(-8.,-1.30104260698261E-17,1.50000381748199));
#6546=CARTESIAN_POINT('Ctrl Pts',(-8.,0.0493724345821874,1.50000381748199));
#6547=CARTESIAN_POINT('Ctrl Pts',(-7.99959508187929,0.0872961013695439,
1.51298599124544));
#6548=CARTESIAN_POINT('Ctrl Pts',(-7.99857197907845,0.15488294337488,1.54261403737403));
#6549=CARTESIAN_POINT('Ctrl Pts',(-7.99792842604717,0.18417052639064,1.56010855358598));
#6550=CARTESIAN_POINT('Ctrl Pts',(-7.99570758822354,0.267925965690757,1.61531062879332));
#6551=CARTESIAN_POINT('Ctrl Pts',(-7.9938784879,0.316723594963129,1.65504123571496));
#6552=CARTESIAN_POINT('Ctrl Pts',(-7.98716275979444,0.463468374350728,1.78052752996904));
#6553=CARTESIAN_POINT('Ctrl Pts',(-7.98123381276187,0.556145558975877,1.86938539341192));
#6554=CARTESIAN_POINT('Ctrl Pts',(-7.95751342367936,0.845898506615944,2.15290326544555));
#6555=CARTESIAN_POINT('Ctrl Pts',(-7.9339196466266,1.04837057332727,2.36101982440329));
#6556=CARTESIAN_POINT('Ctrl Pts',(-7.8323585782377,1.68487502268192,3.01938307792262));
#6557=CARTESIAN_POINT('Ctrl Pts',(-7.71966091560858,2.16064518162666,3.51971024827285));
#6558=CARTESIAN_POINT('Ctrl Pts',(-7.4741929032545,2.86182169729203,4.25984812317878));
#6559=CARTESIAN_POINT('Ctrl Pts',(-7.38524788877193,3.08535389193754,4.49637158735794));
#6560=CARTESIAN_POINT('Ctrl Pts',(-7.28278957304603,3.31073647920398,4.73544169450507));
#6561=CARTESIAN_POINT('',(-7.28278957304603,-3.31073647920398,4.73544169450507));
#6562=CARTESIAN_POINT('Ctrl Pts',(-7.28278957304603,-3.31073647920398,4.73544169450507));
#6563=CARTESIAN_POINT('Ctrl Pts',(-7.38524788877193,-3.08535389193754,4.49637158735793));
#6564=CARTESIAN_POINT('Ctrl Pts',(-7.4741929032545,-2.86182169729203,4.25984812317877));
#6565=CARTESIAN_POINT('Ctrl Pts',(-7.71966091560858,-2.16064518162666,3.51971024827284));
#6566=CARTESIAN_POINT('Ctrl Pts',(-7.8323585782377,-1.68487502268192,3.01938307792262));
#6567=CARTESIAN_POINT('Ctrl Pts',(-7.9339196466266,-1.04837057332727,2.36101982440329));
#6568=CARTESIAN_POINT('Ctrl Pts',(-7.95751342367936,-0.845898506615935,
2.15290326544555));
#6569=CARTESIAN_POINT('Ctrl Pts',(-7.98123381276187,-0.556145558975868,
1.86938539341192));
#6570=CARTESIAN_POINT('Ctrl Pts',(-7.98716275979444,-0.463468374350734,
1.78052752996903));
#6571=CARTESIAN_POINT('Ctrl Pts',(-7.9938784879,-0.316723594963134,1.65504123571495));
#6572=CARTESIAN_POINT('Ctrl Pts',(-7.99570758822354,-0.267925965690759,
1.61531062879332));
#6573=CARTESIAN_POINT('Ctrl Pts',(-7.99792842604717,-0.184170526390643,
1.56010855358598));
#6574=CARTESIAN_POINT('Ctrl Pts',(-7.99857197907845,-0.154882943374883,
1.54261403737403));
#6575=CARTESIAN_POINT('Ctrl Pts',(-7.99959508187929,-0.0872961013695445,
1.51298599124544));
#6576=CARTESIAN_POINT('Ctrl Pts',(-8.,-0.0493724345821874,1.50000381748199));
#6577=CARTESIAN_POINT('Ctrl Pts',(-8.,-1.30104260698261E-17,1.50000381748199));
#6578=CARTESIAN_POINT('',(-7.28278957304603,-8.,4.73544169450507));
#6579=CARTESIAN_POINT('Origin',(1.77635683940025E-14,-8.,25.5833337145548));
#6580=CARTESIAN_POINT('Ctrl Pts',(-7.28278957304603,3.31073647920398,4.73544169450507));
#6581=CARTESIAN_POINT('Ctrl Pts',(-6.87773947931088,4.20174505622155,4.59394563359019));
#6582=CARTESIAN_POINT('Ctrl Pts',(-6.30529643854423,5.00841206044053,4.40865855645711));
#6583=CARTESIAN_POINT('Ctrl Pts',(-4.95195112041203,6.36175737857273,4.05002025597856));
#6584=CARTESIAN_POINT('Ctrl Pts',(-4.05845956242041,6.97606684944812,3.85339030206964));
#6585=CARTESIAN_POINT('Ctrl Pts',(-2.08994313576252,7.79543084919359,3.57666035298365));
#6586=CARTESIAN_POINT('Ctrl Pts',(-1.01423428295256,8.,3.50000005215406));
#6587=CARTESIAN_POINT('Ctrl Pts',(1.01423428295255,8.,3.50000005215406));
#6588=CARTESIAN_POINT('Ctrl Pts',(2.08994313576252,7.7954308491936,3.57666035298365));
#6589=CARTESIAN_POINT('Ctrl Pts',(4.05845956242041,6.97606684944813,3.85339030206964));
#6590=CARTESIAN_POINT('Ctrl Pts',(4.95195112041203,6.36175737857273,4.05002025597855));
#6591=CARTESIAN_POINT('Ctrl Pts',(6.30529643854424,5.00841206044052,4.4086585564571));
#6592=CARTESIAN_POINT('Ctrl Pts',(6.87773947931089,4.20174505622154,4.59394563359018));
#6593=CARTESIAN_POINT('Ctrl Pts',(7.28278957304604,3.31073647920397,4.73544169450506));
#6594=CARTESIAN_POINT('',(0.,-8.,3.50000005215406));
#6595=CARTESIAN_POINT('Ctrl Pts',(5.55111512312578E-16,-8.,3.50000005215406));
#6596=CARTESIAN_POINT('Ctrl Pts',(-1.01423428295255,-8.,3.50000005215406));
#6597=CARTESIAN_POINT('Ctrl Pts',(-2.08994313576252,-7.79543084919359,3.57666035298365));
#6598=CARTESIAN_POINT('Ctrl Pts',(-4.05845956242041,-6.97606684944812,3.85339030206964));
#6599=CARTESIAN_POINT('Ctrl Pts',(-4.95195112041203,-6.36175737857273,4.05002025597856));
#6600=CARTESIAN_POINT('Ctrl Pts',(-6.30529643854423,-5.00841206044053,4.40865855645711));
#6601=CARTESIAN_POINT('Ctrl Pts',(-6.87773947931088,-4.20174505622155,4.59394563359019));
#6602=CARTESIAN_POINT('Ctrl Pts',(-7.28278957304603,-3.31073647920398,4.73544169450507));
#6603=CARTESIAN_POINT('Ctrl Pts',(7.28278957304604,-3.31073647920397,4.73544169450506));
#6604=CARTESIAN_POINT('Ctrl Pts',(6.87773947931089,-4.20174505622154,4.59394563359018));
#6605=CARTESIAN_POINT('Ctrl Pts',(6.30529643854424,-5.00841206044052,4.4086585564571));
#6606=CARTESIAN_POINT('Ctrl Pts',(4.95195112041203,-6.36175737857273,4.05002025597855));
#6607=CARTESIAN_POINT('Ctrl Pts',(4.05845956242041,-6.97606684944812,3.85339030206964));
#6608=CARTESIAN_POINT('Ctrl Pts',(2.08994313576252,-7.79543084919359,3.57666035298365));
#6609=CARTESIAN_POINT('Ctrl Pts',(1.01423428295256,-8.,3.50000005215406));
#6610=CARTESIAN_POINT('Ctrl Pts',(1.11022302462516E-15,-8.,3.50000005215406));
#6611=CARTESIAN_POINT('Origin',(0.,0.,1.5));
#6612=CARTESIAN_POINT('',(-11.275,-1.38078926603864E-15,1.5));
#6613=CARTESIAN_POINT('Origin',(0.,0.,1.5));
#6614=CARTESIAN_POINT('Origin',(0.,0.,1.5));
#6615=CARTESIAN_POINT('Origin',(0.,0.,1.5));
#6616=CARTESIAN_POINT('Origin',(0.,0.,0.));
#6617=CARTESIAN_POINT('Origin',(1.,-10.1257407136466,0.));
#6618=CARTESIAN_POINT('',(1.,-10.925,0.));
#6619=CARTESIAN_POINT('',(1.,-10.1257407136466,0.));
#6620=CARTESIAN_POINT('',(1.,-5.06287035682329,0.));
#6621=CARTESIAN_POINT('',(1.,-10.925,-13.));
#6622=CARTESIAN_POINT('',(1.,-10.925,0.));
#6623=CARTESIAN_POINT('',(1.,-10.1257407136466,-13.));
#6624=CARTESIAN_POINT('',(1.,-9.425,-13.));
#6625=CARTESIAN_POINT('',(1.,-10.1257407136466,0.));
#6626=CARTESIAN_POINT('Origin',(-1.,-10.925,0.));
#6627=CARTESIAN_POINT('',(-1.,-10.1257407136466,0.));
#6628=CARTESIAN_POINT('',(-1.,-10.925,0.));
#6629=CARTESIAN_POINT('',(-1.,-5.4625,0.));
#6630=CARTESIAN_POINT('',(-1.,-10.1257407136466,-13.));
#6631=CARTESIAN_POINT('',(-1.,-10.1257407136466,0.));
#6632=CARTESIAN_POINT('',(-1.,-10.925,-13.));
#6633=CARTESIAN_POINT('',(-1.,-10.925,-13.));
#6634=CARTESIAN_POINT('',(-1.,-10.925,0.));
#6635=CARTESIAN_POINT('Origin',(1.,-10.925,0.));
#6636=CARTESIAN_POINT('',(0.5,-10.925,0.));
#6637=CARTESIAN_POINT('',(1.,-10.925,-13.));
#6638=CARTESIAN_POINT('Origin',(5.55111512312578E-16,-10.5253703568233,
-13.));
#6639=CARTESIAN_POINT('Origin',(0.,0.,-13.));
#6640=CARTESIAN_POINT('Origin',(0.,0.,0.));
#6641=CARTESIAN_POINT('',(-11.275,-1.38078926603864E-15,0.));
#6642=CARTESIAN_POINT('Origin',(0.,0.,0.));
#6643=CARTESIAN_POINT('',(-10.175,1.24607811813243E-15,0.));
#6644=CARTESIAN_POINT('Origin',(0.,0.,0.));
#6645=CARTESIAN_POINT('Origin',(0.,0.,0.));
#6646=CARTESIAN_POINT('Origin',(7.50000011920929,4.,-15.5));
#6647=CARTESIAN_POINT('',(8.50000011920929,4.,-15.5));
#6648=CARTESIAN_POINT('',(7.50000011920929,4.,-15.5));
#6649=CARTESIAN_POINT('',(3.75000005960464,4.,-15.5));
#6650=CARTESIAN_POINT('',(8.50000011920929,4.,-23.5));
#6651=CARTESIAN_POINT('',(8.50000011920929,4.,-15.5));
#6652=CARTESIAN_POINT('',(7.50000011920929,4.,-23.5));
#6653=CARTESIAN_POINT('',(7.50000011920929,4.,-23.5));
#6654=CARTESIAN_POINT('',(7.50000011920929,4.,-15.5));
#6655=CARTESIAN_POINT('Origin',(7.50000011920929,-4.,-15.5));
#6656=CARTESIAN_POINT('',(7.50000011920929,-4.,-15.5));
#6657=CARTESIAN_POINT('',(7.50000011920929,-2.,-15.5));
#6658=CARTESIAN_POINT('',(7.50000011920929,-4.,-23.5));
#6659=CARTESIAN_POINT('',(7.50000011920929,-4.,-23.5));
#6660=CARTESIAN_POINT('',(7.50000011920929,-4.,-15.5));
#6661=CARTESIAN_POINT('Origin',(8.50000011920929,-4.,-15.5));
#6662=CARTESIAN_POINT('',(8.50000011920929,-4.,-15.5));
#6663=CARTESIAN_POINT('',(4.25000005960464,-4.,-15.5));
#6664=CARTESIAN_POINT('',(8.50000011920929,-4.,-23.5));
#6665=CARTESIAN_POINT('',(8.50000011920929,-4.,-23.5));
#6666=CARTESIAN_POINT('',(8.50000011920929,-4.,-15.5));
#6667=CARTESIAN_POINT('Origin',(8.50000011920929,4.,-15.5));
#6668=CARTESIAN_POINT('',(8.50000011920929,2.,-15.5));
#6669=CARTESIAN_POINT('',(8.50000011920929,4.,-23.5));
#6670=CARTESIAN_POINT('Origin',(8.00000011920929,0.,-23.5));
#6671=CARTESIAN_POINT('Origin',(-0.5,4.,-15.5));
#6672=CARTESIAN_POINT('',(0.5,4.,-15.5));
#6673=CARTESIAN_POINT('',(-0.5,4.,-15.5));
#6674=CARTESIAN_POINT('',(-0.25,4.,-15.5));
#6675=CARTESIAN_POINT('',(0.5,4.,-23.5));
#6676=CARTESIAN_POINT('',(0.5,4.,-15.5));
#6677=CARTESIAN_POINT('',(-0.5,4.,-23.5));
#6678=CARTESIAN_POINT('',(-0.5,4.,-23.5));
#6679=CARTESIAN_POINT('',(-0.5,4.,-15.5));
#6680=CARTESIAN_POINT('Origin',(-0.5,-4.,-15.5));
#6681=CARTESIAN_POINT('',(-0.5,-4.,-15.5));
#6682=CARTESIAN_POINT('',(-0.5,-2.,-15.5));
#6683=CARTESIAN_POINT('',(-0.5,-4.,-23.5));
#6684=CARTESIAN_POINT('',(-0.5,-4.,-23.5));
#6685=CARTESIAN_POINT('',(-0.5,-4.,-15.5));
#6686=CARTESIAN_POINT('Origin',(0.5,-4.,-15.5));
#6687=CARTESIAN_POINT('',(0.5,-4.,-15.5));
#6688=CARTESIAN_POINT('',(0.25,-4.,-15.5));
#6689=CARTESIAN_POINT('',(0.5,-4.,-23.5));
#6690=CARTESIAN_POINT('',(0.5,-4.,-23.5));
#6691=CARTESIAN_POINT('',(0.5,-4.,-15.5));
#6692=CARTESIAN_POINT('Origin',(0.5,4.,-15.5));
#6693=CARTESIAN_POINT('',(0.5,2.,-15.5));
#6694=CARTESIAN_POINT('',(0.5,4.,-23.5));
#6695=CARTESIAN_POINT('Origin',(0.,0.,-23.5));
#6696=CARTESIAN_POINT('Origin',(-8.50000011920929,4.,-15.5));
#6697=CARTESIAN_POINT('',(-7.50000011920929,4.,-15.5));
#6698=CARTESIAN_POINT('',(-8.50000011920929,4.,-15.5));
#6699=CARTESIAN_POINT('',(-4.25000005960464,4.,-15.5));
#6700=CARTESIAN_POINT('',(-7.50000011920929,4.,-23.5));
#6701=CARTESIAN_POINT('',(-7.50000011920929,4.,-15.5));
#6702=CARTESIAN_POINT('',(-8.50000011920929,4.,-23.5));
#6703=CARTESIAN_POINT('',(-8.50000011920929,4.,-23.5));
#6704=CARTESIAN_POINT('',(-8.50000011920929,4.,-15.5));
#6705=CARTESIAN_POINT('Origin',(-8.50000011920929,-4.,-15.5));
#6706=CARTESIAN_POINT('',(-8.50000011920929,-4.,-15.5));
#6707=CARTESIAN_POINT('',(-8.50000011920929,-2.,-15.5));
#6708=CARTESIAN_POINT('',(-8.50000011920929,-4.,-23.5));
#6709=CARTESIAN_POINT('',(-8.50000011920929,-4.,-23.5));
#6710=CARTESIAN_POINT('',(-8.50000011920929,-4.,-15.5));
#6711=CARTESIAN_POINT('Origin',(-7.50000011920929,-4.,-15.5));
#6712=CARTESIAN_POINT('',(-7.50000011920929,-4.,-15.5));
#6713=CARTESIAN_POINT('',(-3.75000005960464,-4.,-15.5));
#6714=CARTESIAN_POINT('',(-7.50000011920929,-4.,-23.5));
#6715=CARTESIAN_POINT('',(-7.50000011920929,-4.,-23.5));
#6716=CARTESIAN_POINT('',(-7.50000011920929,-4.,-15.5));
#6717=CARTESIAN_POINT('Origin',(-7.50000011920929,4.,-15.5));
#6718=CARTESIAN_POINT('',(-7.50000011920929,2.,-15.5));
#6719=CARTESIAN_POINT('',(-7.50000011920929,4.,-23.5));
#6720=CARTESIAN_POINT('Origin',(-8.00000011920929,0.,-23.5));
#6721=CARTESIAN_POINT('Origin',(0.,0.,0.));
#6722=CARTESIAN_POINT('Origin',(0.,0.,0.));
#6723=CARTESIAN_POINT('',(-11.275,-1.38078926603864E-15,0.));
#6724=CARTESIAN_POINT('Origin',(0.,0.,0.));
#6725=CARTESIAN_POINT('',(-10.175,-1.24607811813243E-15,-15.5));
#6726=CARTESIAN_POINT('Origin',(0.,0.,-15.5));
#6727=CARTESIAN_POINT('',(-10.175,1.24607811813243E-15,0.));
#6728=CARTESIAN_POINT('Origin',(0.,0.,-15.5));
#6729=CARTESIAN_POINT('',(0.,0.,0.));
#6730=CARTESIAN_POINT('Origin',(-21.,10.,8.));
#6731=CARTESIAN_POINT('',(-21.,6.00000008940697,8.));
#6732=CARTESIAN_POINT('Origin',(-21.,10.,8.));
#6733=CARTESIAN_POINT('Origin',(-21.,10.,8.));
#6734=CARTESIAN_POINT('',(-24.,15.3881640212663,8.));
#6735=CARTESIAN_POINT('Origin',(-24.,10.,8.));
#6736=CARTESIAN_POINT('',(-21.,15.3881640212663,8.));
#6737=CARTESIAN_POINT('',(-21.,15.3881640212663,8.));
#6738=CARTESIAN_POINT('Origin',(-21.,10.,8.));
#6739=CARTESIAN_POINT('Origin',(-24.,10.,8.));
#6740=CARTESIAN_POINT('Origin',(0.,10.,8.));
#6741=CARTESIAN_POINT('',(10.7,4.65,8.));
#6742=CARTESIAN_POINT('Origin',(10.7,10.,8.));
#6743=CARTESIAN_POINT('',(0.,4.65,8.));
#6744=CARTESIAN_POINT('',(0.,4.65,8.));
#6745=CARTESIAN_POINT('Origin',(0.,10.,8.));
#6746=CARTESIAN_POINT('Origin',(10.7,10.,8.));
#6747=CARTESIAN_POINT('',(10.7,6.00000008940697,8.));
#6748=CARTESIAN_POINT('Origin',(10.7,10.,8.));
#6749=CARTESIAN_POINT('Origin',(0.,10.,8.));
#6750=CARTESIAN_POINT('',(0.,6.00000008940697,8.));
#6751=CARTESIAN_POINT('Origin',(0.,0.,8.));
#6752=CARTESIAN_POINT('',(0.,2.5,8.));
#6753=CARTESIAN_POINT('',(0.,0.,8.));
#6754=CARTESIAN_POINT('',(0.,20.,8.));
#6755=CARTESIAN_POINT('',(-21.,2.5,8.));
#6756=CARTESIAN_POINT('',(0.,2.5,8.));
#6757=CARTESIAN_POINT('',(-21.,0.,8.));
#6758=CARTESIAN_POINT('',(-21.,20.,8.));
#6759=CARTESIAN_POINT('',(0.,0.,8.));
#6760=CARTESIAN_POINT('Origin',(0.,0.,0.));
#6761=CARTESIAN_POINT('',(0.,0.,0.));
#6762=CARTESIAN_POINT('',(0.,0.,8.));
#6763=CARTESIAN_POINT('',(-21.,0.,0.));
#6764=CARTESIAN_POINT('',(-21.,0.,8.));
#6765=CARTESIAN_POINT('',(0.,0.,0.));
#6766=CARTESIAN_POINT('Origin',(0.,20.,0.));
#6767=CARTESIAN_POINT('',(0.,20.,0.));
#6768=CARTESIAN_POINT('',(0.,0.,0.));
#6769=CARTESIAN_POINT('',(-21.,20.,0.));
#6770=CARTESIAN_POINT('',(-21.,0.,0.));
#6771=CARTESIAN_POINT('',(0.,20.,0.));
#6772=CARTESIAN_POINT('Origin',(0.,20.,8.));
#6773=CARTESIAN_POINT('',(0.,20.,8.));
#6774=CARTESIAN_POINT('',(0.,20.,0.));
#6775=CARTESIAN_POINT('',(-21.,20.,8.));
#6776=CARTESIAN_POINT('',(-21.,20.,0.));
#6777=CARTESIAN_POINT('',(0.,20.,8.));
#6778=CARTESIAN_POINT('Origin',(0.,17.5,8.));
#6779=CARTESIAN_POINT('',(0.,17.5,8.));
#6780=CARTESIAN_POINT('',(0.,20.,8.));
#6781=CARTESIAN_POINT('',(-21.,17.5,8.));
#6782=CARTESIAN_POINT('',(-21.,20.,8.));
#6783=CARTESIAN_POINT('',(0.,17.5,8.));
#6784=CARTESIAN_POINT('Origin',(0.,10.,8.));
#6785=CARTESIAN_POINT('Origin',(0.,10.,8.));
#6786=CARTESIAN_POINT('Origin',(-21.,10.,8.));
#6787=CARTESIAN_POINT('Origin',(0.,10.,7.75));
#6788=CARTESIAN_POINT('Origin',(-21.,10.,7.75));
#6789=CARTESIAN_POINT('',(0.,0.,0.));
#6790=CARTESIAN_POINT('Origin',(30.68,9.38770863269726,0.));
#6791=CARTESIAN_POINT('',(30.68,5.,0.));
#6792=CARTESIAN_POINT('',(30.68,9.38770863269726,0.));
#6793=CARTESIAN_POINT('',(30.68,10.2938543163486,0.));
#6794=CARTESIAN_POINT('',(30.68,5.,-16.));
#6795=CARTESIAN_POINT('',(30.68,5.,0.));
#6796=CARTESIAN_POINT('',(30.68,9.38770863269726,-16.));
#6797=CARTESIAN_POINT('',(30.68,5.,-16.));
#6798=CARTESIAN_POINT('',(30.68,9.38770863269726,0.));
#6799=CARTESIAN_POINT('Origin',(35.34,11.2,0.));
#6800=CARTESIAN_POINT('',(30.68,13.0122913673027,0.));
#6801=CARTESIAN_POINT('Origin',(35.34,11.2,0.));
#6802=CARTESIAN_POINT('',(30.68,13.0122913673027,-16.));
#6803=CARTESIAN_POINT('Origin',(35.34,11.2,-16.));
#6804=CARTESIAN_POINT('',(30.68,13.0122913673027,0.));
#6805=CARTESIAN_POINT('Origin',(30.68,17.4,0.));
#6806=CARTESIAN_POINT('',(30.68,17.4,0.));
#6807=CARTESIAN_POINT('',(30.68,14.3,0.));
#6808=CARTESIAN_POINT('',(30.68,17.4,-16.));
#6809=CARTESIAN_POINT('',(30.68,5.,-16.));
#6810=CARTESIAN_POINT('',(30.68,17.4,0.));
#6811=CARTESIAN_POINT('Origin',(5.55111512312578E-16,13.0122913673027,0.));
#6812=CARTESIAN_POINT('',(5.55111512312578E-16,17.4,0.));
#6813=CARTESIAN_POINT('',(5.55111512312578E-16,13.0122913673027,0.));
#6814=CARTESIAN_POINT('',(0.,12.1061456836514,0.));
#6815=CARTESIAN_POINT('',(5.55111512312578E-16,17.4,-16.));
#6816=CARTESIAN_POINT('',(5.55111512312578E-16,17.4,0.));
#6817=CARTESIAN_POINT('',(5.55111512312578E-16,13.0122913673027,-16.));
#6818=CARTESIAN_POINT('',(5.55111512312578E-16,17.4,-16.));
#6819=CARTESIAN_POINT('',(5.55111512312578E-16,13.0122913673027,0.));
#6820=CARTESIAN_POINT('Origin',(-4.66,11.2,0.));
#6821=CARTESIAN_POINT('',(5.55111512312578E-16,9.38770863269727,0.));
#6822=CARTESIAN_POINT('Origin',(-4.66,11.2,0.));
#6823=CARTESIAN_POINT('',(5.55111512312578E-16,9.38770863269727,-16.));
#6824=CARTESIAN_POINT('Origin',(-4.66,11.2,-16.));
#6825=CARTESIAN_POINT('',(5.55111512312578E-16,9.38770863269727,0.));
#6826=CARTESIAN_POINT('Origin',(5.55111512312578E-16,5.,0.));
#6827=CARTESIAN_POINT('',(5.55111512312578E-16,5.,0.));
#6828=CARTESIAN_POINT('',(0.,8.1,0.));
#6829=CARTESIAN_POINT('',(5.55111512312578E-16,5.,-16.));
#6830=CARTESIAN_POINT('',(5.55111512312578E-16,17.4,-16.));
#6831=CARTESIAN_POINT('',(5.55111512312578E-16,5.,0.));
#6832=CARTESIAN_POINT('Origin',(15.34,11.2,-16.));
#6833=CARTESIAN_POINT('',(5.,22.4,-16.));
#6834=CARTESIAN_POINT('Origin',(5.,17.4,-16.));
#6835=CARTESIAN_POINT('',(25.68,22.4,-16.));
#6836=CARTESIAN_POINT('',(25.68,22.4,-16.));
#6837=CARTESIAN_POINT('Origin',(25.68,17.4,-16.));
#6838=CARTESIAN_POINT('',(25.68,0.,-16.));
#6839=CARTESIAN_POINT('Origin',(25.68,5.,-16.));
#6840=CARTESIAN_POINT('',(5.,0.,-16.));
#6841=CARTESIAN_POINT('',(5.,0.,-16.));
#6842=CARTESIAN_POINT('Origin',(4.99999999999999,4.99999999999999,-16.));
#6843=CARTESIAN_POINT('Origin',(15.34,11.2,0.));
#6844=CARTESIAN_POINT('',(1.46446609406726,20.9355339059327,0.));
#6845=CARTESIAN_POINT('Origin',(5.,17.4,0.));
#6846=CARTESIAN_POINT('',(1.46446609406726,1.46446609406726,0.));
#6847=CARTESIAN_POINT('Origin',(4.99999999999999,4.99999999999999,0.));
#6848=CARTESIAN_POINT('',(-7.31398784806386,6.96250681388991,0.));
#6849=CARTESIAN_POINT('',(-7.31398784806386,6.96250681388991,0.));
#6850=CARTESIAN_POINT('',(-7.31398784806387,15.4374931861101,0.));
#6851=CARTESIAN_POINT('Origin',(-4.66,11.2,0.));
#6852=CARTESIAN_POINT('',(-7.31398784806387,15.4374931861101,0.));
#6853=CARTESIAN_POINT('',(-6.46,11.2,0.));
#6854=CARTESIAN_POINT('Origin',(-4.66,11.2,0.));
#6855=CARTESIAN_POINT('Origin',(35.34,11.2,0.));
#6856=CARTESIAN_POINT('',(33.54,11.2,4.));
#6857=CARTESIAN_POINT('Origin',(35.34,11.2,4.));
#6858=CARTESIAN_POINT('',(33.54,11.2,0.));
#6859=CARTESIAN_POINT('',(33.54,11.2,0.));
#6860=CARTESIAN_POINT('Origin',(35.34,11.2,0.));
#6861=CARTESIAN_POINT('Origin',(-4.66,11.2,0.));
#6862=CARTESIAN_POINT('',(-6.46,11.2,4.));
#6863=CARTESIAN_POINT('Origin',(-4.66,11.2,4.));
#6864=CARTESIAN_POINT('',(-6.46,11.2,0.));
#6865=CARTESIAN_POINT('Origin',(-4.66,11.2,0.));
#6866=CARTESIAN_POINT('',(-7.31398784806386,6.96250681388991,4.));
#6867=CARTESIAN_POINT('',(-7.31398784806386,6.96250681388991,0.));
#6868=CARTESIAN_POINT('',(-7.31398784806387,15.4374931861101,4.));
#6869=CARTESIAN_POINT('Origin',(-4.66,11.2,4.));
#6870=CARTESIAN_POINT('',(-7.31398784806387,15.4374931861101,0.));
#6871=CARTESIAN_POINT('Origin',(1.46446609406726,20.9355339059327,0.));
#6872=CARTESIAN_POINT('',(1.46446609406726,20.9355339059327,4.));
#6873=CARTESIAN_POINT('',(-7.31398784806387,15.4374931861101,4.));
#6874=CARTESIAN_POINT('',(1.46446609406726,20.9355339059327,0.));
#6875=CARTESIAN_POINT('Origin',(5.,17.4,0.));
#6876=CARTESIAN_POINT('',(5.,22.4,4.));
#6877=CARTESIAN_POINT('Origin',(5.,17.4,4.));
#6878=CARTESIAN_POINT('',(5.,22.4,0.));
#6879=CARTESIAN_POINT('Origin',(25.68,22.4,0.));
#6880=CARTESIAN_POINT('',(25.68,22.4,4.));
#6881=CARTESIAN_POINT('',(25.68,22.4,4.));
#6882=CARTESIAN_POINT('',(25.68,22.4,0.));
#6883=CARTESIAN_POINT('Origin',(25.68,17.4,0.));
#6884=CARTESIAN_POINT('',(28.3807050238103,21.6078726661302,4.));
#6885=CARTESIAN_POINT('Origin',(25.68,17.4,4.));
#6886=CARTESIAN_POINT('',(28.3807050238103,21.6078726661302,0.));
#6887=CARTESIAN_POINT('',(28.3807050238103,21.6078726661302,0.));
#6888=CARTESIAN_POINT('Origin',(25.68,17.4,0.));
#6889=CARTESIAN_POINT('Origin',(38.0407050238103,15.4078726661302,0.));
#6890=CARTESIAN_POINT('',(38.0407050238103,15.4078726661302,0.));
#6891=CARTESIAN_POINT('',(38.0407050238103,15.4078726661302,0.));
#6892=CARTESIAN_POINT('',(38.0407050238103,15.4078726661302,4.));
#6893=CARTESIAN_POINT('',(38.0407050238103,15.4078726661302,4.));
#6894=CARTESIAN_POINT('',(38.0407050238103,15.4078726661302,0.));
#6895=CARTESIAN_POINT('Origin',(35.34,11.2,0.));
#6896=CARTESIAN_POINT('',(37.9939878480639,6.96250681388991,0.));
#6897=CARTESIAN_POINT('Origin',(35.34,11.2,0.));
#6898=CARTESIAN_POINT('',(37.9939878480639,6.96250681388991,4.));
#6899=CARTESIAN_POINT('Origin',(35.34,11.2,4.));
#6900=CARTESIAN_POINT('',(37.9939878480639,6.96250681388991,0.));
#6901=CARTESIAN_POINT('Origin',(29.2155339059327,1.46446609406726,0.));
#6902=CARTESIAN_POINT('',(29.2155339059327,1.46446609406726,0.));
#6903=CARTESIAN_POINT('',(37.9939878480639,6.96250681388991,0.));
#6904=CARTESIAN_POINT('',(29.2155339059327,1.46446609406726,4.));
#6905=CARTESIAN_POINT('',(37.9939878480639,6.96250681388991,4.));
#6906=CARTESIAN_POINT('',(29.2155339059327,1.46446609406726,0.));
#6907=CARTESIAN_POINT('Origin',(25.68,5.,0.));
#6908=CARTESIAN_POINT('',(25.68,0.,4.));
#6909=CARTESIAN_POINT('Origin',(25.68,5.,4.));
#6910=CARTESIAN_POINT('',(25.68,0.,0.));
#6911=CARTESIAN_POINT('Origin',(25.68,5.,0.));
#6912=CARTESIAN_POINT('Origin',(5.,0.,0.));
#6913=CARTESIAN_POINT('',(5.,0.,4.));
#6914=CARTESIAN_POINT('',(5.,0.,4.));
#6915=CARTESIAN_POINT('',(5.,0.,0.));
#6916=CARTESIAN_POINT('Origin',(4.99999999999999,4.99999999999999,0.));
#6917=CARTESIAN_POINT('',(1.46446609406726,1.46446609406726,4.));
#6918=CARTESIAN_POINT('Origin',(4.99999999999999,4.99999999999999,4.));
#6919=CARTESIAN_POINT('',(1.46446609406726,1.46446609406726,0.));
#6920=CARTESIAN_POINT('Origin',(-7.31398784806386,6.96250681388991,0.));
#6921=CARTESIAN_POINT('',(-7.31398784806386,6.96250681388991,4.));
#6922=CARTESIAN_POINT('Origin',(15.34,11.2,4.));
#6923=CARTESIAN_POINT('Origin',(15.34,11.2,0.));
#6924=CARTESIAN_POINT('',(0.,0.,0.));
#6925=CARTESIAN_POINT('Origin',(41.9000006407499,29.900000461936,0.));
#6926=CARTESIAN_POINT('',(40.9000006407499,29.900000461936,0.));
#6927=CARTESIAN_POINT('Origin',(41.9000006407499,29.900000461936,0.));
#6928=CARTESIAN_POINT('',(40.9000006407499,29.900000461936,1.25));
#6929=CARTESIAN_POINT('',(40.9000006407499,29.900000461936,0.));
#6930=CARTESIAN_POINT('Origin',(41.9000006407499,29.900000461936,1.25));
#6931=CARTESIAN_POINT('Origin',(1.1,29.900000461936,0.));
#6932=CARTESIAN_POINT('',(0.1,29.900000461936,0.));
#6933=CARTESIAN_POINT('Origin',(1.1,29.900000461936,0.));
#6934=CARTESIAN_POINT('',(0.1,29.900000461936,1.25));
#6935=CARTESIAN_POINT('',(0.1,29.900000461936,0.));
#6936=CARTESIAN_POINT('Origin',(1.1,29.900000461936,1.25));
#6937=CARTESIAN_POINT('Origin',(41.9000006407499,1.1,0.));
#6938=CARTESIAN_POINT('',(40.9000006407499,1.1,0.));
#6939=CARTESIAN_POINT('Origin',(41.9000006407499,1.1,0.));
#6940=CARTESIAN_POINT('',(40.9000006407499,1.1,1.25));
#6941=CARTESIAN_POINT('',(40.9000006407499,1.1,0.));
#6942=CARTESIAN_POINT('Origin',(41.9000006407499,1.1,1.25));
#6943=CARTESIAN_POINT('Origin',(1.1,1.1,0.));
#6944=CARTESIAN_POINT('',(0.1,1.1,0.));
#6945=CARTESIAN_POINT('Origin',(1.1,1.1,0.));
#6946=CARTESIAN_POINT('',(0.1,1.1,1.25));
#6947=CARTESIAN_POINT('',(0.1,1.1,0.));
#6948=CARTESIAN_POINT('Origin',(1.1,1.1,1.25));
#6949=CARTESIAN_POINT('Origin',(38.,21.5,0.));
#6950=CARTESIAN_POINT('',(43.,21.5,0.));
#6951=CARTESIAN_POINT('',(38.,21.5,0.));
#6952=CARTESIAN_POINT('',(29.75,21.5,0.));
#6953=CARTESIAN_POINT('',(43.,21.5,-8.5));
#6954=CARTESIAN_POINT('',(43.,21.5,0.));
#6955=CARTESIAN_POINT('',(38.,21.5,-8.5));
#6956=CARTESIAN_POINT('',(43.,21.5,-8.5));
#6957=CARTESIAN_POINT('',(38.,21.5,0.));
#6958=CARTESIAN_POINT('Origin',(38.,9.5,0.));
#6959=CARTESIAN_POINT('',(38.,9.5,0.));
#6960=CARTESIAN_POINT('',(38.,12.5,0.));
#6961=CARTESIAN_POINT('',(38.,9.5,-8.5));
#6962=CARTESIAN_POINT('',(38.,21.5,-8.5));
#6963=CARTESIAN_POINT('',(38.,9.5,0.));
#6964=CARTESIAN_POINT('Origin',(43.,9.5,0.));
#6965=CARTESIAN_POINT('',(43.,9.5,0.));
#6966=CARTESIAN_POINT('',(32.25,9.5,0.));
#6967=CARTESIAN_POINT('',(43.,9.5,-8.5));
#6968=CARTESIAN_POINT('',(38.,9.5,-8.5));
#6969=CARTESIAN_POINT('',(43.,9.5,0.));
#6970=CARTESIAN_POINT('Origin',(40.5,15.5,-8.5));
#6971=CARTESIAN_POINT('',(43.,9.5,-8.5));
#6972=CARTESIAN_POINT('Origin',(3.34,31.,0.));
#6973=CARTESIAN_POINT('',(3.34,0.,1.25));
#6974=CARTESIAN_POINT('',(3.34,31.,1.25));
#6975=CARTESIAN_POINT('',(3.34,23.25,1.25));
#6976=CARTESIAN_POINT('',(3.34,0.,4.4));
#6977=CARTESIAN_POINT('',(3.34,0.,0.));
#6978=CARTESIAN_POINT('',(3.34,31.,4.4));
#6979=CARTESIAN_POINT('',(3.34,31.,4.4));
#6980=CARTESIAN_POINT('',(3.34,31.,0.));
#6981=CARTESIAN_POINT('Origin',(40.34,0.,0.));
#6982=CARTESIAN_POINT('',(40.34,31.,1.25));
#6983=CARTESIAN_POINT('',(40.34,0.,1.25));
#6984=CARTESIAN_POINT('',(40.34,7.75,1.25));
#6985=CARTESIAN_POINT('',(40.34,31.,4.4));
#6986=CARTESIAN_POINT('',(40.34,31.,0.));
#6987=CARTESIAN_POINT('',(40.34,0.,4.4));
#6988=CARTESIAN_POINT('',(40.34,0.,4.4));
#6989=CARTESIAN_POINT('',(40.34,0.,0.));
#6990=CARTESIAN_POINT('Origin',(21.84,15.5,4.4));
#6991=CARTESIAN_POINT('',(3.34,0.,4.4));
#6992=CARTESIAN_POINT('',(40.34,31.,4.4));
#6993=CARTESIAN_POINT('Origin',(21.5,15.5,0.));
#6994=CARTESIAN_POINT('',(43.,0.,0.));
#6995=CARTESIAN_POINT('',(43.,9.5,0.));
#6996=CARTESIAN_POINT('',(0.,0.,0.));
#6997=CARTESIAN_POINT('',(0.,0.,0.));
#6998=CARTESIAN_POINT('',(0.,31.,0.));
#6999=CARTESIAN_POINT('',(0.,31.,0.));
#7000=CARTESIAN_POINT('',(43.,31.,0.));
#7001=CARTESIAN_POINT('',(43.,31.,0.));
#7002=CARTESIAN_POINT('',(43.,9.5,0.));
#7003=CARTESIAN_POINT('Origin',(21.5,15.5,1.25));
#7004=CARTESIAN_POINT('',(43.,0.,1.25));
#7005=CARTESIAN_POINT('',(0.,0.,1.25));
#7006=CARTESIAN_POINT('',(43.,31.,1.25));
#7007=CARTESIAN_POINT('',(43.,9.5,1.25));
#7008=CARTESIAN_POINT('',(43.,31.,1.25));
#7009=CARTESIAN_POINT('Origin',(0.,0.,0.));
#7010=CARTESIAN_POINT('',(0.,0.,1.25));
#7011=CARTESIAN_POINT('',(0.,0.,1.25));
#7012=CARTESIAN_POINT('',(0.,0.,0.));
#7013=CARTESIAN_POINT('',(43.,0.,0.));
#7014=CARTESIAN_POINT('Origin',(0.,31.,0.));
#7015=CARTESIAN_POINT('',(0.,31.,1.25));
#7016=CARTESIAN_POINT('',(0.,31.,1.25));
#7017=CARTESIAN_POINT('',(0.,31.,0.));
#7018=CARTESIAN_POINT('Origin',(43.,31.,0.));
#7019=CARTESIAN_POINT('',(43.,31.,1.25));
#7020=CARTESIAN_POINT('',(43.,31.,0.));
#7021=CARTESIAN_POINT('Origin',(43.,0.,0.));
#7022=CARTESIAN_POINT('Origin',(21.5,15.5,1.25));
#7023=CARTESIAN_POINT('',(0.,0.,0.));
#7024=CARTESIAN_POINT('',(44.9999999999999,39.9930598295339,-0.372498648799008));
#7025=CARTESIAN_POINT('',(84.9999999999998,39.993059829534,-0.372498648799006));
#7026=CARTESIAN_POINT('',(125.,39.9930598295339,-0.372498648799004));
#7027=CARTESIAN_POINT('',(255.,69.9930598295342,-0.372498648798997));
#7028=CARTESIAN_POINT('',(64.9999999999999,69.993059829534,-0.372498648799007));
#7029=CARTESIAN_POINT('',(105.,69.993059829534,-0.372498648799005));
#7030=CARTESIAN_POINT('',(175.,69.9930598295342,-0.372498648799001));
#7031=CARTESIAN_POINT('',(215.,69.9930598295342,-0.372498648798999));
#7032=CARTESIAN_POINT('',(350.,29.9999999999999,-10.0000000000001));
#7033=CARTESIAN_POINT('',(355.789018961445,106.340981038554,-2.70892026417297E-13));
#7034=CARTESIAN_POINT('',(259.904007123168,34.8950170738346,-0.16931421207441));
#7035=CARTESIAN_POINT('',(22.0204123391326,112.983453056464,14.9961346044036));
#7036=CARTESIAN_POINT('',(374.147568045853,136.547568045854,-1.38784501311049E-14));
#7037=CARTESIAN_POINT('',(302.576826730751,68.576826731563,-3.05311331771919E-14));
#7038=UNCERTAINTY_MEASURE_WITH_UNIT(LENGTH_MEASURE(0.01),#7058,
'DISTANCE_ACCURACY_VALUE',
'Maximum model space distance between geometric entities at asserted c
onnectivities');
#7039=UNCERTAINTY_MEASURE_WITH_UNIT(LENGTH_MEASURE(0.01),#7058,
'DISTANCE_ACCURACY_VALUE',
'Maximum model space distance between geometric entities at asserted c
onnectivities');
#7040=UNCERTAINTY_MEASURE_WITH_UNIT(LENGTH_MEASURE(0.01),#7058,
'DISTANCE_ACCURACY_VALUE',
'Maximum model space distance between geometric entities at asserted c
onnectivities');
#7041=UNCERTAINTY_MEASURE_WITH_UNIT(LENGTH_MEASURE(0.01),#7058,
'DISTANCE_ACCURACY_VALUE',
'Maximum model space distance between geometric entities at asserted c
onnectivities');
#7042=UNCERTAINTY_MEASURE_WITH_UNIT(LENGTH_MEASURE(0.01),#7058,
'DISTANCE_ACCURACY_VALUE',
'Maximum model space distance between geometric entities at asserted c
onnectivities');
#7043=UNCERTAINTY_MEASURE_WITH_UNIT(LENGTH_MEASURE(0.01),#7058,
'DISTANCE_ACCURACY_VALUE',
'Maximum model space distance between geometric entities at asserted c
onnectivities');
#7044=UNCERTAINTY_MEASURE_WITH_UNIT(LENGTH_MEASURE(0.01),#7058,
'DISTANCE_ACCURACY_VALUE',
'Maximum model space distance between geometric entities at asserted c
onnectivities');
#7045=UNCERTAINTY_MEASURE_WITH_UNIT(LENGTH_MEASURE(0.01),#7058,
'DISTANCE_ACCURACY_VALUE',
'Maximum model space distance between geometric entities at asserted c
onnectivities');
#7046=UNCERTAINTY_MEASURE_WITH_UNIT(LENGTH_MEASURE(0.01),#7058,
'DISTANCE_ACCURACY_VALUE',
'Maximum model space distance between geometric entities at asserted c
onnectivities');
#7047=UNCERTAINTY_MEASURE_WITH_UNIT(LENGTH_MEASURE(0.01),#7058,
'DISTANCE_ACCURACY_VALUE',
'Maximum model space distance between geometric entities at asserted c
onnectivities');
#7048=(
GEOMETRIC_REPRESENTATION_CONTEXT(3)
GLOBAL_UNCERTAINTY_ASSIGNED_CONTEXT((#7038))
GLOBAL_UNIT_ASSIGNED_CONTEXT((#7058,#7060,#7061))
REPRESENTATION_CONTEXT('','3D')
);
#7049=(
GEOMETRIC_REPRESENTATION_CONTEXT(3)
GLOBAL_UNCERTAINTY_ASSIGNED_CONTEXT((#7039))
GLOBAL_UNIT_ASSIGNED_CONTEXT((#7058,#7060,#7061))
REPRESENTATION_CONTEXT('','3D')
);
#7050=(
GEOMETRIC_REPRESENTATION_CONTEXT(3)
GLOBAL_UNCERTAINTY_ASSIGNED_CONTEXT((#7040))
GLOBAL_UNIT_ASSIGNED_CONTEXT((#7058,#7060,#7061))
REPRESENTATION_CONTEXT('','3D')
);
#7051=(
GEOMETRIC_REPRESENTATION_CONTEXT(3)
GLOBAL_UNCERTAINTY_ASSIGNED_CONTEXT((#7041))
GLOBAL_UNIT_ASSIGNED_CONTEXT((#7058,#7060,#7061))
REPRESENTATION_CONTEXT('','3D')
);
#7052=(
GEOMETRIC_REPRESENTATION_CONTEXT(3)
GLOBAL_UNCERTAINTY_ASSIGNED_CONTEXT((#7042))
GLOBAL_UNIT_ASSIGNED_CONTEXT((#7058,#7060,#7061))
REPRESENTATION_CONTEXT('','3D')
);
#7053=(
GEOMETRIC_REPRESENTATION_CONTEXT(3)
GLOBAL_UNCERTAINTY_ASSIGNED_CONTEXT((#7043))
GLOBAL_UNIT_ASSIGNED_CONTEXT((#7058,#7060,#7061))
REPRESENTATION_CONTEXT('','3D')
);
#7054=(
GEOMETRIC_REPRESENTATION_CONTEXT(3)
GLOBAL_UNCERTAINTY_ASSIGNED_CONTEXT((#7044))
GLOBAL_UNIT_ASSIGNED_CONTEXT((#7058,#7060,#7061))
REPRESENTATION_CONTEXT('','3D')
);
#7055=(
GEOMETRIC_REPRESENTATION_CONTEXT(3)
GLOBAL_UNCERTAINTY_ASSIGNED_CONTEXT((#7045))
GLOBAL_UNIT_ASSIGNED_CONTEXT((#7058,#7060,#7061))
REPRESENTATION_CONTEXT('','3D')
);
#7056=(
GEOMETRIC_REPRESENTATION_CONTEXT(3)
GLOBAL_UNCERTAINTY_ASSIGNED_CONTEXT((#7046))
GLOBAL_UNIT_ASSIGNED_CONTEXT((#7058,#7060,#7061))
REPRESENTATION_CONTEXT('','3D')
);
#7057=(
GEOMETRIC_REPRESENTATION_CONTEXT(3)
GLOBAL_UNCERTAINTY_ASSIGNED_CONTEXT((#7047))
GLOBAL_UNIT_ASSIGNED_CONTEXT((#7058,#7060,#7061))
REPRESENTATION_CONTEXT('','3D')
);
#7058=(
LENGTH_UNIT()
NAMED_UNIT(*)
SI_UNIT(.MILLI.,.METRE.)
);
#7059=(
LENGTH_UNIT()
NAMED_UNIT(*)
SI_UNIT($,.METRE.)
);
#7060=(
NAMED_UNIT(*)
PLANE_ANGLE_UNIT()
SI_UNIT($,.RADIAN.)
);
#7061=(
NAMED_UNIT(*)
SI_UNIT($,.STERADIAN.)
SOLID_ANGLE_UNIT()
);
#7062=SHAPE_DEFINITION_REPRESENTATION(#7071,#7095);
#7063=SHAPE_DEFINITION_REPRESENTATION(#7072,#7096);
#7064=SHAPE_DEFINITION_REPRESENTATION(#7073,#7097);
#7065=SHAPE_DEFINITION_REPRESENTATION(#7074,#7098);
#7066=SHAPE_DEFINITION_REPRESENTATION(#7075,#7099);
#7067=SHAPE_DEFINITION_REPRESENTATION(#7076,#7100);
#7068=SHAPE_DEFINITION_REPRESENTATION(#7077,#7101);
#7069=SHAPE_DEFINITION_REPRESENTATION(#7078,#7102);
#7070=SHAPE_DEFINITION_REPRESENTATION(#7079,#7103);
#7071=PRODUCT_DEFINITION_SHAPE('',$,#7105);
#7072=PRODUCT_DEFINITION_SHAPE('',$,#7106);
#7073=PRODUCT_DEFINITION_SHAPE('',$,#7107);
#7074=PRODUCT_DEFINITION_SHAPE('',$,#7108);
#7075=PRODUCT_DEFINITION_SHAPE('',$,#7109);
#7076=PRODUCT_DEFINITION_SHAPE('',$,#7110);
#7077=PRODUCT_DEFINITION_SHAPE('',$,#7111);
#7078=PRODUCT_DEFINITION_SHAPE('',$,#7112);
#7079=PRODUCT_DEFINITION_SHAPE('',$,#7113);
#7080=PRODUCT_DEFINITION_SHAPE($,$,#56);
#7081=PRODUCT_DEFINITION_SHAPE($,$,#57);
#7082=PRODUCT_DEFINITION_SHAPE($,$,#58);
#7083=PRODUCT_DEFINITION_SHAPE($,$,#59);
#7084=PRODUCT_DEFINITION_SHAPE($,$,#60);
#7085=PRODUCT_DEFINITION_SHAPE($,$,#61);
#7086=PRODUCT_DEFINITION_SHAPE($,$,#62);
#7087=PRODUCT_DEFINITION_SHAPE($,$,#63);
#7088=PRODUCT_DEFINITION_SHAPE($,$,#64);
#7089=PRODUCT_DEFINITION_SHAPE($,$,#65);
#7090=PRODUCT_DEFINITION_SHAPE($,$,#66);
#7091=PRODUCT_DEFINITION_SHAPE($,$,#67);
#7092=PRODUCT_DEFINITION_SHAPE($,$,#68);
#7093=PRODUCT_DEFINITION_SHAPE($,$,#69);
#7094=PRODUCT_DEFINITION_SHAPE($,$,#70);
#7095=SHAPE_REPRESENTATION('',(#4202,#4546,#4547,#4548,#4549,#4550,#4551,
#4552,#4553,#4554,#4555,#4556,#4557,#4558,#4559,#4560),#7048);
#7096=SHAPE_REPRESENTATION('',(#4203),#7049);
#7097=SHAPE_REPRESENTATION('',(#4210),#7050);
#7098=SHAPE_REPRESENTATION('',(#4333),#7051);
#7099=SHAPE_REPRESENTATION('',(#4371),#7052);
#7100=SHAPE_REPRESENTATION('',(#4409),#7053);
#7101=SHAPE_REPRESENTATION('',(#4447),#7054);
#7102=SHAPE_REPRESENTATION('',(#4470),#7055);
#7103=SHAPE_REPRESENTATION('',(#4519),#7056);
#7104=PRODUCT_DEFINITION_CONTEXT('part definition',#7133,'design');
#7105=PRODUCT_DEFINITION('interface','interface v1',#7114,#7104);
#7106=PRODUCT_DEFINITION('Component1','Component1',#7115,#7104);
#7107=PRODUCT_DEFINITION('potentiometer','potentiometer v1',#7116,#7104);
#7108=PRODUCT_DEFINITION('joystick','joystick v1',#7117,#7104);
#7109=PRODUCT_DEFINITION('on_off_switch','on_off_switch v1',#7118,#7104);
#7110=PRODUCT_DEFINITION('analog switch','analog switch v1',#7119,#7104);
#7111=PRODUCT_DEFINITION('guitar jack','guitar jack v1',#7120,#7104);
#7112=PRODUCT_DEFINITION('power port','power port v1',#7121,#7104);
#7113=PRODUCT_DEFINITION('ULCD screen','ULCD screen v2',#7122,#7104);
#7114=PRODUCT_DEFINITION_FORMATION('',$,#7135);
#7115=PRODUCT_DEFINITION_FORMATION('',$,#7136);
#7116=PRODUCT_DEFINITION_FORMATION('',$,#7137);
#7117=PRODUCT_DEFINITION_FORMATION('',$,#7138);
#7118=PRODUCT_DEFINITION_FORMATION('',$,#7139);
#7119=PRODUCT_DEFINITION_FORMATION('',$,#7140);
#7120=PRODUCT_DEFINITION_FORMATION('',$,#7141);
#7121=PRODUCT_DEFINITION_FORMATION('',$,#7142);
#7122=PRODUCT_DEFINITION_FORMATION('',$,#7143);
#7123=PRODUCT_RELATED_PRODUCT_CATEGORY('interface v1','interface v1',(#7135));
#7124=PRODUCT_RELATED_PRODUCT_CATEGORY('Component1','Component1',(#7136));
#7125=PRODUCT_RELATED_PRODUCT_CATEGORY('potentiometer v1',
'potentiometer v1',(#7137));
#7126=PRODUCT_RELATED_PRODUCT_CATEGORY('joystick v1','joystick v1',(#7138));
#7127=PRODUCT_RELATED_PRODUCT_CATEGORY('on_off_switch v1',
'on_off_switch v1',(#7139));
#7128=PRODUCT_RELATED_PRODUCT_CATEGORY('analog switch v1',
'analog switch v1',(#7140));
#7129=PRODUCT_RELATED_PRODUCT_CATEGORY('guitar jack v1',
'guitar jack v1',(#7141));
#7130=PRODUCT_RELATED_PRODUCT_CATEGORY('power port v1','power port v1',
(#7142));
#7131=PRODUCT_RELATED_PRODUCT_CATEGORY('ULCD screen v2',
'ULCD screen v2',(#7143));
#7132=APPLICATION_PROTOCOL_DEFINITION('international standard',
'automotive_design',2009,#7133);
#7133=APPLICATION_CONTEXT(
'Core Data for Automotive Mechanical Design Process');
#7134=PRODUCT_CONTEXT('part definition',#7133,'mechanical');
#7135=PRODUCT('interface','interface v1',$,(#7134));
#7136=PRODUCT('Component1','Component1',$,(#7134));
#7137=PRODUCT('potentiometer','potentiometer v1',$,(#7134));
#7138=PRODUCT('joystick','joystick v1',$,(#7134));
#7139=PRODUCT('on_off_switch','on_off_switch v1',$,(#7134));
#7140=PRODUCT('analog switch','analog switch v1',$,(#7134));
#7141=PRODUCT('guitar jack','guitar jack v1',$,(#7134));
#7142=PRODUCT('power port','power port v1',$,(#7134));
#7143=PRODUCT('ULCD screen','ULCD screen v2',$,(#7134));
#7144=PRESENTATION_STYLE_ASSIGNMENT((#7145));
#7145=SURFACE_STYLE_USAGE(.BOTH.,#7146);
#7146=SURFACE_SIDE_STYLE('',(#7147));
#7147=SURFACE_STYLE_FILL_AREA(#7148);
#7148=FILL_AREA_STYLE('Steel - Satin',(#7149));
#7149=FILL_AREA_STYLE_COLOUR('Steel - Satin',#7150);
#7150=COLOUR_RGB('Steel - Satin',0.627450980392157,0.627450980392157,0.627450980392157);
ENDSEC;
END-ISO-10303-21;
